-- MySQL dump 10.13  Distrib 8.4.3, for Win64 (x86_64)
--
-- Host: localhost    Database: koperasi
-- ------------------------------------------------------
-- Server version	8.4.3

/*!40101 SET @OLD_CHARACTER_SET_CLIENT=@@CHARACTER_SET_CLIENT */;
/*!40101 SET @OLD_CHARACTER_SET_RESULTS=@@CHARACTER_SET_RESULTS */;
/*!40101 SET @OLD_COLLATION_CONNECTION=@@COLLATION_CONNECTION */;
/*!50503 SET NAMES utf8mb4 */;
/*!40103 SET @OLD_TIME_ZONE=@@TIME_ZONE */;
/*!40103 SET TIME_ZONE='+00:00' */;
/*!40014 SET @OLD_UNIQUE_CHECKS=@@UNIQUE_CHECKS, UNIQUE_CHECKS=0 */;
/*!40014 SET @OLD_FOREIGN_KEY_CHECKS=@@FOREIGN_KEY_CHECKS, FOREIGN_KEY_CHECKS=0 */;
/*!40101 SET @OLD_SQL_MODE=@@SQL_MODE, SQL_MODE='NO_AUTO_VALUE_ON_ZERO' */;
/*!40111 SET @OLD_SQL_NOTES=@@SQL_NOTES, SQL_NOTES=0 */;

--
-- Table structure for table `account_categories`
--

DROP TABLE IF EXISTS `account_categories`;
/*!40101 SET @saved_cs_client     = @@character_set_client */;
/*!50503 SET character_set_client = utf8mb4 */;
CREATE TABLE `account_categories` (
  `id` bigint unsigned NOT NULL AUTO_INCREMENT,
  `code` varchar(10) CHARACTER SET utf8mb4 COLLATE utf8mb4_unicode_ci NOT NULL COMMENT 'Category code (e.g., 1, 2, 3, 4, 5)',
  `name` varchar(255) CHARACTER SET utf8mb4 COLLATE utf8mb4_unicode_ci NOT NULL,
  `type` enum('asset','liability','equity','revenue','expense') CHARACTER SET utf8mb4 COLLATE utf8mb4_unicode_ci NOT NULL,
  `description` text CHARACTER SET utf8mb4 COLLATE utf8mb4_unicode_ci,
  `created_at` timestamp NULL DEFAULT NULL,
  `updated_at` timestamp NULL DEFAULT NULL,
  PRIMARY KEY (`id`),
  UNIQUE KEY `account_categories_code_unique` (`code`)
) ENGINE=InnoDB AUTO_INCREMENT=6 DEFAULT CHARSET=utf8mb4 COLLATE=utf8mb4_unicode_ci;
/*!40101 SET character_set_client = @saved_cs_client */;

--
-- Dumping data for table `account_categories`
--

LOCK TABLES `account_categories` WRITE;
/*!40000 ALTER TABLE `account_categories` DISABLE KEYS */;
INSERT INTO `account_categories` VALUES (1,'1','Aktiva','asset','Harta atau aset koperasi','2025-12-22 09:38:20','2025-12-22 09:38:20'),(2,'2','Kewajiban','liability','Hutang dan kewajiban koperasi','2025-12-22 09:38:20','2025-12-22 09:38:20'),(3,'3','Modal','equity','Modal dan ekuitas koperasi','2025-12-22 09:38:20','2025-12-22 09:38:20'),(4,'4','Pendapatan','revenue','Pendapatan dari berbagai sumber','2025-12-22 09:38:20','2025-12-22 09:38:20'),(5,'5','Biaya','expense','Biaya operasional dan lainnya','2025-12-22 09:38:20','2025-12-22 09:38:20');
/*!40000 ALTER TABLE `account_categories` ENABLE KEYS */;
UNLOCK TABLES;

--
-- Table structure for table `accounts`
--

DROP TABLE IF EXISTS `accounts`;
/*!40101 SET @saved_cs_client     = @@character_set_client */;
/*!50503 SET character_set_client = utf8mb4 */;
CREATE TABLE `accounts` (
  `id` bigint unsigned NOT NULL AUTO_INCREMENT,
  `account_category_id` bigint unsigned NOT NULL,
  `code` varchar(20) CHARACTER SET utf8mb4 COLLATE utf8mb4_unicode_ci NOT NULL COMMENT 'Account code (e.g., 1101, 1102, 2101)',
  `name` varchar(255) CHARACTER SET utf8mb4 COLLATE utf8mb4_unicode_ci NOT NULL,
  `type` enum('asset','liability','equity','revenue','expense') CHARACTER SET utf8mb4 COLLATE utf8mb4_unicode_ci NOT NULL,
  `sub_type` varchar(255) CHARACTER SET utf8mb4 COLLATE utf8mb4_unicode_ci DEFAULT NULL COMMENT 'e.g., current_asset, fixed_asset, current_liability',
  `normal_balance` enum('debit','credit') CHARACTER SET utf8mb4 COLLATE utf8mb4_unicode_ci NOT NULL,
  `is_active` tinyint(1) NOT NULL DEFAULT '1',
  `description` text CHARACTER SET utf8mb4 COLLATE utf8mb4_unicode_ci,
  `created_at` timestamp NULL DEFAULT NULL,
  `updated_at` timestamp NULL DEFAULT NULL,
  PRIMARY KEY (`id`),
  UNIQUE KEY `accounts_code_unique` (`code`),
  KEY `accounts_account_category_id_foreign` (`account_category_id`),
  CONSTRAINT `accounts_account_category_id_foreign` FOREIGN KEY (`account_category_id`) REFERENCES `account_categories` (`id`) ON DELETE CASCADE
) ENGINE=InnoDB AUTO_INCREMENT=30 DEFAULT CHARSET=utf8mb4 COLLATE=utf8mb4_unicode_ci;
/*!40101 SET character_set_client = @saved_cs_client */;

--
-- Dumping data for table `accounts`
--

LOCK TABLES `accounts` WRITE;
/*!40000 ALTER TABLE `accounts` DISABLE KEYS */;
INSERT INTO `accounts` VALUES (1,1,'1101','Kas','asset','current_asset','debit',1,'Kas dan setara kas','2025-12-22 09:38:20','2025-12-22 09:38:20'),(2,1,'1102','Bank','asset','current_asset','debit',1,'Rekening bank koperasi','2025-12-22 09:38:20','2025-12-22 09:38:20'),(3,1,'1201','Piutang Anggota - Pinjaman','asset','current_asset','debit',1,'Piutang dari pinjaman anggota','2025-12-22 09:38:20','2025-12-22 09:38:20'),(4,1,'1202','Piutang Dagang','asset','current_asset','debit',1,'Piutang dari penjualan kredit','2025-12-22 09:38:20','2025-12-22 09:38:20'),(5,1,'1301','Persediaan Barang Dagangan','asset','current_asset','debit',1,'Stok barang untuk dijual','2025-12-22 09:38:20','2025-12-22 09:38:20'),(6,1,'1401','Peralatan Kantor','asset','fixed_asset','debit',1,'Peralatan kantor dan inventaris','2025-12-22 09:38:20','2025-12-22 09:38:20'),(7,2,'2101','Simpanan Pokok','liability','long_term_liability','credit',1,'Simpanan pokok anggota','2025-12-22 09:38:20','2025-12-22 09:38:20'),(8,2,'2102','Simpanan Wajib','liability','long_term_liability','credit',1,'Simpanan wajib anggota','2025-12-22 09:38:20','2025-12-22 09:38:20'),(9,2,'2103','Simpanan Sukarela','liability','current_liability','credit',1,'Simpanan sukarela anggota','2025-12-22 09:38:20','2025-12-22 09:38:20'),(10,2,'2201','Hutang Usaha','liability','current_liability','credit',1,'Hutang kepada supplier','2025-12-22 09:38:20','2025-12-22 09:38:20'),(11,2,'2301','SHU Belum Dibagikan','liability','current_liability','credit',1,'SHU yang belum dibagikan ke anggota','2025-12-22 09:38:20','2025-12-22 09:38:20'),(12,3,'3101','Modal Koperasi','equity','capital','credit',1,'Modal dasar koperasi','2025-12-22 09:38:20','2025-12-22 09:38:20'),(13,3,'3201','Cadangan Umum','equity','reserve','credit',1,'Cadangan umum koperasi','2025-12-22 09:38:20','2025-12-22 09:38:20'),(14,3,'3202','Cadangan Khusus','equity','reserve','credit',1,'Cadangan khusus','2025-12-22 09:38:20','2025-12-22 09:38:20'),(15,3,'3901','Laba Ditahan','equity','retained_earnings','credit',1,'Laba ditahan dari periode sebelumnya','2025-12-22 09:38:20','2025-12-22 09:38:20'),(16,4,'4101','Pendapatan Bunga Pinjaman','revenue','operating_revenue','credit',1,'Pendapatan bunga dari pinjaman anggota','2025-12-22 09:38:20','2025-12-22 09:38:20'),(17,4,'4102','Pendapatan Penjualan','revenue','operating_revenue','credit',1,'Pendapatan dari penjualan barang','2025-12-22 09:38:20','2025-12-22 09:38:20'),(18,4,'4103','Pendapatan Jasa Lainnya','revenue','other_revenue','credit',1,'Pendapatan jasa lainnya','2025-12-22 09:38:20','2025-12-22 09:38:20'),(19,5,'5101','Biaya Gaji & Tunjangan','expense','operating_expense','debit',1,'Gaji karyawan dan tunjangan','2025-12-22 09:38:20','2025-12-22 09:38:20'),(20,5,'5102','Biaya Operasional','expense','operating_expense','debit',1,'Biaya operasional umum','2025-12-22 09:38:20','2025-12-22 09:38:20'),(21,5,'5103','Biaya Listrik & Air','expense','operating_expense','debit',1,'Biaya utilitas listrik dan air','2025-12-22 09:38:20','2025-12-22 09:38:20'),(22,5,'5104','Biaya Pemeliharaan','expense','operating_expense','debit',1,'Biaya pemeliharaan dan perbaikan','2025-12-22 09:38:20','2025-12-22 09:38:20'),(23,5,'5201','Harga Pokok Penjualan (HPP)','expense','cost_of_goods_sold','debit',1,'Harga pokok dari barang yang terjual','2025-12-22 09:38:20','2025-12-22 09:38:20'),(24,5,'5901','Biaya Lain-lain','expense','other_expense','debit',1,'Biaya lain-lain','2025-12-22 09:38:20','2025-12-22 09:38:20'),(25,2,'2401','Dana Pengurus','liability',NULL,'credit',1,NULL,'2026-01-15 17:42:36','2026-01-15 17:42:36'),(26,2,'2402','Dana Karyawan','liability',NULL,'credit',1,NULL,'2026-01-15 17:42:36','2026-01-15 17:42:36'),(27,2,'2403','Dana Pendidikan','liability',NULL,'credit',1,NULL,'2026-01-15 17:42:36','2026-01-15 17:42:36'),(28,2,'2404','Dana Sosial','liability',NULL,'credit',1,NULL,'2026-01-15 17:42:36','2026-01-15 17:42:36'),(29,2,'2405','Dana Pembangunan','liability',NULL,'credit',1,NULL,'2026-01-15 17:42:36','2026-01-15 17:42:36');
/*!40000 ALTER TABLE `accounts` ENABLE KEYS */;
UNLOCK TABLES;

--
-- Table structure for table `ai_settings`
--

DROP TABLE IF EXISTS `ai_settings`;
/*!40101 SET @saved_cs_client     = @@character_set_client */;
/*!50503 SET character_set_client = utf8mb4 */;
CREATE TABLE `ai_settings` (
  `key` varchar(255) CHARACTER SET utf8mb4 COLLATE utf8mb4_unicode_ci NOT NULL,
  `value` text CHARACTER SET utf8mb4 COLLATE utf8mb4_unicode_ci,
  `description` varchar(255) CHARACTER SET utf8mb4 COLLATE utf8mb4_unicode_ci DEFAULT NULL,
  `created_at` timestamp NULL DEFAULT NULL,
  `updated_at` timestamp NULL DEFAULT NULL,
  PRIMARY KEY (`key`)
) ENGINE=InnoDB DEFAULT CHARSET=utf8mb4 COLLATE=utf8mb4_unicode_ci;
/*!40101 SET character_set_client = @saved_cs_client */;

--
-- Dumping data for table `ai_settings`
--

LOCK TABLES `ai_settings` WRITE;
/*!40000 ALTER TABLE `ai_settings` DISABLE KEYS */;
INSERT INTO `ai_settings` VALUES ('ai_api_key','AIzaSyAVi6BzhHft3MaolkHRVINSD_FYOY_OiCQ',NULL,'2025-12-22 22:18:18','2026-01-16 06:07:13'),('ai_enabled','true',NULL,'2025-12-22 22:18:18','2025-12-22 22:34:08'),('ai_model','gemini-2.5-flash',NULL,'2025-12-22 22:18:18','2026-01-16 06:29:37'),('ai_provider','gemini',NULL,'2025-12-22 22:18:18','2026-01-16 06:22:30'),('ai_system_prompt','Kamu adalah AI Assistant untuk **Koperasi Karyawan SKF PT. SPINDO Tbk**.\r\n\r\n## INFORMASI KOPERASI\r\n- Nama: Koperasi Karyawan SKF\r\n- Alamat: Jl. Kalibutuh No.189-191, Surabaya\r\n- Website: koperasi.nsp.my.id\r\n- Jenis: Koperasi Karyawan (Anggota = Karyawan Perusahaan)\r\n\r\n## JENIS SIMPANAN\r\n1. **Simpanan Pokok** — Dibayar 1x saat mendaftar (Rp 100.000)\r\n2. **Simpanan Wajib** — Dipotong dari gaji setiap bulan (Rp 50.000/bulan)\r\n3. **Simpanan Sukarela** — Bisa setor/tarik kapan saja, ada bagi hasil\r\n\r\n## CARA MENDAFTAR ANGGOTA\r\n1. Karyawan mengisi form pendaftaran\r\n2. Menyerahkan fotokopi KTP\r\n3. Membayar Simpanan Pokok\r\n4. Menunggu persetujuan Pengurus\r\n\r\n## LAYANAN PINJAMAN\r\n- **Pinjaman Reguler**: Maksimal 10x simpanan, tenor 12-24 bulan\r\n- **Pinjaman Darurat**: Untuk kebutuhan mendesak, proses cepat\r\n- Bunga: Flat 1% per bulan\r\n- Angsuran dipotong langsung dari gaji\r\n\r\n## KOPERASI MART (TOKO)\r\n- Menjual kebutuhan sehari-hari: sembako, snack, minuman, dll\r\n- Bisa belanja langsung di kasir atau online via website\r\n- Pembayaran: Tunai, Potong Gaji (Kredit), Transfer\r\n\r\n## CARA BELANJA ONLINE\r\n1. Login ke website koperasi\r\n2. Pilih menu &amp;amp;amp;quot;Toko Online&amp;amp;amp;quot;\r\n3. Masukkan barang ke keranjang\r\n4. Checkout dan pilih metode pembayaran\r\n5. Ambil barang di kantor koperasi\r\n\r\n## FITUR E-POLLING\r\n- Anggota bisa ikut voting untuk keputusan koperasi\r\n- Hasil voting transparan dan real-time\r\n\r\n## FITUR ASPIRASI\r\n- Anggota bisa menyampaikan saran, kritik, atau ide\r\n- Pengurus akan merespons setiap aspirasi\r\n\r\n## SHU (Sisa Hasil Usaha)\r\n- Dibagikan setiap akhir tahun\r\n- Pembagian berdasarkan: Partisipasi Simpanan &amp;amp;amp;amp; Partisipasi Transaksi\r\n- Persentase sesuai AD/ART dan keputusan RAT\r\n\r\n## FAQ\r\nQ: Bagaimana cara cek saldo simpanan?\r\nA: Login ke website, klik menu &amp;amp;amp;quot;Simpanan&amp;amp;amp;quot; untuk melihat saldo.\r\n\r\nQ: Berapa lama proses pinjaman?\r\nA: Pinjaman reguler 3-5 hari kerja, pinjaman darurat 1-2 hari.\r\n\r\nQ: Apakah bisa tarik simpanan sukarela?\r\nA: Bisa, ajukan penarikan via website atau datang ke kantor.\r\n\r\nQ: Bagaimana jika lupa password?\r\nA: Klik &amp;amp;amp;quot;Lupa Password&amp;amp;amp;quot; di halaman login, atau hubungi admin.\r\n\r\n## AD/ART (Anggaran Dasar / Anggaran Rumah Tangga)\r\nAD/ART adalah dokumen hukum yang mengatur:\r\n- **Anggaran Dasar (AD)**: Aturan pokok organisasi koperasi (nama, tujuan, keanggotaan, modal)\r\n- **Anggaran Rumah Tangga (ART)**: Aturan operasional detail (prosedur, sanksi, tata tertib)\r\n\r\n**Isi Pokok AD/ART:**\r\n1. Nama dan tempat kedudukan koperasi\r\n2. Maksud dan tujuan koperasi\r\n3. Syarat dan tata cara keanggotaan\r\n4. Besaran simpanan pokok dan wajib\r\n5. Tata cara Rapat Anggota\r\n6. Pembagian SHU\r\n7. Sanksi bagi anggota yang melanggar\r\n\r\nUntuk melihat dokumen lengkap AD/ART, silakan kunjungi menu &amp;amp;amp;quot;Tata Kelola&amp;amp;amp;quot; di website.\r\n\r\n## TUGAS &amp;amp;amp;amp; WEWENANG PENGURUS\r\n\r\n### Ketua Koperasi\r\n- Memimpin dan mengkoordinasi kegiatan koperasi\r\n- Mewakili koperasi dalam hubungan dengan pihak luar\r\n- Menandatangani surat-surat penting\r\n- Memimpin Rapat Anggota\r\n\r\n### Sekretaris\r\n- Mengelola administrasi dan dokumen koperasi\r\n- Membuat notulen rapat\r\n- Menyimpan arsip dan data anggota\r\n- Menyusun laporan kegiatan\r\n\r\n### Bendahara\r\n- Mengelola keuangan koperasi\r\n- Mencatat transaksi keuangan\r\n- Menyusun laporan keuangan\r\n- Menjaga keamanan kas dan aset\r\n\r\n### Pengawas\r\n- Mengawasi jalannya kegiatan koperasi\r\n- Memeriksa laporan keuangan\r\n- Memberikan saran kepada pengurus\r\n- Melaporkan hasil pengawasan kepada Rapat Anggota\r\n\r\n### Anggota\r\n- Membayar simpanan sesuai ketentuan\r\n- Mengikuti Rapat Anggota\r\n- Mematuhi AD/ART dan keputusan rapat\r\n- Berpartisipasi aktif dalam kegiatan koperasi\r\n\r\nJawablah pertanyaan user dengan ramah, singkat, dan jelas dalam Bahasa Indonesia.\n\n[Knowledge Base]\n- Dokumen AD/ART: https://koperasi.nsp.my.id/ad-art (Gunakan format [AD/ART](https://koperasi.nsp.my.id/ad-art) jika user bertanya tentang ini).',NULL,'2025-12-22 22:18:18','2026-01-16 07:46:15'),('ai_url','https://generativelanguage.googleapis.com',NULL,'2025-12-22 22:18:18','2026-01-16 06:22:30'),('fonnte_token','qaVYhwNNC3VBVMfNgPSV',NULL,'2025-12-23 16:55:22','2025-12-23 16:55:22'),('twilio_sid','',NULL,'2025-12-23 18:49:32','2025-12-23 18:49:32'),('twilio_token','',NULL,'2025-12-23 18:49:32','2025-12-23 18:49:32'),('twilio_wa_number','',NULL,'2025-12-23 18:49:32','2025-12-23 18:49:32'),('wa_bot_enabled','true',NULL,'2025-12-23 16:55:22','2025-12-23 18:18:50'),('wa_provider','fonnte',NULL,'2025-12-23 18:49:32','2025-12-23 18:49:32');
/*!40000 ALTER TABLE `ai_settings` ENABLE KEYS */;
UNLOCK TABLES;

--
-- Table structure for table `announcements`
--

DROP TABLE IF EXISTS `announcements`;
/*!40101 SET @saved_cs_client     = @@character_set_client */;
/*!50503 SET character_set_client = utf8mb4 */;
CREATE TABLE `announcements` (
  `id` bigint unsigned NOT NULL AUTO_INCREMENT,
  `title` varchar(255) CHARACTER SET utf8mb4 COLLATE utf8mb4_unicode_ci NOT NULL,
  `content` text CHARACTER SET utf8mb4 COLLATE utf8mb4_unicode_ci NOT NULL,
  `type` enum('info','warning','important','event') CHARACTER SET utf8mb4 COLLATE utf8mb4_unicode_ci NOT NULL DEFAULT 'info',
  `priority` enum('low','medium','high') CHARACTER SET utf8mb4 COLLATE utf8mb4_unicode_ci NOT NULL DEFAULT 'medium',
  `is_published` tinyint(1) NOT NULL DEFAULT '0',
  `publish_date` date DEFAULT NULL,
  `expire_date` date DEFAULT NULL,
  `image` varchar(255) CHARACTER SET utf8mb4 COLLATE utf8mb4_unicode_ci DEFAULT NULL,
  `created_by` bigint unsigned DEFAULT NULL,
  `created_at` timestamp NULL DEFAULT NULL,
  `updated_at` timestamp NULL DEFAULT NULL,
  PRIMARY KEY (`id`),
  KEY `announcements_created_by_foreign` (`created_by`),
  CONSTRAINT `announcements_created_by_foreign` FOREIGN KEY (`created_by`) REFERENCES `users` (`id`)
) ENGINE=InnoDB AUTO_INCREMENT=5 DEFAULT CHARSET=utf8mb4 COLLATE=utf8mb4_unicode_ci;
/*!40101 SET character_set_client = @saved_cs_client */;

--
-- Dumping data for table `announcements`
--

LOCK TABLES `announcements` WRITE;
/*!40000 ALTER TABLE `announcements` DISABLE KEYS */;
INSERT INTO `announcements` VALUES (1,'Selamat Datang di Koperasi Karyawan PT. SPINDO','Website Koperasi Karyawan PT. SPINDO Karawang Factory telah diluncurkan. Silakan login menggunakan akun Anda untuk mengakses fitur simpanan dan pinjaman.','important','high',1,'2025-12-22',NULL,NULL,1,'2025-12-22 09:38:00','2025-12-22 09:38:00'),(3,'Info Simpanan Pokok','Simpanan Pokok Anggota Koperasi sebesar Rp 150.000 akan dipotong otomatis dari gaji bulan Desember 2025. Pastikan saldo Anda mencukupi.','info','medium',0,NULL,NULL,NULL,NULL,'2025-12-23 00:09:16','2025-12-23 00:09:16'),(4,'Info Simpanan Wajib Bulanan','Simpanan wajib bulanan sebesar Rp 100.000 akan dipotong otomatis dari gaji mulai bulan Desember dan dilakukan setiap bulan berjalan. Pastikan saldo Anda mencukupi.','info','medium',0,NULL,NULL,NULL,NULL,'2025-12-23 00:10:21','2025-12-23 00:10:21');
/*!40000 ALTER TABLE `announcements` ENABLE KEYS */;
UNLOCK TABLES;

--
-- Table structure for table `assets`
--

DROP TABLE IF EXISTS `assets`;
/*!40101 SET @saved_cs_client     = @@character_set_client */;
/*!50503 SET character_set_client = utf8mb4 */;
CREATE TABLE `assets` (
  `id` bigint unsigned NOT NULL AUTO_INCREMENT,
  `name` varchar(255) COLLATE utf8mb4_unicode_ci NOT NULL,
  `code` varchar(255) COLLATE utf8mb4_unicode_ci NOT NULL,
  `category` varchar(255) COLLATE utf8mb4_unicode_ci NOT NULL,
  `purchase_date` date NOT NULL,
  `purchase_price` decimal(15,2) NOT NULL,
  `useful_life_years` int DEFAULT NULL,
  `current_value` decimal(15,2) DEFAULT NULL,
  `location` varchar(255) COLLATE utf8mb4_unicode_ci DEFAULT NULL,
  `condition` varchar(255) COLLATE utf8mb4_unicode_ci NOT NULL DEFAULT 'good',
  `status` varchar(255) COLLATE utf8mb4_unicode_ci NOT NULL DEFAULT 'active',
  `description` text COLLATE utf8mb4_unicode_ci,
  `created_at` timestamp NULL DEFAULT NULL,
  `updated_at` timestamp NULL DEFAULT NULL,
  `deleted_at` timestamp NULL DEFAULT NULL,
  PRIMARY KEY (`id`),
  UNIQUE KEY `assets_code_unique` (`code`)
) ENGINE=InnoDB DEFAULT CHARSET=utf8mb4 COLLATE=utf8mb4_unicode_ci;
/*!40101 SET character_set_client = @saved_cs_client */;

--
-- Dumping data for table `assets`
--

LOCK TABLES `assets` WRITE;
/*!40000 ALTER TABLE `assets` DISABLE KEYS */;
/*!40000 ALTER TABLE `assets` ENABLE KEYS */;
UNLOCK TABLES;

--
-- Table structure for table `audit_logs`
--

DROP TABLE IF EXISTS `audit_logs`;
/*!40101 SET @saved_cs_client     = @@character_set_client */;
/*!50503 SET character_set_client = utf8mb4 */;
CREATE TABLE `audit_logs` (
  `id` bigint unsigned NOT NULL AUTO_INCREMENT,
  `user_id` bigint unsigned DEFAULT NULL,
  `action` varchar(255) CHARACTER SET utf8mb4 COLLATE utf8mb4_unicode_ci NOT NULL,
  `model_type` varchar(255) CHARACTER SET utf8mb4 COLLATE utf8mb4_unicode_ci DEFAULT NULL,
  `model_id` bigint unsigned DEFAULT NULL,
  `old_values` json DEFAULT NULL,
  `new_values` json DEFAULT NULL,
  `ip_address` varchar(255) CHARACTER SET utf8mb4 COLLATE utf8mb4_unicode_ci DEFAULT NULL,
  `user_agent` varchar(255) CHARACTER SET utf8mb4 COLLATE utf8mb4_unicode_ci DEFAULT NULL,
  `description` text CHARACTER SET utf8mb4 COLLATE utf8mb4_unicode_ci,
  `created_at` timestamp NULL DEFAULT NULL,
  `updated_at` timestamp NULL DEFAULT NULL,
  PRIMARY KEY (`id`),
  KEY `audit_logs_user_id_foreign` (`user_id`),
  KEY `audit_logs_model_type_model_id_index` (`model_type`,`model_id`),
  KEY `audit_logs_action_index` (`action`),
  CONSTRAINT `audit_logs_user_id_foreign` FOREIGN KEY (`user_id`) REFERENCES `users` (`id`) ON DELETE SET NULL
) ENGINE=InnoDB AUTO_INCREMENT=252 DEFAULT CHARSET=utf8mb4 COLLATE=utf8mb4_unicode_ci;
/*!40101 SET character_set_client = @saved_cs_client */;

--
-- Dumping data for table `audit_logs`
--

LOCK TABLES `audit_logs` WRITE;
/*!40000 ALTER TABLE `audit_logs` DISABLE KEYS */;
INSERT INTO `audit_logs` VALUES (1,1,'logout',NULL,NULL,NULL,NULL,'2402:8780:102a:d078:8559:eb3d:9f31:9a66','Mozilla/5.0 (Windows NT 10.0; Win64; x64) AppleWebKit/537.36 (KHTML, like Gecko) Chrome/143.0.0.0 Safari/537.36','User logout','2026-01-07 07:26:05','2026-01-07 07:26:05'),(2,629,'login',NULL,NULL,NULL,NULL,'2402:8780:102a:d078:8559:eb3d:9f31:9a66','Mozilla/5.0 (Windows NT 10.0; Win64; x64) AppleWebKit/537.36 (KHTML, like Gecko) Chrome/143.0.0.0 Safari/537.36','User login berhasil','2026-01-07 07:26:14','2026-01-07 07:26:14'),(3,629,'logout',NULL,NULL,NULL,NULL,'2402:8780:102a:d078:8559:eb3d:9f31:9a66','Mozilla/5.0 (Windows NT 10.0; Win64; x64) AppleWebKit/537.36 (KHTML, like Gecko) Chrome/143.0.0.0 Safari/537.36','User logout','2026-01-07 07:26:42','2026-01-07 07:26:42'),(4,1,'login',NULL,NULL,NULL,NULL,'2402:8780:102a:d078:8559:eb3d:9f31:9a66','Mozilla/5.0 (Windows NT 10.0; Win64; x64) AppleWebKit/537.36 (KHTML, like Gecko) Chrome/143.0.0.0 Safari/537.36','User login berhasil','2026-01-07 07:26:54','2026-01-07 07:26:54'),(5,1,'logout',NULL,NULL,NULL,NULL,'2402:8780:102a:d078:8559:eb3d:9f31:9a66','Mozilla/5.0 (Windows NT 10.0; Win64; x64) AppleWebKit/537.36 (KHTML, like Gecko) Chrome/143.0.0.0 Safari/537.36','User logout','2026-01-07 08:34:08','2026-01-07 08:34:08'),(6,1,'login',NULL,NULL,NULL,NULL,'2402:8780:102a:d078:8559:eb3d:9f31:9a66','Mozilla/5.0 (Windows NT 10.0; Win64; x64) AppleWebKit/537.36 (KHTML, like Gecko) Chrome/143.0.0.0 Safari/537.36','User login berhasil','2026-01-07 08:38:00','2026-01-07 08:38:00'),(7,1,'logout',NULL,NULL,NULL,NULL,'2402:8780:102a:d078:8559:eb3d:9f31:9a66','Mozilla/5.0 (Windows NT 10.0; Win64; x64) AppleWebKit/537.36 (KHTML, like Gecko) Chrome/143.0.0.0 Safari/537.36','User logout','2026-01-07 08:42:45','2026-01-07 08:42:45'),(8,557,'login',NULL,NULL,NULL,NULL,'2402:8780:102a:d078:8559:eb3d:9f31:9a66','Mozilla/5.0 (Windows NT 10.0; Win64; x64) AppleWebKit/537.36 (KHTML, like Gecko) Chrome/143.0.0.0 Safari/537.36','User login berhasil','2026-01-07 08:43:08','2026-01-07 08:43:08'),(9,557,'logout',NULL,NULL,NULL,NULL,'2402:8780:102a:d078:8559:eb3d:9f31:9a66','Mozilla/5.0 (Windows NT 10.0; Win64; x64) AppleWebKit/537.36 (KHTML, like Gecko) Chrome/143.0.0.0 Safari/537.36','User logout','2026-01-07 08:44:01','2026-01-07 08:44:01'),(10,557,'login',NULL,NULL,NULL,NULL,'2402:8780:102a:d078:8559:eb3d:9f31:9a66','Mozilla/5.0 (Windows NT 10.0; Win64; x64) AppleWebKit/537.36 (KHTML, like Gecko) Chrome/143.0.0.0 Safari/537.36','User login berhasil','2026-01-07 08:44:06','2026-01-07 08:44:06'),(11,557,'logout',NULL,NULL,NULL,NULL,'103.47.133.190','Mozilla/5.0 (Windows NT 10.0; Win64; x64) AppleWebKit/537.36 (KHTML, like Gecko) Chrome/143.0.0.0 Safari/537.36','User logout','2026-01-07 09:07:30','2026-01-07 09:07:30'),(12,557,'login',NULL,NULL,NULL,NULL,'103.47.133.190','Mozilla/5.0 (Windows NT 10.0; Win64; x64) AppleWebKit/537.36 (KHTML, like Gecko) Chrome/143.0.0.0 Safari/537.36','User login berhasil','2026-01-07 09:09:09','2026-01-07 09:09:09'),(13,557,'logout',NULL,NULL,NULL,NULL,'103.47.133.190','Mozilla/5.0 (Windows NT 10.0; Win64; x64) AppleWebKit/537.36 (KHTML, like Gecko) Chrome/143.0.0.0 Safari/537.36','User logout','2026-01-07 09:09:15','2026-01-07 09:09:15'),(14,1,'login',NULL,NULL,NULL,NULL,'103.47.133.190','Mozilla/5.0 (Windows NT 10.0; Win64; x64) AppleWebKit/537.36 (KHTML, like Gecko) Chrome/143.0.0.0 Safari/537.36','User login berhasil','2026-01-07 09:10:07','2026-01-07 09:10:07'),(15,1,'logout',NULL,NULL,NULL,NULL,'103.47.133.190','Mozilla/5.0 (Windows NT 10.0; Win64; x64) AppleWebKit/537.36 (KHTML, like Gecko) Chrome/143.0.0.0 Safari/537.36','User logout','2026-01-07 09:10:31','2026-01-07 09:10:31'),(16,NULL,'login',NULL,NULL,NULL,NULL,'103.47.133.190','Mozilla/5.0 (Windows NT 10.0; Win64; x64) AppleWebKit/537.36 (KHTML, like Gecko) Chrome/143.0.0.0 Safari/537.36','User login berhasil','2026-01-07 09:10:43','2026-01-07 09:10:43'),(17,NULL,'login',NULL,NULL,NULL,NULL,'127.0.0.1','Mozilla/5.0 (Windows NT 10.0; Win64; x64) AppleWebKit/537.36 (KHTML, like Gecko) Chrome/143.0.0.0 Safari/537.36','User login berhasil','2026-01-07 09:39:41','2026-01-07 09:39:41'),(18,1,'login',NULL,NULL,NULL,NULL,'2402:8780:102a:d078:6166:2cc3:cc3a:f033','Mozilla/5.0 (Windows NT 10.0; Win64; x64) AppleWebKit/537.36 (KHTML, like Gecko) Chrome/143.0.0.0 Safari/537.36','User login berhasil','2026-01-09 20:26:35','2026-01-09 20:26:35'),(19,1,'logout',NULL,NULL,NULL,NULL,'2402:8780:102a:d078:6166:2cc3:cc3a:f033','Mozilla/5.0 (Windows NT 10.0; Win64; x64) AppleWebKit/537.36 (KHTML, like Gecko) Chrome/143.0.0.0 Safari/537.36','User logout','2026-01-09 20:29:10','2026-01-09 20:29:10'),(20,1,'login',NULL,NULL,NULL,NULL,'2402:8780:102a:d078:6166:2cc3:cc3a:f033','Mozilla/5.0 (Windows NT 10.0; Win64; x64) AppleWebKit/537.36 (KHTML, like Gecko) Chrome/143.0.0.0 Safari/537.36','User login berhasil','2026-01-09 20:29:27','2026-01-09 20:29:27'),(21,1,'logout',NULL,NULL,NULL,NULL,'2402:8780:102a:d078:6166:2cc3:cc3a:f033','Mozilla/5.0 (Windows NT 10.0; Win64; x64) AppleWebKit/537.36 (KHTML, like Gecko) Chrome/143.0.0.0 Safari/537.36','User logout','2026-01-09 20:42:54','2026-01-09 20:42:54'),(22,561,'login',NULL,NULL,NULL,NULL,'2402:8780:102a:d078:6166:2cc3:cc3a:f033','Mozilla/5.0 (Windows NT 10.0; Win64; x64) AppleWebKit/537.36 (KHTML, like Gecko) Chrome/143.0.0.0 Safari/537.36','User login berhasil','2026-01-09 20:43:09','2026-01-09 20:43:09'),(23,561,'logout',NULL,NULL,NULL,NULL,'2402:8780:102a:d078:6166:2cc3:cc3a:f033','Mozilla/5.0 (Windows NT 10.0; Win64; x64) AppleWebKit/537.36 (KHTML, like Gecko) Chrome/143.0.0.0 Safari/537.36','User logout','2026-01-09 20:43:14','2026-01-09 20:43:14'),(24,660,'login',NULL,NULL,NULL,NULL,'2402:8780:102a:d078:6166:2cc3:cc3a:f033','Mozilla/5.0 (Windows NT 10.0; Win64; x64) AppleWebKit/537.36 (KHTML, like Gecko) Chrome/143.0.0.0 Safari/537.36','User login berhasil','2026-01-09 20:43:30','2026-01-09 20:43:30'),(25,660,'logout',NULL,NULL,NULL,NULL,'2402:8780:102a:d078:6166:2cc3:cc3a:f033','Mozilla/5.0 (Windows NT 10.0; Win64; x64) AppleWebKit/537.36 (KHTML, like Gecko) Chrome/143.0.0.0 Safari/537.36','User logout','2026-01-09 20:47:26','2026-01-09 20:47:26'),(26,1,'login',NULL,NULL,NULL,NULL,'2402:8780:102a:d078:6166:2cc3:cc3a:f033','Mozilla/5.0 (Windows NT 10.0; Win64; x64) AppleWebKit/537.36 (KHTML, like Gecko) Chrome/143.0.0.0 Safari/537.36','User login berhasil','2026-01-09 20:53:18','2026-01-09 20:53:18'),(27,1,'logout',NULL,NULL,NULL,NULL,'2402:8780:102a:d078:6166:2cc3:cc3a:f033','Mozilla/5.0 (Windows NT 10.0; Win64; x64) AppleWebKit/537.36 (KHTML, like Gecko) Chrome/143.0.0.0 Safari/537.36','User logout','2026-01-09 22:01:42','2026-01-09 22:01:42'),(28,1,'login',NULL,NULL,NULL,NULL,'2402:8780:102a:d078:6166:2cc3:cc3a:f033','Mozilla/5.0 (Windows NT 10.0; Win64; x64) AppleWebKit/537.36 (KHTML, like Gecko) Chrome/143.0.0.0 Safari/537.36','User login berhasil','2026-01-09 22:02:00','2026-01-09 22:02:00'),(29,1,'logout',NULL,NULL,NULL,NULL,'2402:8780:102a:d078:6166:2cc3:cc3a:f033','Mozilla/5.0 (Windows NT 10.0; Win64; x64) AppleWebKit/537.36 (KHTML, like Gecko) Chrome/143.0.0.0 Safari/537.36','User logout','2026-01-09 22:03:33','2026-01-09 22:03:33'),(30,1,'login',NULL,NULL,NULL,NULL,'2402:8780:102a:d078:6166:2cc3:cc3a:f033','Mozilla/5.0 (Windows NT 10.0; Win64; x64) AppleWebKit/537.36 (KHTML, like Gecko) Chrome/143.0.0.0 Safari/537.36','User login berhasil','2026-01-09 22:03:45','2026-01-09 22:03:45'),(31,1,'logout',NULL,NULL,NULL,NULL,'2402:8780:102a:d078:6166:2cc3:cc3a:f033','Mozilla/5.0 (Windows NT 10.0; Win64; x64) AppleWebKit/537.36 (KHTML, like Gecko) Chrome/143.0.0.0 Safari/537.36','User logout','2026-01-09 22:04:25','2026-01-09 22:04:25'),(32,1,'login',NULL,NULL,NULL,NULL,'2402:8780:102a:d078:6166:2cc3:cc3a:f033','Mozilla/5.0 (Windows NT 10.0; Win64; x64) AppleWebKit/537.36 (KHTML, like Gecko) Chrome/143.0.0.0 Safari/537.36','User login berhasil','2026-01-10 01:00:58','2026-01-10 01:00:58'),(33,1,'logout',NULL,NULL,NULL,NULL,'2402:8780:102a:d078:6166:2cc3:cc3a:f033','Mozilla/5.0 (Windows NT 10.0; Win64; x64) AppleWebKit/537.36 (KHTML, like Gecko) Chrome/143.0.0.0 Safari/537.36','User logout','2026-01-10 01:20:04','2026-01-10 01:20:04'),(34,1,'login',NULL,NULL,NULL,NULL,'2402:8780:102a:d078:6166:2cc3:cc3a:f033','Mozilla/5.0 (Windows NT 10.0; Win64; x64) AppleWebKit/537.36 (KHTML, like Gecko) Chrome/143.0.0.0 Safari/537.36','User login berhasil','2026-01-10 01:35:26','2026-01-10 01:35:26'),(35,1,'login',NULL,NULL,NULL,NULL,'127.0.0.1','Mozilla/5.0 (Windows NT 10.0; Win64; x64) AppleWebKit/537.36 (KHTML, like Gecko) Chrome/143.0.0.0 Safari/537.36','User login berhasil','2026-01-10 01:43:47','2026-01-10 01:43:47'),(36,1,'create',NULL,NULL,NULL,NULL,'127.0.0.1','Mozilla/5.0 (Windows NT 10.0; Win64; x64) AppleWebKit/537.36 (KHTML, like Gecko) Chrome/143.0.0.0 Safari/537.36','Menyimpan konfigurasi SHU tahun 2026','2026-01-10 02:42:00','2026-01-10 02:42:00'),(37,1,'calculate',NULL,NULL,NULL,NULL,'127.0.0.1','Mozilla/5.0 (Windows NT 10.0; Win64; x64) AppleWebKit/537.36 (KHTML, like Gecko) Chrome/143.0.0.0 Safari/537.36','Menghitung SHU tahun 2026 untuk 102 anggota. Pool anggota: Rp 27.500.000','2026-01-10 02:42:03','2026-01-10 02:42:03'),(38,1,'logout',NULL,NULL,NULL,NULL,'127.0.0.1','Mozilla/5.0 (Windows NT 10.0; Win64; x64) AppleWebKit/537.36 (KHTML, like Gecko) Chrome/143.0.0.0 Safari/537.36','User logout','2026-01-10 06:10:43','2026-01-10 06:10:43'),(39,1,'login',NULL,NULL,NULL,NULL,'2402:8780:102a:d078:1afa:9378:b9ac:40be','Mozilla/5.0 (Linux; Android 10; K) AppleWebKit/537.36 (KHTML, like Gecko) Chrome/143.0.0.0 Mobile Safari/537.36','User login berhasil','2026-01-10 06:46:56','2026-01-10 06:46:56'),(40,1,'logout',NULL,NULL,NULL,NULL,'2402:8780:102a:d078:1afa:9378:b9ac:40be','Mozilla/5.0 (Linux; Android 10; K) AppleWebKit/537.36 (KHTML, like Gecko) Chrome/143.0.0.0 Mobile Safari/537.36','User logout','2026-01-10 06:47:57','2026-01-10 06:47:57'),(41,557,'login',NULL,NULL,NULL,NULL,'2402:8780:102a:d078:1afa:9378:b9ac:40be','Mozilla/5.0 (Linux; Android 10; K) AppleWebKit/537.36 (KHTML, like Gecko) Chrome/143.0.0.0 Mobile Safari/537.36','User login berhasil','2026-01-10 06:49:12','2026-01-10 06:49:12'),(42,1,'login',NULL,NULL,NULL,NULL,'2402:8780:102a:9a5d:e446:31ee:cb9:dd46','Mozilla/5.0 (Windows NT 10.0; Win64; x64) AppleWebKit/537.36 (KHTML, like Gecko) Chrome/143.0.0.0 Safari/537.36','User login berhasil','2026-01-13 05:47:47','2026-01-13 05:47:47'),(43,1,'logout',NULL,NULL,NULL,NULL,'2402:8780:102a:9a5d:e446:31ee:cb9:dd46','Mozilla/5.0 (Windows NT 10.0; Win64; x64) AppleWebKit/537.36 (KHTML, like Gecko) Chrome/143.0.0.0 Safari/537.36','User logout','2026-01-13 05:48:18','2026-01-13 05:48:18'),(44,557,'logout',NULL,NULL,NULL,NULL,'2402:8780:102a:9a5d:3296:8da4:5c3f:efb3','Mozilla/5.0 (Linux; Android 10; K) AppleWebKit/537.36 (KHTML, like Gecko) Chrome/143.0.0.0 Mobile Safari/537.36','User logout','2026-01-13 05:51:04','2026-01-13 05:51:04'),(45,1,'login',NULL,NULL,NULL,NULL,'127.0.0.1','Mozilla/5.0 (Windows NT 10.0; Win64; x64) AppleWebKit/537.36 (KHTML, like Gecko) Chrome/143.0.0.0 Safari/537.36','User login berhasil','2026-01-14 18:48:27','2026-01-14 18:48:27'),(46,1,'logout',NULL,NULL,NULL,NULL,'127.0.0.1','Mozilla/5.0 (Windows NT 10.0; Win64; x64) AppleWebKit/537.36 (KHTML, like Gecko) Chrome/143.0.0.0 Safari/537.36','User logout','2026-01-14 18:50:54','2026-01-14 18:50:54'),(47,557,'login',NULL,NULL,NULL,NULL,'127.0.0.1','Mozilla/5.0 (Windows NT 10.0; Win64; x64) AppleWebKit/537.36 (KHTML, like Gecko) Chrome/143.0.0.0 Safari/537.36','User login berhasil','2026-01-14 18:51:36','2026-01-14 18:51:36'),(48,557,'logout',NULL,NULL,NULL,NULL,'127.0.0.1','Mozilla/5.0 (Windows NT 10.0; Win64; x64) AppleWebKit/537.36 (KHTML, like Gecko) Chrome/143.0.0.0 Safari/537.36','User logout','2026-01-14 18:51:47','2026-01-14 18:51:47'),(49,556,'login',NULL,NULL,NULL,NULL,'127.0.0.1','Mozilla/5.0 (Windows NT 10.0; Win64; x64) AppleWebKit/537.36 (KHTML, like Gecko) Chrome/143.0.0.0 Safari/537.36','User login berhasil','2026-01-14 18:52:08','2026-01-14 18:52:08'),(50,556,'logout',NULL,NULL,NULL,NULL,'127.0.0.1','Mozilla/5.0 (Windows NT 10.0; Win64; x64) AppleWebKit/537.36 (KHTML, like Gecko) Chrome/143.0.0.0 Safari/537.36','User logout','2026-01-14 23:59:01','2026-01-14 23:59:01'),(51,1,'login',NULL,NULL,NULL,NULL,'127.0.0.1','Mozilla/5.0 (Windows NT 10.0; Win64; x64) AppleWebKit/537.36 (KHTML, like Gecko) Chrome/143.0.0.0 Safari/537.36','User login berhasil','2026-01-14 23:59:09','2026-01-14 23:59:09'),(52,1,'logout',NULL,NULL,NULL,NULL,'127.0.0.1','Mozilla/5.0 (Windows NT 10.0; Win64; x64) AppleWebKit/537.36 (KHTML, like Gecko) Chrome/143.0.0.0 Safari/537.36','User logout','2026-01-15 00:00:57','2026-01-15 00:00:57'),(53,556,'login',NULL,NULL,NULL,NULL,'127.0.0.1','Mozilla/5.0 (Windows NT 10.0; Win64; x64) AppleWebKit/537.36 (KHTML, like Gecko) Chrome/143.0.0.0 Safari/537.36','User login berhasil','2026-01-15 00:01:02','2026-01-15 00:01:02'),(54,556,'logout',NULL,NULL,NULL,NULL,'127.0.0.1','Mozilla/5.0 (Windows NT 10.0; Win64; x64) AppleWebKit/537.36 (KHTML, like Gecko) Chrome/143.0.0.0 Safari/537.36','User logout','2026-01-15 01:40:09','2026-01-15 01:40:09'),(55,1,'login',NULL,NULL,NULL,NULL,'127.0.0.1','Mozilla/5.0 (Windows NT 10.0; Win64; x64) AppleWebKit/537.36 (KHTML, like Gecko) Chrome/143.0.0.0 Safari/537.36','User login berhasil','2026-01-15 01:40:14','2026-01-15 01:40:14'),(56,1,'logout',NULL,NULL,NULL,NULL,'127.0.0.1','Mozilla/5.0 (Windows NT 10.0; Win64; x64) AppleWebKit/537.36 (KHTML, like Gecko) Chrome/143.0.0.0 Safari/537.36','User logout','2026-01-15 01:51:09','2026-01-15 01:51:09'),(57,557,'login',NULL,NULL,NULL,NULL,'2404:c0:2480::2f38:48a1','Mozilla/5.0 (Linux; Android 10; K) AppleWebKit/537.36 (KHTML, like Gecko) Chrome/143.0.0.0 Mobile Safari/537.36','User login berhasil','2026-01-15 01:52:00','2026-01-15 01:52:00'),(58,557,'logout',NULL,NULL,NULL,NULL,'2404:c0:2480::2f38:48a1','Mozilla/5.0 (Linux; Android 10; K) AppleWebKit/537.36 (KHTML, like Gecko) Chrome/143.0.0.0 Mobile Safari/537.36','User logout','2026-01-15 01:53:31','2026-01-15 01:53:31'),(59,556,'login',NULL,NULL,NULL,NULL,'2404:c0:2480::2f38:48a1','Mozilla/5.0 (Linux; Android 10; K) AppleWebKit/537.36 (KHTML, like Gecko) Chrome/143.0.0.0 Mobile Safari/537.36','User login berhasil','2026-01-15 01:54:09','2026-01-15 01:54:09'),(60,1,'login',NULL,NULL,NULL,NULL,'127.0.0.1','Mozilla/5.0 (Windows NT 10.0; Win64; x64) AppleWebKit/537.36 (KHTML, like Gecko) Chrome/143.0.0.0 Safari/537.36','User login berhasil','2026-01-15 01:55:05','2026-01-15 01:55:05'),(61,1,'logout',NULL,NULL,NULL,NULL,'127.0.0.1','Mozilla/5.0 (Windows NT 10.0; Win64; x64) AppleWebKit/537.36 (KHTML, like Gecko) Chrome/143.0.0.0 Safari/537.36','User logout','2026-01-15 01:55:26','2026-01-15 01:55:26'),(62,556,'login',NULL,NULL,NULL,NULL,'127.0.0.1','Mozilla/5.0 (Windows NT 10.0; Win64; x64) AppleWebKit/537.36 (KHTML, like Gecko) Chrome/143.0.0.0 Safari/537.36','User login berhasil','2026-01-15 01:55:31','2026-01-15 01:55:31'),(63,556,'logout',NULL,NULL,NULL,NULL,'127.0.0.1','Mozilla/5.0 (Windows NT 10.0; Win64; x64) AppleWebKit/537.36 (KHTML, like Gecko) Chrome/143.0.0.0 Safari/537.36','User logout','2026-01-15 01:56:51','2026-01-15 01:56:51'),(64,1,'login',NULL,NULL,NULL,NULL,'127.0.0.1','Mozilla/5.0 (Windows NT 10.0; Win64; x64) AppleWebKit/537.36 (KHTML, like Gecko) Chrome/143.0.0.0 Safari/537.36','User login berhasil','2026-01-15 01:56:56','2026-01-15 01:56:56'),(65,1,'update',NULL,NULL,NULL,NULL,'127.0.0.1','Mozilla/5.0 (Windows NT 10.0; Win64; x64) AppleWebKit/537.36 (KHTML, like Gecko) Chrome/143.0.0.0 Safari/537.36','Mengubah role user Nata Surya Permana menjadi Member','2026-01-15 01:57:18','2026-01-15 01:57:18'),(66,1,'logout',NULL,NULL,NULL,NULL,'127.0.0.1','Mozilla/5.0 (Windows NT 10.0; Win64; x64) AppleWebKit/537.36 (KHTML, like Gecko) Chrome/143.0.0.0 Safari/537.36','User logout','2026-01-15 01:57:28','2026-01-15 01:57:28'),(67,557,'login',NULL,NULL,NULL,NULL,'127.0.0.1','Mozilla/5.0 (Windows NT 10.0; Win64; x64) AppleWebKit/537.36 (KHTML, like Gecko) Chrome/143.0.0.0 Safari/537.36','User login berhasil','2026-01-15 01:57:33','2026-01-15 01:57:33'),(68,556,'logout',NULL,NULL,NULL,NULL,'2404:c0:2480::2f38:48a1','Mozilla/5.0 (Linux; Android 10; K) AppleWebKit/537.36 (KHTML, like Gecko) Chrome/143.0.0.0 Mobile Safari/537.36','User logout','2026-01-15 02:06:08','2026-01-15 02:06:08'),(69,1,'login',NULL,NULL,NULL,NULL,'2404:c0:2480::2f38:48a1','Mozilla/5.0 (Linux; Android 10; K) AppleWebKit/537.36 (KHTML, like Gecko) Chrome/143.0.0.0 Mobile Safari/537.36','User login berhasil','2026-01-15 02:06:18','2026-01-15 02:06:18'),(70,1,'logout',NULL,NULL,NULL,NULL,'2404:c0:2580::24ff:72e2','Mozilla/5.0 (Linux; Android 10; K) AppleWebKit/537.36 (KHTML, like Gecko) Chrome/143.0.0.0 Mobile Safari/537.36','User logout','2026-01-15 02:09:22','2026-01-15 02:09:22'),(71,557,'login',NULL,NULL,NULL,NULL,'2404:c0:2480::2f38:48a1','Mozilla/5.0 (Linux; Android 10; K) AppleWebKit/537.36 (KHTML, like Gecko) Chrome/143.0.0.0 Mobile Safari/537.36','User login berhasil','2026-01-15 02:09:29','2026-01-15 02:09:29'),(72,557,'logout',NULL,NULL,NULL,NULL,'127.0.0.1','Mozilla/5.0 (Linux; Android 6.0; Nexus 5 Build/MRA58N) AppleWebKit/537.36 (KHTML, like Gecko) Chrome/143.0.0.0 Mobile Safari/537.36','User logout','2026-01-15 02:10:43','2026-01-15 02:10:43'),(73,1,'login',NULL,NULL,NULL,NULL,'127.0.0.1','Mozilla/5.0 (Windows NT 10.0; Win64; x64) AppleWebKit/537.36 (KHTML, like Gecko) Chrome/143.0.0.0 Safari/537.36','User login berhasil','2026-01-15 02:10:51','2026-01-15 02:10:51'),(74,556,'login',NULL,NULL,NULL,NULL,'182.3.43.245','Mozilla/5.0 (Linux; Android 10; K) AppleWebKit/537.36 (KHTML, like Gecko) Chrome/143.0.0.0 Mobile Safari/537.36','User login berhasil','2026-01-15 02:51:17','2026-01-15 02:51:17'),(75,1,'logout',NULL,NULL,NULL,NULL,'127.0.0.1','Mozilla/5.0 (Windows NT 10.0; Win64; x64) AppleWebKit/537.36 (KHTML, like Gecko) Chrome/143.0.0.0 Safari/537.36','User logout','2026-01-15 02:52:43','2026-01-15 02:52:43'),(76,561,'login',NULL,NULL,NULL,NULL,'127.0.0.1','Mozilla/5.0 (Windows NT 10.0; Win64; x64) AppleWebKit/537.36 (KHTML, like Gecko) Chrome/143.0.0.0 Safari/537.36','User login berhasil','2026-01-15 02:53:10','2026-01-15 02:53:10'),(77,561,'logout',NULL,NULL,NULL,NULL,'127.0.0.1','Mozilla/5.0 (Windows NT 10.0; Win64; x64) AppleWebKit/537.36 (KHTML, like Gecko) Chrome/143.0.0.0 Safari/537.36','User logout','2026-01-15 02:53:18','2026-01-15 02:53:18'),(78,557,'login',NULL,NULL,NULL,NULL,'127.0.0.1','Mozilla/5.0 (Windows NT 10.0; Win64; x64) AppleWebKit/537.36 (KHTML, like Gecko) Chrome/143.0.0.0 Safari/537.36','User login berhasil','2026-01-15 02:53:25','2026-01-15 02:53:25'),(79,561,'login',NULL,NULL,NULL,NULL,'2404:c0:5c40::1e9a:4f9e','Mozilla/5.0 (Linux; Android 10; K) AppleWebKit/537.36 (KHTML, like Gecko) Chrome/143.0.0.0 Mobile Safari/537.36','User login berhasil','2026-01-15 02:53:45','2026-01-15 02:53:45'),(80,557,'logout',NULL,NULL,NULL,NULL,'127.0.0.1','Mozilla/5.0 (Linux; Android 6.0; Nexus 5 Build/MRA58N) AppleWebKit/537.36 (KHTML, like Gecko) Chrome/143.0.0.0 Mobile Safari/537.36','User logout','2026-01-15 02:59:22','2026-01-15 02:59:22'),(81,556,'login',NULL,NULL,NULL,NULL,'127.0.0.1','Mozilla/5.0 (Linux; Android 6.0; Nexus 5 Build/MRA58N) AppleWebKit/537.36 (KHTML, like Gecko) Chrome/143.0.0.0 Mobile Safari/537.36','User login berhasil','2026-01-15 02:59:32','2026-01-15 02:59:32'),(82,556,'update','App\\Models\\Purchase',1,NULL,NULL,'127.0.0.1','Mozilla/5.0 (Windows NT 10.0; Win64; x64) AppleWebKit/537.36 (KHTML, like Gecko) Chrome/143.0.0.0 Safari/537.36','Menyelesaikan pembelian PO-20260115-001','2026-01-15 03:09:48','2026-01-15 03:09:48'),(83,556,'update','App\\Models\\Product',26,NULL,NULL,'127.0.0.1','Mozilla/5.0 (Windows NT 10.0; Win64; x64) AppleWebKit/537.36 (KHTML, like Gecko) Chrome/143.0.0.0 Safari/537.36','Memperbarui data produk: Teh botol kotak 250 ml (8996006142511)','2026-01-15 03:11:50','2026-01-15 03:11:50'),(84,556,'export',NULL,NULL,NULL,NULL,'127.0.0.1','Mozilla/5.0 (Windows NT 10.0; Win64; x64) AppleWebKit/537.36 (KHTML, like Gecko) Chrome/143.0.0.0 Safari/537.36','Mengunduh Laporan Anggota (Excel)','2026-01-15 03:15:21','2026-01-15 03:15:21'),(85,556,'logout',NULL,NULL,NULL,NULL,'127.0.0.1','Mozilla/5.0 (Windows NT 10.0; Win64; x64) AppleWebKit/537.36 (KHTML, like Gecko) Chrome/143.0.0.0 Safari/537.36','User logout','2026-01-15 03:18:00','2026-01-15 03:18:00'),(86,557,'login',NULL,NULL,NULL,NULL,'127.0.0.1','Mozilla/5.0 (Windows NT 10.0; Win64; x64) AppleWebKit/537.36 (KHTML, like Gecko) Chrome/143.0.0.0 Safari/537.36','User login berhasil','2026-01-15 03:18:05','2026-01-15 03:18:05'),(87,557,'logout',NULL,NULL,NULL,NULL,'127.0.0.1','Mozilla/5.0 (Windows NT 10.0; Win64; x64) AppleWebKit/537.36 (KHTML, like Gecko) Chrome/143.0.0.0 Safari/537.36','User logout','2026-01-15 03:21:54','2026-01-15 03:21:54'),(88,1,'login',NULL,NULL,NULL,NULL,'127.0.0.1','Mozilla/5.0 (Windows NT 10.0; Win64; x64) AppleWebKit/537.36 (KHTML, like Gecko) Chrome/143.0.0.0 Safari/537.36','User login berhasil','2026-01-15 03:22:04','2026-01-15 03:22:04'),(89,1,'create',NULL,NULL,NULL,NULL,'127.0.0.1','Mozilla/5.0 (Windows NT 10.0; Win64; x64) AppleWebKit/537.36 (KHTML, like Gecko) Chrome/143.0.0.0 Safari/537.36','Menyimpan konfigurasi SHU tahun 2026','2026-01-15 03:44:39','2026-01-15 03:44:39'),(90,1,'calculate',NULL,NULL,NULL,NULL,'127.0.0.1','Mozilla/5.0 (Windows NT 10.0; Win64; x64) AppleWebKit/537.36 (KHTML, like Gecko) Chrome/143.0.0.0 Safari/537.36','Menghitung SHU tahun 2026 untuk 102 anggota. Pool anggota: Rp 629.800','2026-01-15 03:44:47','2026-01-15 03:44:47'),(91,1,'create','App\\Models\\Saving',205,NULL,NULL,'127.0.0.1','Mozilla/5.0 (Windows NT 10.0; Win64; x64) AppleWebKit/537.36 (KHTML, like Gecko) Chrome/143.0.0.0 Safari/537.36','Input transaksi simpanan Simpanan Sukarela Rp 5.000.000 untuk anggota Ngafif Usman','2026-01-15 03:45:51','2026-01-15 03:45:51'),(92,1,'create',NULL,NULL,NULL,NULL,'127.0.0.1','Mozilla/5.0 (Windows NT 10.0; Win64; x64) AppleWebKit/537.36 (KHTML, like Gecko) Chrome/143.0.0.0 Safari/537.36','Menyimpan konfigurasi SHU tahun 2026','2026-01-15 03:46:09','2026-01-15 03:46:09'),(93,1,'calculate',NULL,NULL,NULL,NULL,'127.0.0.1','Mozilla/5.0 (Windows NT 10.0; Win64; x64) AppleWebKit/537.36 (KHTML, like Gecko) Chrome/143.0.0.0 Safari/537.36','Menghitung SHU tahun 2026 untuk 102 anggota. Pool anggota: Rp 629.800','2026-01-15 03:46:14','2026-01-15 03:46:14'),(94,1,'logout',NULL,NULL,NULL,NULL,'127.0.0.1','Mozilla/5.0 (Windows NT 10.0; Win64; x64) AppleWebKit/537.36 (KHTML, like Gecko) Chrome/143.0.0.0 Safari/537.36','User logout','2026-01-15 04:00:19','2026-01-15 04:00:19'),(95,557,'login',NULL,NULL,NULL,NULL,'127.0.0.1','Mozilla/5.0 (Windows NT 10.0; Win64; x64) AppleWebKit/537.36 (KHTML, like Gecko) Chrome/143.0.0.0 Safari/537.36','User login berhasil','2026-01-15 04:00:24','2026-01-15 04:00:24'),(96,1,'login',NULL,NULL,NULL,NULL,'127.0.0.1','Mozilla/5.0 (Windows NT 10.0; Win64; x64) AppleWebKit/537.36 (KHTML, like Gecko) Chrome/143.0.0.0 Safari/537.36','User login berhasil','2026-01-15 07:03:42','2026-01-15 07:03:42'),(97,1,'delete',NULL,NULL,NULL,NULL,'127.0.0.1','Mozilla/5.0 (Windows NT 10.0; Win64; x64) AppleWebKit/537.36 (KHTML, like Gecko) Chrome/143.0.0.0 Safari/537.36','Menghapus transaksi simpanan SMP202601150191 senilai Rp 100.000 (Anggota: Fatkhul Muin)','2026-01-15 08:33:20','2026-01-15 08:33:20'),(98,1,'delete',NULL,NULL,NULL,NULL,'127.0.0.1','Mozilla/5.0 (Windows NT 10.0; Win64; x64) AppleWebKit/537.36 (KHTML, like Gecko) Chrome/143.0.0.0 Safari/537.36','Menghapus transaksi simpanan SMP202601150205 senilai Rp 5.000.000 (Anggota: Ngafif Usman)','2026-01-15 08:33:23','2026-01-15 08:33:23'),(99,1,'delete',NULL,NULL,NULL,NULL,'127.0.0.1','Mozilla/5.0 (Windows NT 10.0; Win64; x64) AppleWebKit/537.36 (KHTML, like Gecko) Chrome/143.0.0.0 Safari/537.36','Menghapus transaksi simpanan SMP202601150204 senilai Rp 100.000 (Anggota: Suparyono)','2026-01-15 08:33:27','2026-01-15 08:33:27'),(100,1,'login',NULL,NULL,NULL,NULL,'127.0.0.1','Mozilla/5.0 (Windows NT 10.0; Win64; x64) AppleWebKit/537.36 (KHTML, like Gecko) Chrome/143.0.0.0 Safari/537.36','User login berhasil','2026-01-15 17:04:10','2026-01-15 17:04:10'),(101,1,'export',NULL,NULL,NULL,NULL,'127.0.0.1','Mozilla/5.0 (Windows NT 10.0; Win64; x64) AppleWebKit/537.36 (KHTML, like Gecko) Chrome/143.0.0.0 Safari/537.36','Mengunduh Laporan Anggota (Excel)','2026-01-15 17:04:45','2026-01-15 17:04:45'),(102,1,'create',NULL,NULL,NULL,NULL,'127.0.0.1','Mozilla/5.0 (Windows NT 10.0; Win64; x64) AppleWebKit/537.36 (KHTML, like Gecko) Chrome/143.0.0.0 Safari/537.36','Menyimpan konfigurasi SHU tahun 2026','2026-01-15 17:18:01','2026-01-15 17:18:01'),(103,1,'create',NULL,NULL,NULL,NULL,'127.0.0.1','Mozilla/5.0 (Windows NT 10.0; Win64; x64) AppleWebKit/537.36 (KHTML, like Gecko) Chrome/143.0.0.0 Safari/537.36','Menyimpan konfigurasi SHU tahun 2026','2026-01-15 17:18:24','2026-01-15 17:18:24'),(104,1,'create',NULL,NULL,NULL,NULL,'127.0.0.1','Mozilla/5.0 (Windows NT 10.0; Win64; x64) AppleWebKit/537.36 (KHTML, like Gecko) Chrome/143.0.0.0 Safari/537.36','Menyimpan konfigurasi SHU tahun 2026','2026-01-15 17:28:36','2026-01-15 17:28:36'),(105,1,'create',NULL,NULL,NULL,NULL,'127.0.0.1','Mozilla/5.0 (Windows NT 10.0; Win64; x64) AppleWebKit/537.36 (KHTML, like Gecko) Chrome/143.0.0.0 Safari/537.36','Menyimpan konfigurasi SHU tahun 2026','2026-01-15 17:30:24','2026-01-15 17:30:24'),(106,1,'create',NULL,NULL,NULL,NULL,'127.0.0.1','Mozilla/5.0 (Windows NT 10.0; Win64; x64) AppleWebKit/537.36 (KHTML, like Gecko) Chrome/143.0.0.0 Safari/537.36','Menyimpan konfigurasi SHU tahun 2026','2026-01-15 17:33:37','2026-01-15 17:33:37'),(107,1,'calculate',NULL,NULL,NULL,NULL,'127.0.0.1','Mozilla/5.0 (Windows NT 10.0; Win64; x64) AppleWebKit/537.36 (KHTML, like Gecko) Chrome/143.0.0.0 Safari/537.36','Menghitung SHU tahun 2026 untuk 102 anggota. Pool anggota: Rp 2.000.000','2026-01-15 17:41:40','2026-01-15 17:41:40'),(108,1,'calculate',NULL,NULL,NULL,NULL,'127.0.0.1','Mozilla/5.0 (Windows NT 10.0; Win64; x64) AppleWebKit/537.36 (KHTML, like Gecko) Chrome/143.0.0.0 Safari/537.36','Menghitung SHU tahun 2026 untuk 102 anggota. Pool anggota: Rp 2.000.000','2026-01-15 17:54:42','2026-01-15 17:54:42'),(109,1,'create',NULL,NULL,NULL,NULL,'127.0.0.1','Mozilla/5.0 (Windows NT 10.0; Win64; x64) AppleWebKit/537.36 (KHTML, like Gecko) Chrome/143.0.0.0 Safari/537.36','Menyimpan konfigurasi SHU tahun 2026','2026-01-15 18:29:28','2026-01-15 18:29:28'),(110,1,'logout',NULL,NULL,NULL,NULL,'127.0.0.1','Mozilla/5.0 (Windows NT 10.0; Win64; x64) AppleWebKit/537.36 (KHTML, like Gecko) Chrome/143.0.0.0 Safari/537.36','User logout','2026-01-15 18:33:13','2026-01-15 18:33:13'),(111,557,'login',NULL,NULL,NULL,NULL,'127.0.0.1','Mozilla/5.0 (Windows NT 10.0; Win64; x64) AppleWebKit/537.36 (KHTML, like Gecko) Chrome/143.0.0.0 Safari/537.36','User login berhasil','2026-01-15 18:33:19','2026-01-15 18:33:19'),(112,557,'logout',NULL,NULL,NULL,NULL,'127.0.0.1','Mozilla/5.0 (Windows NT 10.0; Win64; x64) AppleWebKit/537.36 (KHTML, like Gecko) Chrome/143.0.0.0 Safari/537.36','User logout','2026-01-15 18:39:03','2026-01-15 18:39:03'),(113,557,'login',NULL,NULL,NULL,NULL,'127.0.0.1','Mozilla/5.0 (Windows NT 10.0; Win64; x64) AppleWebKit/537.36 (KHTML, like Gecko) Chrome/143.0.0.0 Safari/537.36','User login berhasil','2026-01-15 18:39:09','2026-01-15 18:39:09'),(114,557,'logout',NULL,NULL,NULL,NULL,'127.0.0.1','Mozilla/5.0 (Windows NT 10.0; Win64; x64) AppleWebKit/537.36 (KHTML, like Gecko) Chrome/143.0.0.0 Safari/537.36','User logout','2026-01-15 18:39:40','2026-01-15 18:39:40'),(115,1,'login',NULL,NULL,NULL,NULL,'127.0.0.1','Mozilla/5.0 (Windows NT 10.0; Win64; x64) AppleWebKit/537.36 (KHTML, like Gecko) Chrome/143.0.0.0 Safari/537.36','User login berhasil','2026-01-15 18:39:44','2026-01-15 18:39:44'),(116,557,'login',NULL,NULL,NULL,NULL,'103.47.133.159','Mozilla/5.0 (Linux; Android 10; K) AppleWebKit/537.36 (KHTML, like Gecko) Chrome/143.0.0.0 Mobile Safari/537.36','User login berhasil','2026-01-15 22:42:06','2026-01-15 22:42:06'),(117,1,'logout',NULL,NULL,NULL,NULL,'127.0.0.1','Mozilla/5.0 (Windows NT 10.0; Win64; x64) AppleWebKit/537.36 (KHTML, like Gecko) Chrome/143.0.0.0 Safari/537.36','User logout','2026-01-15 22:46:10','2026-01-15 22:46:10'),(118,557,'login',NULL,NULL,NULL,NULL,'127.0.0.1','Mozilla/5.0 (Windows NT 10.0; Win64; x64) AppleWebKit/537.36 (KHTML, like Gecko) Chrome/143.0.0.0 Safari/537.36','User login berhasil','2026-01-15 22:46:16','2026-01-15 22:46:16'),(119,557,'logout',NULL,NULL,NULL,NULL,'127.0.0.1','Mozilla/5.0 (Windows NT 10.0; Win64; x64) AppleWebKit/537.36 (KHTML, like Gecko) Chrome/143.0.0.0 Safari/537.36','User logout','2026-01-15 22:51:36','2026-01-15 22:51:36'),(120,556,'login',NULL,NULL,NULL,NULL,'127.0.0.1','Mozilla/5.0 (Windows NT 10.0; Win64; x64) AppleWebKit/537.36 (KHTML, like Gecko) Chrome/143.0.0.0 Safari/537.36','User login berhasil','2026-01-15 22:51:41','2026-01-15 22:51:41'),(121,556,'logout',NULL,NULL,NULL,NULL,'127.0.0.1','Mozilla/5.0 (Windows NT 10.0; Win64; x64) AppleWebKit/537.36 (KHTML, like Gecko) Chrome/143.0.0.0 Safari/537.36','User logout','2026-01-15 22:53:58','2026-01-15 22:53:58'),(122,557,'login',NULL,NULL,NULL,NULL,'127.0.0.1','Mozilla/5.0 (Windows NT 10.0; Win64; x64) AppleWebKit/537.36 (KHTML, like Gecko) Chrome/143.0.0.0 Safari/537.36','User login berhasil','2026-01-15 22:54:03','2026-01-15 22:54:03'),(123,557,'logout',NULL,NULL,NULL,NULL,'127.0.0.1','Mozilla/5.0 (Windows NT 10.0; Win64; x64) AppleWebKit/537.36 (KHTML, like Gecko) Chrome/143.0.0.0 Safari/537.36','User logout','2026-01-15 22:58:13','2026-01-15 22:58:13'),(124,556,'login',NULL,NULL,NULL,NULL,'127.0.0.1','Mozilla/5.0 (Windows NT 10.0; Win64; x64) AppleWebKit/537.36 (KHTML, like Gecko) Chrome/143.0.0.0 Safari/537.36','User login berhasil','2026-01-15 22:58:20','2026-01-15 22:58:20'),(125,556,'logout',NULL,NULL,NULL,NULL,'127.0.0.1','Mozilla/5.0 (Windows NT 10.0; Win64; x64) AppleWebKit/537.36 (KHTML, like Gecko) Chrome/143.0.0.0 Safari/537.36','User logout','2026-01-15 23:00:23','2026-01-15 23:00:23'),(126,557,'login',NULL,NULL,NULL,NULL,'127.0.0.1','Mozilla/5.0 (Windows NT 10.0; Win64; x64) AppleWebKit/537.36 (KHTML, like Gecko) Chrome/143.0.0.0 Safari/537.36','User login berhasil','2026-01-15 23:00:34','2026-01-15 23:00:34'),(127,557,'logout',NULL,NULL,NULL,NULL,'127.0.0.1','Mozilla/5.0 (Windows NT 10.0; Win64; x64) AppleWebKit/537.36 (KHTML, like Gecko) Chrome/143.0.0.0 Safari/537.36','User logout','2026-01-15 23:09:58','2026-01-15 23:09:58'),(128,556,'login',NULL,NULL,NULL,NULL,'127.0.0.1','Mozilla/5.0 (Windows NT 10.0; Win64; x64) AppleWebKit/537.36 (KHTML, like Gecko) Chrome/143.0.0.0 Safari/537.36','User login berhasil','2026-01-15 23:10:05','2026-01-15 23:10:05'),(129,556,'logout',NULL,NULL,NULL,NULL,'127.0.0.1','Mozilla/5.0 (Windows NT 10.0; Win64; x64) AppleWebKit/537.36 (KHTML, like Gecko) Chrome/143.0.0.0 Safari/537.36','User logout','2026-01-15 23:10:39','2026-01-15 23:10:39'),(130,557,'login',NULL,NULL,NULL,NULL,'127.0.0.1','Mozilla/5.0 (Windows NT 10.0; Win64; x64) AppleWebKit/537.36 (KHTML, like Gecko) Chrome/143.0.0.0 Safari/537.36','User login berhasil','2026-01-15 23:10:44','2026-01-15 23:10:44'),(131,557,'logout',NULL,NULL,NULL,NULL,'127.0.0.1','Mozilla/5.0 (Windows NT 10.0; Win64; x64) AppleWebKit/537.36 (KHTML, like Gecko) Chrome/143.0.0.0 Safari/537.36','User logout','2026-01-15 23:14:13','2026-01-15 23:14:13'),(132,556,'login',NULL,NULL,NULL,NULL,'127.0.0.1','Mozilla/5.0 (Windows NT 10.0; Win64; x64) AppleWebKit/537.36 (KHTML, like Gecko) Chrome/143.0.0.0 Safari/537.36','User login berhasil','2026-01-15 23:14:17','2026-01-15 23:14:17'),(133,557,'logout',NULL,NULL,NULL,NULL,'103.47.133.159','Mozilla/5.0 (Linux; Android 10; K) AppleWebKit/537.36 (KHTML, like Gecko) Chrome/143.0.0.0 Mobile Safari/537.36','User logout','2026-01-15 23:30:32','2026-01-15 23:30:32'),(134,556,'login',NULL,NULL,NULL,NULL,'103.47.133.159','Mozilla/5.0 (Linux; Android 10; K) AppleWebKit/537.36 (KHTML, like Gecko) Chrome/143.0.0.0 Mobile Safari/537.36','User login berhasil','2026-01-15 23:30:41','2026-01-15 23:30:41'),(135,556,'logout',NULL,NULL,NULL,NULL,'103.47.133.159','Mozilla/5.0 (Linux; Android 10; K) AppleWebKit/537.36 (KHTML, like Gecko) Chrome/143.0.0.0 Mobile Safari/537.36','User logout','2026-01-15 23:41:33','2026-01-15 23:41:33'),(136,1,'login',NULL,NULL,NULL,NULL,'103.47.133.159','Mozilla/5.0 (Linux; Android 10; K) AppleWebKit/537.36 (KHTML, like Gecko) Chrome/143.0.0.0 Mobile Safari/537.36','User login berhasil','2026-01-15 23:41:42','2026-01-15 23:41:42'),(137,556,'logout',NULL,NULL,NULL,NULL,'127.0.0.1','Mozilla/5.0 (Windows NT 10.0; Win64; x64) AppleWebKit/537.36 (KHTML, like Gecko) Chrome/143.0.0.0 Safari/537.36','User logout','2026-01-15 23:50:58','2026-01-15 23:50:58'),(138,1,'login',NULL,NULL,NULL,NULL,'127.0.0.1','Mozilla/5.0 (Windows NT 10.0; Win64; x64) AppleWebKit/537.36 (KHTML, like Gecko) Chrome/143.0.0.0 Safari/537.36','User login berhasil','2026-01-15 23:51:02','2026-01-15 23:51:02'),(139,1,'logout',NULL,NULL,NULL,NULL,'103.47.133.159','Mozilla/5.0 (Linux; Android 10; K) AppleWebKit/537.36 (KHTML, like Gecko) Chrome/143.0.0.0 Mobile Safari/537.36','User logout','2026-01-15 23:54:00','2026-01-15 23:54:00'),(140,556,'login',NULL,NULL,NULL,NULL,'103.47.133.159','Mozilla/5.0 (Linux; Android 10; K) AppleWebKit/537.36 (KHTML, like Gecko) Chrome/143.0.0.0 Mobile Safari/537.36','User login berhasil','2026-01-15 23:54:06','2026-01-15 23:54:06'),(141,1,'import',NULL,NULL,NULL,NULL,'127.0.0.1','Mozilla/5.0 (Windows NT 10.0; Win64; x64) AppleWebKit/537.36 (KHTML, like Gecko) Chrome/143.0.0.0 Safari/537.36','Import data produk (Excel): 24 baru, 0 diperbarui','2026-01-16 00:18:16','2026-01-16 00:18:16'),(142,1,'logout',NULL,NULL,NULL,NULL,'127.0.0.1','Mozilla/5.0 (Windows NT 10.0; Win64; x64) AppleWebKit/537.36 (KHTML, like Gecko) Chrome/143.0.0.0 Safari/537.36','User logout','2026-01-16 00:44:11','2026-01-16 00:44:11'),(143,557,'login',NULL,NULL,NULL,NULL,'127.0.0.1','Mozilla/5.0 (Windows NT 10.0; Win64; x64) AppleWebKit/537.36 (KHTML, like Gecko) Chrome/143.0.0.0 Safari/537.36','User login berhasil','2026-01-16 00:44:17','2026-01-16 00:44:17'),(144,557,'logout',NULL,NULL,NULL,NULL,'127.0.0.1','Mozilla/5.0 (Windows NT 10.0; Win64; x64) AppleWebKit/537.36 (KHTML, like Gecko) Chrome/143.0.0.0 Safari/537.36','User logout','2026-01-16 00:58:49','2026-01-16 00:58:49'),(145,1,'login',NULL,NULL,NULL,NULL,'127.0.0.1','Mozilla/5.0 (Windows NT 10.0; Win64; x64) AppleWebKit/537.36 (KHTML, like Gecko) Chrome/143.0.0.0 Safari/537.36','User login berhasil','2026-01-16 00:58:54','2026-01-16 00:58:54'),(146,1,'update',NULL,NULL,NULL,NULL,'127.0.0.1','Mozilla/5.0 (Windows NT 10.0; Win64; x64) AppleWebKit/537.36 (KHTML, like Gecko) Chrome/143.0.0.0 Safari/537.36','Memperbarui pengaturan sistem','2026-01-16 01:54:20','2026-01-16 01:54:20'),(147,1,'logout',NULL,NULL,NULL,NULL,'127.0.0.1','Mozilla/5.0 (Windows NT 10.0; Win64; x64) AppleWebKit/537.36 (KHTML, like Gecko) Chrome/143.0.0.0 Safari/537.36','User logout','2026-01-16 04:46:37','2026-01-16 04:46:37'),(148,556,'login',NULL,NULL,NULL,NULL,'127.0.0.1','Mozilla/5.0 (Windows NT 10.0; Win64; x64) AppleWebKit/537.36 (KHTML, like Gecko) Chrome/143.0.0.0 Safari/537.36','User login berhasil','2026-01-16 04:46:43','2026-01-16 04:46:43'),(149,556,'logout',NULL,NULL,NULL,NULL,'127.0.0.1','Mozilla/5.0 (Windows NT 10.0; Win64; x64) AppleWebKit/537.36 (KHTML, like Gecko) Chrome/143.0.0.0 Safari/537.36','User logout','2026-01-16 04:47:24','2026-01-16 04:47:24'),(150,556,'login',NULL,NULL,NULL,NULL,'127.0.0.1','Mozilla/5.0 (Windows NT 10.0; Win64; x64) AppleWebKit/537.36 (KHTML, like Gecko) Chrome/143.0.0.0 Safari/537.36','User login berhasil','2026-01-16 04:47:44','2026-01-16 04:47:44'),(151,556,'create','App\\Models\\ConsignmentSettlement',5,NULL,NULL,'127.0.0.1','Mozilla/5.0 (Windows NT 10.0; Win64; x64) AppleWebKit/537.36 (KHTML, like Gecko) Chrome/143.0.0.0 Safari/537.36','Membuat settlement konsinyasi (savings): CS-20260116-8954','2026-01-16 04:52:57','2026-01-16 04:52:57'),(152,556,'logout',NULL,NULL,NULL,NULL,'127.0.0.1','Mozilla/5.0 (Windows NT 10.0; Win64; x64) AppleWebKit/537.36 (KHTML, like Gecko) Chrome/143.0.0.0 Safari/537.36','User logout','2026-01-16 04:53:13','2026-01-16 04:53:13'),(153,1,'login',NULL,NULL,NULL,NULL,'127.0.0.1','Mozilla/5.0 (Windows NT 10.0; Win64; x64) AppleWebKit/537.36 (KHTML, like Gecko) Chrome/143.0.0.0 Safari/537.36','User login berhasil','2026-01-16 04:53:18','2026-01-16 04:53:18'),(154,1,'logout',NULL,NULL,NULL,NULL,'127.0.0.1','Mozilla/5.0 (Windows NT 10.0; Win64; x64) AppleWebKit/537.36 (KHTML, like Gecko) Chrome/143.0.0.0 Safari/537.36','User logout','2026-01-16 05:16:58','2026-01-16 05:16:58'),(155,556,'login',NULL,NULL,NULL,NULL,'127.0.0.1','Mozilla/5.0 (Windows NT 10.0; Win64; x64) AppleWebKit/537.36 (KHTML, like Gecko) Chrome/143.0.0.0 Safari/537.36','User login berhasil','2026-01-16 05:17:04','2026-01-16 05:17:04'),(156,556,'logout',NULL,NULL,NULL,NULL,'127.0.0.1','Mozilla/5.0 (Windows NT 10.0; Win64; x64) AppleWebKit/537.36 (KHTML, like Gecko) Chrome/143.0.0.0 Safari/537.36','User logout','2026-01-16 05:17:20','2026-01-16 05:17:20'),(157,557,'login',NULL,NULL,NULL,NULL,'127.0.0.1','Mozilla/5.0 (Windows NT 10.0; Win64; x64) AppleWebKit/537.36 (KHTML, like Gecko) Chrome/143.0.0.0 Safari/537.36','User login berhasil','2026-01-16 05:17:24','2026-01-16 05:17:24'),(158,557,'logout',NULL,NULL,NULL,NULL,'127.0.0.1','Mozilla/5.0 (Windows NT 10.0; Win64; x64) AppleWebKit/537.36 (KHTML, like Gecko) Chrome/143.0.0.0 Safari/537.36','User logout','2026-01-16 05:24:05','2026-01-16 05:24:05'),(159,556,'login',NULL,NULL,NULL,NULL,'127.0.0.1','Mozilla/5.0 (Windows NT 10.0; Win64; x64) AppleWebKit/537.36 (KHTML, like Gecko) Chrome/143.0.0.0 Safari/537.36','User login berhasil','2026-01-16 05:24:11','2026-01-16 05:24:11'),(160,556,'logout',NULL,NULL,NULL,NULL,'127.0.0.1','Mozilla/5.0 (Windows NT 10.0; Win64; x64) AppleWebKit/537.36 (KHTML, like Gecko) Chrome/143.0.0.0 Safari/537.36','User logout','2026-01-16 05:28:45','2026-01-16 05:28:45'),(161,1,'login',NULL,NULL,NULL,NULL,'127.0.0.1','Mozilla/5.0 (Windows NT 10.0; Win64; x64) AppleWebKit/537.36 (KHTML, like Gecko) Chrome/143.0.0.0 Safari/537.36','User login berhasil','2026-01-16 05:28:50','2026-01-16 05:28:50'),(162,1,'logout',NULL,NULL,NULL,NULL,'127.0.0.1','Mozilla/5.0 (Windows NT 10.0; Win64; x64) AppleWebKit/537.36 (KHTML, like Gecko) Chrome/143.0.0.0 Safari/537.36','User logout','2026-01-16 05:29:47','2026-01-16 05:29:47'),(163,557,'login',NULL,NULL,NULL,NULL,'127.0.0.1','Mozilla/5.0 (Windows NT 10.0; Win64; x64) AppleWebKit/537.36 (KHTML, like Gecko) Chrome/143.0.0.0 Safari/537.36','User login berhasil','2026-01-16 05:29:51','2026-01-16 05:29:51'),(164,557,'logout',NULL,NULL,NULL,NULL,'127.0.0.1','Mozilla/5.0 (Windows NT 10.0; Win64; x64) AppleWebKit/537.36 (KHTML, like Gecko) Chrome/143.0.0.0 Safari/537.36','User logout','2026-01-16 05:33:59','2026-01-16 05:33:59'),(165,1,'login',NULL,NULL,NULL,NULL,'127.0.0.1','Mozilla/5.0 (Windows NT 10.0; Win64; x64) AppleWebKit/537.36 (KHTML, like Gecko) Chrome/143.0.0.0 Safari/537.36','User login berhasil','2026-01-16 05:34:03','2026-01-16 05:34:03'),(166,1,'logout',NULL,NULL,NULL,NULL,'127.0.0.1','Mozilla/5.0 (Windows NT 10.0; Win64; x64) AppleWebKit/537.36 (KHTML, like Gecko) Chrome/143.0.0.0 Safari/537.36','User logout','2026-01-16 06:08:33','2026-01-16 06:08:33'),(167,557,'login',NULL,NULL,NULL,NULL,'127.0.0.1','Mozilla/5.0 (Windows NT 10.0; Win64; x64) AppleWebKit/537.36 (KHTML, like Gecko) Chrome/143.0.0.0 Safari/537.36','User login berhasil','2026-01-16 06:08:38','2026-01-16 06:08:38'),(168,557,'logout',NULL,NULL,NULL,NULL,'127.0.0.1','Mozilla/5.0 (Windows NT 10.0; Win64; x64) AppleWebKit/537.36 (KHTML, like Gecko) Chrome/143.0.0.0 Safari/537.36','User logout','2026-01-16 06:11:05','2026-01-16 06:11:05'),(169,1,'login',NULL,NULL,NULL,NULL,'127.0.0.1','Mozilla/5.0 (Windows NT 10.0; Win64; x64) AppleWebKit/537.36 (KHTML, like Gecko) Chrome/143.0.0.0 Safari/537.36','User login berhasil','2026-01-16 06:11:10','2026-01-16 06:11:10'),(170,1,'logout',NULL,NULL,NULL,NULL,'127.0.0.1','Mozilla/5.0 (Windows NT 10.0; Win64; x64) AppleWebKit/537.36 (KHTML, like Gecko) Chrome/143.0.0.0 Safari/537.36','User logout','2026-01-16 06:15:38','2026-01-16 06:15:38'),(171,557,'login',NULL,NULL,NULL,NULL,'127.0.0.1','Mozilla/5.0 (Windows NT 10.0; Win64; x64) AppleWebKit/537.36 (KHTML, like Gecko) Chrome/143.0.0.0 Safari/537.36','User login berhasil','2026-01-16 06:15:49','2026-01-16 06:15:49'),(172,557,'logout',NULL,NULL,NULL,NULL,'127.0.0.1','Mozilla/5.0 (Windows NT 10.0; Win64; x64) AppleWebKit/537.36 (KHTML, like Gecko) Chrome/143.0.0.0 Safari/537.36','User logout','2026-01-16 06:16:42','2026-01-16 06:16:42'),(173,1,'login',NULL,NULL,NULL,NULL,'127.0.0.1','Mozilla/5.0 (Windows NT 10.0; Win64; x64) AppleWebKit/537.36 (KHTML, like Gecko) Chrome/143.0.0.0 Safari/537.36','User login berhasil','2026-01-16 06:16:47','2026-01-16 06:16:47'),(174,1,'logout',NULL,NULL,NULL,NULL,'127.0.0.1','Mozilla/5.0 (Windows NT 10.0; Win64; x64) AppleWebKit/537.36 (KHTML, like Gecko) Chrome/143.0.0.0 Safari/537.36','User logout','2026-01-16 06:23:02','2026-01-16 06:23:02'),(175,556,'login',NULL,NULL,NULL,NULL,'127.0.0.1','Mozilla/5.0 (Windows NT 10.0; Win64; x64) AppleWebKit/537.36 (KHTML, like Gecko) Chrome/143.0.0.0 Safari/537.36','User login berhasil','2026-01-16 06:23:07','2026-01-16 06:23:07'),(176,1,'login',NULL,NULL,NULL,NULL,'2402:8780:102a:9a5d:d043:50a0:aa05:732a','Mozilla/5.0 (Windows NT 10.0; Win64; x64) AppleWebKit/537.36 (KHTML, like Gecko) Chrome/143.0.0.0 Safari/537.36','User login berhasil','2026-01-16 06:25:22','2026-01-16 06:25:22'),(177,1,'login',NULL,NULL,NULL,NULL,'103.47.133.159','Mozilla/5.0 (Linux; Android 10; K) AppleWebKit/537.36 (KHTML, like Gecko) Chrome/143.0.0.0 Mobile Safari/537.36','User login berhasil','2026-01-16 07:22:12','2026-01-16 07:22:12'),(178,1,'login',NULL,NULL,NULL,NULL,'103.47.133.159','Mozilla/5.0 (Linux; Android 10; K) AppleWebKit/537.36 (KHTML, like Gecko) Chrome/143.0.0.0 Mobile Safari/537.36','User login berhasil','2026-01-16 07:22:22','2026-01-16 07:22:22'),(179,1,'login',NULL,NULL,NULL,NULL,'103.47.133.159','Mozilla/5.0 (Linux; Android 10; K) AppleWebKit/537.36 (KHTML, like Gecko) Chrome/143.0.0.0 Mobile Safari/537.36','User login berhasil','2026-01-16 07:22:46','2026-01-16 07:22:46'),(180,1,'logout',NULL,NULL,NULL,NULL,'2402:8780:102a:9a5d:d043:50a0:aa05:732a','Mozilla/5.0 (Windows NT 10.0; Win64; x64) AppleWebKit/537.36 (KHTML, like Gecko) Chrome/143.0.0.0 Safari/537.36','User logout','2026-01-16 07:43:25','2026-01-16 07:43:25'),(181,1,'logout',NULL,NULL,NULL,NULL,'103.47.133.159','Mozilla/5.0 (Linux; Android 10; K) AppleWebKit/537.36 (KHTML, like Gecko) Chrome/143.0.0.0 Mobile Safari/537.36','User logout','2026-01-16 07:53:20','2026-01-16 07:53:20'),(182,557,'login',NULL,NULL,NULL,NULL,'103.47.133.159','Mozilla/5.0 (Linux; Android 10; K) AppleWebKit/537.36 (KHTML, like Gecko) Chrome/143.0.0.0 Mobile Safari/537.36','User login berhasil','2026-01-16 07:53:30','2026-01-16 07:53:30'),(183,557,'login',NULL,NULL,NULL,NULL,'103.47.133.159','Mozilla/5.0 (Linux; Android 10; K) AppleWebKit/537.36 (KHTML, like Gecko) Chrome/143.0.0.0 Mobile Safari/537.36','User login berhasil','2026-01-16 07:53:52','2026-01-16 07:53:52'),(184,556,'logout',NULL,NULL,NULL,NULL,'127.0.0.1','Mozilla/5.0 (Windows NT 10.0; Win64; x64) AppleWebKit/537.36 (KHTML, like Gecko) Chrome/143.0.0.0 Safari/537.36','User logout','2026-01-16 08:09:50','2026-01-16 08:09:50'),(185,557,'login',NULL,NULL,NULL,NULL,'127.0.0.1','Mozilla/5.0 (Windows NT 10.0; Win64; x64) AppleWebKit/537.36 (KHTML, like Gecko) Chrome/143.0.0.0 Safari/537.36','User login berhasil','2026-01-16 08:10:03','2026-01-16 08:10:03'),(186,557,'logout',NULL,NULL,NULL,NULL,'127.0.0.1','Mozilla/5.0 (Windows NT 10.0; Win64; x64) AppleWebKit/537.36 (KHTML, like Gecko) Chrome/143.0.0.0 Safari/537.36','User logout','2026-01-16 08:14:52','2026-01-16 08:14:52'),(187,557,'login',NULL,NULL,NULL,NULL,'127.0.0.1','Mozilla/5.0 (Windows NT 10.0; Win64; x64) AppleWebKit/537.36 (KHTML, like Gecko) Chrome/143.0.0.0 Safari/537.36','User login berhasil','2026-01-16 08:15:01','2026-01-16 08:15:01'),(188,557,'export',NULL,NULL,NULL,NULL,'127.0.0.1','Mozilla/5.0 (Windows NT 10.0; Win64; x64) AppleWebKit/537.36 (KHTML, like Gecko) Chrome/143.0.0.0 Safari/537.36','Mengunduh Laporan Anggota (PDF)','2026-01-16 08:30:23','2026-01-16 08:30:23'),(189,557,'logout',NULL,NULL,NULL,NULL,'103.47.133.159','Mozilla/5.0 (Linux; Android 10; K) AppleWebKit/537.36 (KHTML, like Gecko) Chrome/143.0.0.0 Mobile Safari/537.36','User logout','2026-01-16 08:56:50','2026-01-16 08:56:50'),(190,557,'login',NULL,NULL,NULL,NULL,'103.47.133.159','Mozilla/5.0 (Linux; Android 10; K) AppleWebKit/537.36 (KHTML, like Gecko) Chrome/143.0.0.0 Mobile Safari/537.36','User login berhasil','2026-01-16 08:57:25','2026-01-16 08:57:25'),(191,557,'login',NULL,NULL,NULL,NULL,'103.47.133.159','Mozilla/5.0 (Linux; Android 10; K) AppleWebKit/537.36 (KHTML, like Gecko) Chrome/143.0.0.0 Mobile Safari/537.36','User login berhasil','2026-01-16 08:57:25','2026-01-16 08:57:25'),(192,557,'login',NULL,NULL,NULL,NULL,'103.47.133.159','Mozilla/5.0 (Linux; Android 10; K) AppleWebKit/537.36 (KHTML, like Gecko) Chrome/143.0.0.0 Mobile Safari/537.36','User login berhasil','2026-01-16 08:57:31','2026-01-16 08:57:31'),(193,557,'logout',NULL,NULL,NULL,NULL,'127.0.0.1','Mozilla/5.0 (Windows NT 10.0; Win64; x64) AppleWebKit/537.36 (KHTML, like Gecko) Chrome/143.0.0.0 Safari/537.36','User logout','2026-01-16 09:02:43','2026-01-16 09:02:43'),(194,1,'login',NULL,NULL,NULL,NULL,'127.0.0.1','Mozilla/5.0 (Windows NT 10.0; Win64; x64) AppleWebKit/537.36 (KHTML, like Gecko) Chrome/143.0.0.0 Safari/537.36','User login berhasil','2026-01-16 09:02:47','2026-01-16 09:02:47'),(195,1,'logout',NULL,NULL,NULL,NULL,'127.0.0.1','Mozilla/5.0 (Windows NT 10.0; Win64; x64) AppleWebKit/537.36 (KHTML, like Gecko) Chrome/143.0.0.0 Safari/537.36','User logout','2026-01-16 09:06:01','2026-01-16 09:06:01'),(196,557,'login',NULL,NULL,NULL,NULL,'127.0.0.1','Mozilla/5.0 (Windows NT 10.0; Win64; x64) AppleWebKit/537.36 (KHTML, like Gecko) Chrome/143.0.0.0 Safari/537.36','User login berhasil','2026-01-16 09:06:10','2026-01-16 09:06:10'),(197,1,'login',NULL,NULL,NULL,NULL,'2402:8780:102a:9a5d:b825:fc85:2654:d405','Mozilla/5.0 (Windows NT 10.0; Win64; x64) AppleWebKit/537.36 (KHTML, like Gecko) Chrome/143.0.0.0 Safari/537.36','User login berhasil','2026-01-16 18:05:59','2026-01-16 18:05:59'),(198,1,'logout',NULL,NULL,NULL,NULL,'2402:8780:102a:9a5d:b825:fc85:2654:d405','Mozilla/5.0 (Windows NT 10.0; Win64; x64) AppleWebKit/537.36 (KHTML, like Gecko) Chrome/143.0.0.0 Safari/537.36','User logout','2026-01-16 18:06:54','2026-01-16 18:06:54'),(199,556,'login',NULL,NULL,NULL,NULL,'2402:8780:102a:9a5d:b825:fc85:2654:d405','Mozilla/5.0 (Windows NT 10.0; Win64; x64) AppleWebKit/537.36 (KHTML, like Gecko) Chrome/143.0.0.0 Safari/537.36','User login berhasil','2026-01-16 18:07:17','2026-01-16 18:07:17'),(200,557,'login',NULL,NULL,NULL,NULL,'2402:8780:102a:9a5d:c9a1:e087:2e6b:bad2','Mozilla/5.0 (Linux; Android 10; K) AppleWebKit/537.36 (KHTML, like Gecko) Chrome/143.0.0.0 Mobile Safari/537.36','User login berhasil','2026-01-16 18:10:38','2026-01-16 18:10:38'),(201,556,'logout',NULL,NULL,NULL,NULL,'2402:8780:102a:9a5d:b825:fc85:2654:d405','Mozilla/5.0 (Windows NT 10.0; Win64; x64) AppleWebKit/537.36 (KHTML, like Gecko) Chrome/143.0.0.0 Safari/537.36','User logout','2026-01-16 18:12:57','2026-01-16 18:12:57'),(202,557,'login',NULL,NULL,NULL,NULL,'2402:8780:102a:9a5d:b825:fc85:2654:d405','Mozilla/5.0 (Windows NT 10.0; Win64; x64) AppleWebKit/537.36 (KHTML, like Gecko) Chrome/143.0.0.0 Safari/537.36','User login berhasil','2026-01-16 18:13:25','2026-01-16 18:13:25'),(203,557,'logout',NULL,NULL,NULL,NULL,'2402:8780:102a:9a5d:b825:fc85:2654:d405','Mozilla/5.0 (Windows NT 10.0; Win64; x64) AppleWebKit/537.36 (KHTML, like Gecko) Chrome/143.0.0.0 Safari/537.36','User logout','2026-01-16 18:18:58','2026-01-16 18:18:58'),(204,1,'login',NULL,NULL,NULL,NULL,'2402:8780:102a:9a5d:b825:fc85:2654:d405','Mozilla/5.0 (Windows NT 10.0; Win64; x64) AppleWebKit/537.36 (KHTML, like Gecko) Chrome/143.0.0.0 Safari/537.36','User login berhasil','2026-01-16 18:19:13','2026-01-16 18:19:13'),(205,1,'export',NULL,NULL,NULL,'{\"count\": 48, \"format\": \"xlsx\"}','2402:8780:102a:9a5d:b825:fc85:2654:d405','Mozilla/5.0 (Windows NT 10.0; Win64; x64) AppleWebKit/537.36 (KHTML, like Gecko) Chrome/143.0.0.0 Safari/537.36','product','2026-01-16 19:03:08','2026-01-16 19:03:08'),(206,1,'update',NULL,NULL,NULL,NULL,'2402:8780:102a:9a5d:b825:fc85:2654:d405','Mozilla/5.0 (Windows NT 10.0; Win64; x64) AppleWebKit/537.36 (KHTML, like Gecko) Chrome/143.0.0.0 Safari/537.36','Memperbarui pengaturan sistem','2026-01-16 19:30:56','2026-01-16 19:30:56'),(207,557,'logout',NULL,NULL,NULL,NULL,'2402:8780:102a:9a5d:c9a1:e087:2e6b:bad2','Mozilla/5.0 (Linux; Android 10; K) AppleWebKit/537.36 (KHTML, like Gecko) Chrome/143.0.0.0 Mobile Safari/537.36','User logout','2026-01-16 19:57:40','2026-01-16 19:57:40'),(208,1,'login',NULL,NULL,NULL,NULL,'2402:8780:102a:9a5d:c9a1:e087:2e6b:bad2','Mozilla/5.0 (Linux; Android 10; K) AppleWebKit/537.36 (KHTML, like Gecko) Chrome/143.0.0.0 Mobile Safari/537.36','User login berhasil','2026-01-16 19:57:49','2026-01-16 19:57:49'),(209,1,'logout',NULL,NULL,NULL,NULL,'2402:8780:102a:9a5d:b825:fc85:2654:d405','Mozilla/5.0 (Windows NT 10.0; Win64; x64) AppleWebKit/537.36 (KHTML, like Gecko) Chrome/143.0.0.0 Safari/537.36','User logout','2026-01-16 20:17:20','2026-01-16 20:17:20'),(210,556,'login',NULL,NULL,NULL,NULL,'2402:8780:102a:9a5d:b825:fc85:2654:d405','Mozilla/5.0 (Windows NT 10.0; Win64; x64) AppleWebKit/537.36 (KHTML, like Gecko) Chrome/143.0.0.0 Safari/537.36','User login berhasil','2026-01-16 20:17:34','2026-01-16 20:17:34'),(211,556,'logout',NULL,NULL,NULL,NULL,'2402:8780:102a:9a5d:b825:fc85:2654:d405','Mozilla/5.0 (Windows NT 10.0; Win64; x64) AppleWebKit/537.36 (KHTML, like Gecko) Chrome/143.0.0.0 Safari/537.36','User logout','2026-01-16 20:28:31','2026-01-16 20:28:31'),(212,1,'login',NULL,NULL,NULL,NULL,'2402:8780:102a:9a5d:b825:fc85:2654:d405','Mozilla/5.0 (Windows NT 10.0; Win64; x64) AppleWebKit/537.36 (KHTML, like Gecko) Chrome/143.0.0.0 Safari/537.36','User login berhasil','2026-01-16 20:28:41','2026-01-16 20:28:41'),(213,1,'logout',NULL,NULL,NULL,NULL,'2402:8780:102a:9a5d:b825:fc85:2654:d405','Mozilla/5.0 (Windows NT 10.0; Win64; x64) AppleWebKit/537.36 (KHTML, like Gecko) Chrome/143.0.0.0 Safari/537.36','User logout','2026-01-16 20:33:09','2026-01-16 20:33:09'),(214,556,'login',NULL,NULL,NULL,NULL,'2402:8780:102a:9a5d:b825:fc85:2654:d405','Mozilla/5.0 (Windows NT 10.0; Win64; x64) AppleWebKit/537.36 (KHTML, like Gecko) Chrome/143.0.0.0 Safari/537.36','User login berhasil','2026-01-16 20:33:17','2026-01-16 20:33:17'),(215,556,'logout',NULL,NULL,NULL,NULL,'2402:8780:102a:9a5d:b825:fc85:2654:d405','Mozilla/5.0 (Windows NT 10.0; Win64; x64) AppleWebKit/537.36 (KHTML, like Gecko) Chrome/143.0.0.0 Safari/537.36','User logout','2026-01-16 20:49:30','2026-01-16 20:49:30'),(216,1,'login',NULL,NULL,NULL,NULL,'2402:8780:102a:9a5d:b825:fc85:2654:d405','Mozilla/5.0 (Windows NT 10.0; Win64; x64) AppleWebKit/537.36 (KHTML, like Gecko) Chrome/143.0.0.0 Safari/537.36','User login berhasil','2026-01-16 20:49:50','2026-01-16 20:49:50'),(217,1,'logout',NULL,NULL,NULL,NULL,'2402:8780:102a:9a5d:3d54:3e59:88cb:303b','Mozilla/5.0 (Linux; Android 10; K) AppleWebKit/537.36 (KHTML, like Gecko) Chrome/143.0.0.0 Mobile Safari/537.36','User logout','2026-01-16 21:38:09','2026-01-16 21:38:09'),(218,557,'login',NULL,NULL,NULL,NULL,'2402:8780:102a:9a5d:3d54:3e59:88cb:303b','Mozilla/5.0 (Linux; Android 10; K) AppleWebKit/537.36 (KHTML, like Gecko) Chrome/143.0.0.0 Mobile Safari/537.36','User login berhasil','2026-01-16 21:38:22','2026-01-16 21:38:22'),(219,1,'logout',NULL,NULL,NULL,NULL,'2402:8780:102a:9a5d:b825:fc85:2654:d405','Mozilla/5.0 (Windows NT 10.0; Win64; x64) AppleWebKit/537.36 (KHTML, like Gecko) Chrome/143.0.0.0 Safari/537.36','User logout','2026-01-16 22:17:40','2026-01-16 22:17:40'),(220,557,'login',NULL,NULL,NULL,NULL,'2402:8780:102a:9a5d:b825:fc85:2654:d405','Mozilla/5.0 (Windows NT 10.0; Win64; x64) AppleWebKit/537.36 (KHTML, like Gecko) Chrome/143.0.0.0 Safari/537.36','User login berhasil','2026-01-16 22:17:49','2026-01-16 22:17:49'),(221,557,'logout',NULL,NULL,NULL,NULL,'2402:8780:102a:9a5d:b825:fc85:2654:d405','Mozilla/5.0 (Windows NT 10.0; Win64; x64) AppleWebKit/537.36 (KHTML, like Gecko) Chrome/143.0.0.0 Safari/537.36','User logout','2026-01-16 22:18:42','2026-01-16 22:18:42'),(222,1,'login',NULL,NULL,NULL,NULL,'2402:8780:102a:9a5d:b825:fc85:2654:d405','Mozilla/5.0 (Windows NT 10.0; Win64; x64) AppleWebKit/537.36 (KHTML, like Gecko) Chrome/143.0.0.0 Safari/537.36','User login berhasil','2026-01-16 22:18:53','2026-01-16 22:18:53'),(223,1,'logout',NULL,NULL,NULL,NULL,'2402:8780:102a:9a5d:b825:fc85:2654:d405','Mozilla/5.0 (Windows NT 10.0; Win64; x64) AppleWebKit/537.36 (KHTML, like Gecko) Chrome/143.0.0.0 Safari/537.36','User logout','2026-01-16 22:53:02','2026-01-16 22:53:02'),(224,557,'login',NULL,NULL,NULL,NULL,'2402:8780:102a:9a5d:b825:fc85:2654:d405','Mozilla/5.0 (Windows NT 10.0; Win64; x64) AppleWebKit/537.36 (KHTML, like Gecko) Chrome/143.0.0.0 Safari/537.36','User login berhasil','2026-01-16 22:53:13','2026-01-16 22:53:13'),(225,557,'logout',NULL,NULL,NULL,NULL,'2402:8780:102a:9a5d:b825:fc85:2654:d405','Mozilla/5.0 (Windows NT 10.0; Win64; x64) AppleWebKit/537.36 (KHTML, like Gecko) Chrome/143.0.0.0 Safari/537.36','User logout','2026-01-16 22:57:57','2026-01-16 22:57:57'),(226,1,'login',NULL,NULL,NULL,NULL,'2402:8780:102a:9a5d:b825:fc85:2654:d405','Mozilla/5.0 (Windows NT 10.0; Win64; x64) AppleWebKit/537.36 (KHTML, like Gecko) Chrome/143.0.0.0 Safari/537.36','User login berhasil','2026-01-16 22:58:06','2026-01-16 22:58:06'),(227,557,'logout',NULL,NULL,NULL,NULL,'2402:8780:102a:9a5d:3d54:3e59:88cb:303b','Mozilla/5.0 (Linux; Android 10; K) AppleWebKit/537.36 (KHTML, like Gecko) Chrome/143.0.0.0 Mobile Safari/537.36','User logout','2026-01-16 23:38:26','2026-01-16 23:38:26'),(228,1,'login',NULL,NULL,NULL,NULL,'127.0.0.1','Mozilla/5.0 (Windows NT 10.0; Win64; x64) AppleWebKit/537.36 (KHTML, like Gecko) Chrome/143.0.0.0 Safari/537.36','User login berhasil','2026-01-17 01:54:19','2026-01-17 01:54:19'),(229,557,'login',NULL,NULL,NULL,NULL,'2402:8780:102a:9a5d:3d54:3e59:88cb:303b','Mozilla/5.0 (Linux; Android 10; K) AppleWebKit/537.36 (KHTML, like Gecko) Chrome/143.0.0.0 Mobile Safari/537.36','User login berhasil','2026-01-17 01:57:44','2026-01-17 01:57:44'),(230,557,'login',NULL,NULL,NULL,NULL,'2402:8780:102a:9a5d:3d54:3e59:88cb:303b','Mozilla/5.0 (Linux; Android 10; K) AppleWebKit/537.36 (KHTML, like Gecko) Chrome/143.0.0.0 Mobile Safari/537.36','User login berhasil','2026-01-17 01:57:59','2026-01-17 01:57:59'),(231,1,'logout',NULL,NULL,NULL,NULL,'127.0.0.1','Mozilla/5.0 (Windows NT 10.0; Win64; x64) AppleWebKit/537.36 (KHTML, like Gecko) Chrome/143.0.0.0 Safari/537.36','User logout','2026-01-17 04:05:56','2026-01-17 04:05:56'),(232,1,'logout',NULL,NULL,NULL,NULL,'2402:8780:102a:9a5d:b825:fc85:2654:d405','Mozilla/5.0 (Windows NT 10.0; Win64; x64) AppleWebKit/537.36 (KHTML, like Gecko) Chrome/143.0.0.0 Safari/537.36','User logout','2026-01-17 04:06:03','2026-01-17 04:06:03'),(233,556,'login',NULL,NULL,NULL,NULL,'127.0.0.1','Mozilla/5.0 (Windows NT 10.0; Win64; x64) AppleWebKit/537.36 (KHTML, like Gecko) Chrome/143.0.0.0 Safari/537.36','User login berhasil','2026-01-17 04:06:23','2026-01-17 04:06:23'),(234,556,'logout',NULL,NULL,NULL,NULL,'127.0.0.1','Mozilla/5.0 (Windows NT 10.0; Win64; x64) AppleWebKit/537.36 (KHTML, like Gecko) Chrome/143.0.0.0 Safari/537.36','User logout','2026-01-17 04:29:13','2026-01-17 04:29:13'),(235,556,'login',NULL,NULL,NULL,NULL,'127.0.0.1','Mozilla/5.0 (Windows NT 10.0; Win64; x64) AppleWebKit/537.36 (KHTML, like Gecko) Chrome/143.0.0.0 Safari/537.36','User login berhasil','2026-01-17 04:29:18','2026-01-17 04:29:18'),(236,1,'login',NULL,NULL,NULL,NULL,'2402:8780:102a:9a5d:b825:fc85:2654:d405','Mozilla/5.0 (Windows NT 10.0; Win64; x64) AppleWebKit/537.36 (KHTML, like Gecko) Chrome/143.0.0.0 Safari/537.36','User login berhasil','2026-01-17 04:29:30','2026-01-17 04:29:30'),(237,1,'logout',NULL,NULL,NULL,NULL,'2402:8780:102a:9a5d:b825:fc85:2654:d405','Mozilla/5.0 (Windows NT 10.0; Win64; x64) AppleWebKit/537.36 (KHTML, like Gecko) Chrome/143.0.0.0 Safari/537.36','User logout','2026-01-17 04:30:02','2026-01-17 04:30:02'),(238,1,'login',NULL,NULL,NULL,NULL,'2402:8780:102a:9a5d:b825:fc85:2654:d405','Mozilla/5.0 (Windows NT 10.0; Win64; x64) AppleWebKit/537.36 (KHTML, like Gecko) Chrome/143.0.0.0 Safari/537.36','User login berhasil','2026-01-17 04:30:55','2026-01-17 04:30:55'),(239,557,'logout',NULL,NULL,NULL,NULL,'2402:8780:102a:9a5d:3d54:3e59:88cb:303b','Mozilla/5.0 (Linux; Android 10; K) AppleWebKit/537.36 (KHTML, like Gecko) Chrome/143.0.0.0 Mobile Safari/537.36','User logout','2026-01-17 04:33:31','2026-01-17 04:33:31'),(240,557,'login',NULL,NULL,NULL,NULL,'2402:8780:102a:9a5d:3d54:3e59:88cb:303b','Mozilla/5.0 (Linux; Android 10; K) AppleWebKit/537.36 (KHTML, like Gecko) Chrome/143.0.0.0 Mobile Safari/537.36','User login berhasil','2026-01-17 04:34:31','2026-01-17 04:34:31'),(241,1,'login',NULL,NULL,NULL,NULL,'127.0.0.1','Mozilla/5.0 (Windows NT 10.0; Win64; x64) AppleWebKit/537.36 (KHTML, like Gecko) Chrome/143.0.0.0 Safari/537.36','User login berhasil','2026-01-18 00:54:57','2026-01-18 00:54:57'),(242,557,'login',NULL,NULL,NULL,NULL,'2402:8780:102a:9a5d:ebac:ea0f:28d8:c60f','Mozilla/5.0 (Linux; Android 10; K) AppleWebKit/537.36 (KHTML, like Gecko) Chrome/143.0.0.0 Mobile Safari/537.36','User login berhasil','2026-01-18 02:04:34','2026-01-18 02:04:34'),(243,1,'login',NULL,NULL,NULL,NULL,'2402:8780:102a:9a5d:d587:f4d8:ba56:210c','Mozilla/5.0 (Windows NT 10.0; Win64; x64) AppleWebKit/537.36 (KHTML, like Gecko) Chrome/143.0.0.0 Safari/537.36','User login berhasil','2026-01-18 02:32:57','2026-01-18 02:32:57'),(244,557,'logout',NULL,NULL,NULL,NULL,'2402:8780:102a:9a5d:ebac:ea0f:28d8:c60f','Mozilla/5.0 (Linux; Android 10; K) AppleWebKit/537.36 (KHTML, like Gecko) Chrome/143.0.0.0 Mobile Safari/537.36','User logout','2026-01-18 02:52:21','2026-01-18 02:52:21'),(245,1,'logout',NULL,NULL,NULL,NULL,'127.0.0.1','Mozilla/5.0 (Windows NT 10.0; Win64; x64) AppleWebKit/537.36 (KHTML, like Gecko) Chrome/143.0.0.0 Safari/537.36','User logout','2026-01-18 03:19:18','2026-01-18 03:19:18'),(246,1,'update',NULL,NULL,NULL,NULL,'2402:8780:102a:9a5d:d587:f4d8:ba56:210c','Mozilla/5.0 (Windows NT 10.0; Win64; x64) AppleWebKit/537.36 (KHTML, like Gecko) Chrome/143.0.0.0 Safari/537.36','Memperbarui pengaturan sistem','2026-01-18 03:44:00','2026-01-18 03:44:00'),(247,1,'update',NULL,NULL,NULL,NULL,'2402:8780:102a:9a5d:d587:f4d8:ba56:210c','Mozilla/5.0 (Windows NT 10.0; Win64; x64) AppleWebKit/537.36 (KHTML, like Gecko) Chrome/143.0.0.0 Safari/537.36','Memperbarui pengaturan sistem','2026-01-18 03:50:45','2026-01-18 03:50:45'),(248,1,'backup',NULL,NULL,NULL,NULL,'2404:c0:2570::3266:2f95','Mozilla/5.0 (Windows NT 10.0; Win64; x64) AppleWebKit/537.36 (KHTML, like Gecko) Chrome/143.0.0.0 Safari/537.36','Mengunduh backup database: backup_koperasi_2026-01-18_11-07-25.sql','2026-01-18 04:07:27','2026-01-18 04:07:27'),(249,1,'delete',NULL,NULL,NULL,NULL,'2404:c0:2570::3266:2f95','Mozilla/5.0 (Windows NT 10.0; Win64; x64) AppleWebKit/537.36 (KHTML, like Gecko) Chrome/143.0.0.0 Safari/537.36','Menghapus file backup database: backup_koperasi_2025-12-22_23-30-28.sql','2026-01-18 04:08:59','2026-01-18 04:08:59'),(250,1,'delete',NULL,NULL,NULL,NULL,'2404:c0:2570::3266:2f95','Mozilla/5.0 (Windows NT 10.0; Win64; x64) AppleWebKit/537.36 (KHTML, like Gecko) Chrome/143.0.0.0 Safari/537.36','Menghapus file backup database: backup_koperasi_2025-12-24_09-35-45.sql','2026-01-18 04:09:03','2026-01-18 04:09:03'),(251,1,'backup',NULL,NULL,NULL,NULL,'2404:c0:2570::3266:2f95','Mozilla/5.0 (Windows NT 10.0; Win64; x64) AppleWebKit/537.36 (KHTML, like Gecko) Chrome/143.0.0.0 Safari/537.36','Mengunduh backup database: backup_koperasi_2026-01-18_11-09-11.sql','2026-01-18 04:09:12','2026-01-18 04:09:12');
/*!40000 ALTER TABLE `audit_logs` ENABLE KEYS */;
UNLOCK TABLES;

--
-- Table structure for table `bank_transactions`
--

DROP TABLE IF EXISTS `bank_transactions`;
/*!40101 SET @saved_cs_client     = @@character_set_client */;
/*!50503 SET character_set_client = utf8mb4 */;
CREATE TABLE `bank_transactions` (
  `id` bigint unsigned NOT NULL AUTO_INCREMENT,
  `transaction_date` date NOT NULL,
  `reference_number` varchar(255) COLLATE utf8mb4_unicode_ci DEFAULT NULL,
  `description` varchar(255) COLLATE utf8mb4_unicode_ci NOT NULL,
  `amount` decimal(15,2) NOT NULL,
  `type` enum('debit','credit') COLLATE utf8mb4_unicode_ci NOT NULL,
  `status` enum('pending','reconciled','ignored') COLLATE utf8mb4_unicode_ci NOT NULL DEFAULT 'pending',
  `journal_entry_id` bigint unsigned DEFAULT NULL,
  `created_by` bigint unsigned DEFAULT NULL,
  `created_at` timestamp NULL DEFAULT NULL,
  `updated_at` timestamp NULL DEFAULT NULL,
  PRIMARY KEY (`id`),
  KEY `bank_transactions_journal_entry_id_foreign` (`journal_entry_id`),
  KEY `bank_transactions_created_by_foreign` (`created_by`),
  CONSTRAINT `bank_transactions_created_by_foreign` FOREIGN KEY (`created_by`) REFERENCES `users` (`id`),
  CONSTRAINT `bank_transactions_journal_entry_id_foreign` FOREIGN KEY (`journal_entry_id`) REFERENCES `journal_entries` (`id`) ON DELETE SET NULL
) ENGINE=InnoDB DEFAULT CHARSET=utf8mb4 COLLATE=utf8mb4_unicode_ci;
/*!40101 SET character_set_client = @saved_cs_client */;

--
-- Dumping data for table `bank_transactions`
--

LOCK TABLES `bank_transactions` WRITE;
/*!40000 ALTER TABLE `bank_transactions` DISABLE KEYS */;
/*!40000 ALTER TABLE `bank_transactions` ENABLE KEYS */;
UNLOCK TABLES;

--
-- Table structure for table `cache`
--

DROP TABLE IF EXISTS `cache`;
/*!40101 SET @saved_cs_client     = @@character_set_client */;
/*!50503 SET character_set_client = utf8mb4 */;
CREATE TABLE `cache` (
  `key` varchar(255) CHARACTER SET utf8mb4 COLLATE utf8mb4_unicode_ci NOT NULL,
  `value` mediumtext CHARACTER SET utf8mb4 COLLATE utf8mb4_unicode_ci NOT NULL,
  `expiration` int NOT NULL,
  PRIMARY KEY (`key`)
) ENGINE=InnoDB DEFAULT CHARSET=utf8mb4 COLLATE=utf8mb4_unicode_ci;
/*!40101 SET character_set_client = @saved_cs_client */;

--
-- Dumping data for table `cache`
--

LOCK TABLES `cache` WRITE;
/*!40000 ALTER TABLE `cache` DISABLE KEYS */;
INSERT INTO `cache` VALUES ('laravel-cache-setting_price_ceiling','O:18:\"App\\Models\\Setting\":33:{s:13:\"\0*\0connection\";s:5:\"mysql\";s:8:\"\0*\0table\";s:8:\"settings\";s:13:\"\0*\0primaryKey\";s:2:\"id\";s:10:\"\0*\0keyType\";s:3:\"int\";s:12:\"incrementing\";b:1;s:7:\"\0*\0with\";a:0:{}s:12:\"\0*\0withCount\";a:0:{}s:19:\"preventsLazyLoading\";b:0;s:10:\"\0*\0perPage\";i:15;s:6:\"exists\";b:1;s:18:\"wasRecentlyCreated\";b:0;s:28:\"\0*\0escapeWhenCastingToString\";b:0;s:13:\"\0*\0attributes\";a:8:{s:2:\"id\";i:55;s:3:\"key\";s:13:\"price_ceiling\";s:5:\"value\";s:3:\"500\";s:5:\"group\";s:7:\"general\";s:4:\"type\";s:6:\"number\";s:11:\"description\";s:39:\"Pembulatan harga jual ke kelipatan (Rp)\";s:10:\"created_at\";s:19:\"2026-01-17 02:19:25\";s:10:\"updated_at\";s:19:\"2026-01-17 02:30:56\";}s:11:\"\0*\0original\";a:8:{s:2:\"id\";i:55;s:3:\"key\";s:13:\"price_ceiling\";s:5:\"value\";s:3:\"500\";s:5:\"group\";s:7:\"general\";s:4:\"type\";s:6:\"number\";s:11:\"description\";s:39:\"Pembulatan harga jual ke kelipatan (Rp)\";s:10:\"created_at\";s:19:\"2026-01-17 02:19:25\";s:10:\"updated_at\";s:19:\"2026-01-17 02:30:56\";}s:10:\"\0*\0changes\";a:0:{}s:11:\"\0*\0previous\";a:0:{}s:8:\"\0*\0casts\";a:0:{}s:17:\"\0*\0classCastCache\";a:0:{}s:21:\"\0*\0attributeCastCache\";a:0:{}s:13:\"\0*\0dateFormat\";N;s:10:\"\0*\0appends\";a:0:{}s:19:\"\0*\0dispatchesEvents\";a:0:{}s:14:\"\0*\0observables\";a:0:{}s:12:\"\0*\0relations\";a:0:{}s:10:\"\0*\0touches\";a:0:{}s:27:\"\0*\0relationAutoloadCallback\";N;s:26:\"\0*\0relationAutoloadContext\";N;s:10:\"timestamps\";b:1;s:13:\"usesUniqueIds\";b:0;s:9:\"\0*\0hidden\";a:0:{}s:10:\"\0*\0visible\";a:0:{}s:11:\"\0*\0fillable\";a:5:{i:0;s:3:\"key\";i:1;s:5:\"value\";i:2;s:5:\"group\";i:3;s:4:\"type\";i:4;s:11:\"description\";}s:10:\"\0*\0guarded\";a:1:{i:0;s:1:\"*\";}}',1768712377);
/*!40000 ALTER TABLE `cache` ENABLE KEYS */;
UNLOCK TABLES;

--
-- Table structure for table `cache_locks`
--

DROP TABLE IF EXISTS `cache_locks`;
/*!40101 SET @saved_cs_client     = @@character_set_client */;
/*!50503 SET character_set_client = utf8mb4 */;
CREATE TABLE `cache_locks` (
  `key` varchar(255) CHARACTER SET utf8mb4 COLLATE utf8mb4_unicode_ci NOT NULL,
  `owner` varchar(255) CHARACTER SET utf8mb4 COLLATE utf8mb4_unicode_ci NOT NULL,
  `expiration` int NOT NULL,
  PRIMARY KEY (`key`)
) ENGINE=InnoDB DEFAULT CHARSET=utf8mb4 COLLATE=utf8mb4_unicode_ci;
/*!40101 SET character_set_client = @saved_cs_client */;

--
-- Dumping data for table `cache_locks`
--

LOCK TABLES `cache_locks` WRITE;
/*!40000 ALTER TABLE `cache_locks` DISABLE KEYS */;
/*!40000 ALTER TABLE `cache_locks` ENABLE KEYS */;
UNLOCK TABLES;

--
-- Table structure for table `categories`
--

DROP TABLE IF EXISTS `categories`;
/*!40101 SET @saved_cs_client     = @@character_set_client */;
/*!50503 SET character_set_client = utf8mb4 */;
CREATE TABLE `categories` (
  `id` bigint unsigned NOT NULL AUTO_INCREMENT,
  `name` varchar(255) CHARACTER SET utf8mb4 COLLATE utf8mb4_unicode_ci NOT NULL,
  `slug` varchar(255) CHARACTER SET utf8mb4 COLLATE utf8mb4_unicode_ci NOT NULL,
  `icon` varchar(255) CHARACTER SET utf8mb4 COLLATE utf8mb4_unicode_ci DEFAULT NULL,
  `description` text CHARACTER SET utf8mb4 COLLATE utf8mb4_unicode_ci,
  `created_at` timestamp NULL DEFAULT NULL,
  `updated_at` timestamp NULL DEFAULT NULL,
  PRIMARY KEY (`id`),
  UNIQUE KEY `categories_slug_unique` (`slug`)
) ENGINE=InnoDB AUTO_INCREMENT=9 DEFAULT CHARSET=utf8mb4 COLLATE=utf8mb4_unicode_ci;
/*!40101 SET character_set_client = @saved_cs_client */;

--
-- Dumping data for table `categories`
--

LOCK TABLES `categories` WRITE;
/*!40000 ALTER TABLE `categories` DISABLE KEYS */;
INSERT INTO `categories` VALUES (1,'Makanan Ringan','makanan-ringan','🍿','Aneka snack dan camilan','2025-12-22 10:16:17','2025-12-22 10:16:17'),(2,'Minuman','minuman','🥤','Minuman segar dan kemasan','2025-12-22 10:16:17','2025-12-22 10:16:17'),(3,'Sembako','sembako','🍚','Beras, Minyak, Gula, dll','2025-12-22 10:16:17','2025-12-22 10:16:17'),(5,'Kebersihan','kebersihan','🧹','Sabun, Deterjen, dll','2025-12-22 10:16:17','2025-12-22 10:16:17'),(7,'Perlengkapan','perlengkapan','✏️',NULL,'2026-01-14 20:44:24','2026-01-14 22:07:11'),(8,'Rokok','rokok',NULL,NULL,'2026-01-16 00:11:59','2026-01-16 00:11:59');
/*!40000 ALTER TABLE `categories` ENABLE KEYS */;
UNLOCK TABLES;

--
-- Table structure for table `consignment_inbound_items`
--

DROP TABLE IF EXISTS `consignment_inbound_items`;
/*!40101 SET @saved_cs_client     = @@character_set_client */;
/*!50503 SET character_set_client = utf8mb4 */;
CREATE TABLE `consignment_inbound_items` (
  `id` bigint unsigned NOT NULL AUTO_INCREMENT,
  `consignment_inbound_id` bigint unsigned NOT NULL,
  `product_id` bigint unsigned NOT NULL,
  `quantity` int NOT NULL,
  `unit_cost` decimal(15,2) NOT NULL,
  `created_at` timestamp NULL DEFAULT NULL,
  `updated_at` timestamp NULL DEFAULT NULL,
  PRIMARY KEY (`id`),
  KEY `consignment_inbound_items_consignment_inbound_id_foreign` (`consignment_inbound_id`),
  KEY `consignment_inbound_items_product_id_foreign` (`product_id`),
  CONSTRAINT `consignment_inbound_items_consignment_inbound_id_foreign` FOREIGN KEY (`consignment_inbound_id`) REFERENCES `consignment_inbounds` (`id`) ON DELETE CASCADE,
  CONSTRAINT `consignment_inbound_items_product_id_foreign` FOREIGN KEY (`product_id`) REFERENCES `products` (`id`)
) ENGINE=InnoDB AUTO_INCREMENT=7 DEFAULT CHARSET=utf8mb4 COLLATE=utf8mb4_unicode_ci;
/*!40101 SET character_set_client = @saved_cs_client */;

--
-- Dumping data for table `consignment_inbound_items`
--

LOCK TABLES `consignment_inbound_items` WRITE;
/*!40000 ALTER TABLE `consignment_inbound_items` DISABLE KEYS */;
INSERT INTO `consignment_inbound_items` VALUES (5,5,56,20,8000.00,'2026-01-16 04:45:48','2026-01-16 04:45:48'),(6,6,57,30,20000.00,'2026-01-16 04:45:48','2026-01-16 04:45:48');
/*!40000 ALTER TABLE `consignment_inbound_items` ENABLE KEYS */;
UNLOCK TABLES;

--
-- Table structure for table `consignment_inbounds`
--

DROP TABLE IF EXISTS `consignment_inbounds`;
/*!40101 SET @saved_cs_client     = @@character_set_client */;
/*!50503 SET character_set_client = utf8mb4 */;
CREATE TABLE `consignment_inbounds` (
  `id` bigint unsigned NOT NULL AUTO_INCREMENT,
  `transaction_number` varchar(255) COLLATE utf8mb4_unicode_ci NOT NULL,
  `consignor_type` varchar(255) COLLATE utf8mb4_unicode_ci NOT NULL,
  `consignor_id` bigint unsigned NOT NULL,
  `inbound_date` date NOT NULL,
  `note` text COLLATE utf8mb4_unicode_ci,
  `status` varchar(255) COLLATE utf8mb4_unicode_ci NOT NULL DEFAULT 'completed',
  `created_by` bigint unsigned NOT NULL,
  `created_at` timestamp NULL DEFAULT NULL,
  `updated_at` timestamp NULL DEFAULT NULL,
  PRIMARY KEY (`id`),
  UNIQUE KEY `consignment_inbounds_transaction_number_unique` (`transaction_number`),
  KEY `consignment_inbounds_consignor_type_consignor_id_index` (`consignor_type`,`consignor_id`)
) ENGINE=InnoDB AUTO_INCREMENT=7 DEFAULT CHARSET=utf8mb4 COLLATE=utf8mb4_unicode_ci;
/*!40101 SET character_set_client = @saved_cs_client */;

--
-- Dumping data for table `consignment_inbounds`
--

LOCK TABLES `consignment_inbounds` WRITE;
/*!40000 ALTER TABLE `consignment_inbounds` DISABLE KEYS */;
INSERT INTO `consignment_inbounds` VALUES (5,'CIN-20260116-6131','member',555,'2026-01-16',NULL,'completed',1,'2026-01-16 04:45:48','2026-01-16 04:45:48'),(6,'CIN-20260116-5746','member',556,'2026-01-16',NULL,'completed',1,'2026-01-16 04:45:48','2026-01-16 04:45:48');
/*!40000 ALTER TABLE `consignment_inbounds` ENABLE KEYS */;
UNLOCK TABLES;

--
-- Table structure for table `consignment_settlements`
--

DROP TABLE IF EXISTS `consignment_settlements`;
/*!40101 SET @saved_cs_client     = @@character_set_client */;
/*!50503 SET character_set_client = utf8mb4 */;
CREATE TABLE `consignment_settlements` (
  `id` bigint unsigned NOT NULL AUTO_INCREMENT,
  `transaction_number` varchar(255) COLLATE utf8mb4_unicode_ci NOT NULL,
  `consignor_type` varchar(255) COLLATE utf8mb4_unicode_ci NOT NULL,
  `consignor_id` bigint unsigned NOT NULL,
  `period_start` date NOT NULL,
  `period_end` date NOT NULL,
  `total_sales_amount` decimal(15,2) NOT NULL DEFAULT '0.00',
  `total_payable_amount` decimal(15,2) NOT NULL DEFAULT '0.00',
  `total_profit_amount` decimal(15,2) NOT NULL DEFAULT '0.00',
  `status` varchar(255) COLLATE utf8mb4_unicode_ci NOT NULL DEFAULT 'draft',
  `paid_at` timestamp NULL DEFAULT NULL,
  `paid_by` bigint unsigned DEFAULT NULL,
  `notes` text COLLATE utf8mb4_unicode_ci,
  `created_at` timestamp NULL DEFAULT NULL,
  `updated_at` timestamp NULL DEFAULT NULL,
  PRIMARY KEY (`id`),
  UNIQUE KEY `consignment_settlements_transaction_number_unique` (`transaction_number`),
  KEY `consignment_settlements_consignor_type_consignor_id_index` (`consignor_type`,`consignor_id`)
) ENGINE=InnoDB AUTO_INCREMENT=6 DEFAULT CHARSET=utf8mb4 COLLATE=utf8mb4_unicode_ci;
/*!40101 SET character_set_client = @saved_cs_client */;

--
-- Dumping data for table `consignment_settlements`
--

LOCK TABLES `consignment_settlements` WRITE;
/*!40000 ALTER TABLE `consignment_settlements` DISABLE KEYS */;
INSERT INTO `consignment_settlements` VALUES (4,'CS-20260116-8705','member',555,'2026-01-01','2026-01-31',100000.00,80000.00,20000.00,'paid','2026-01-16 04:45:48',1,'Settlement Konsinyasi (Trial)','2026-01-16 04:45:48','2026-01-16 04:45:48'),(5,'CS-20260116-8954','member',556,'2026-01-01','2026-01-16',125000.00,100000.00,25000.00,'paid','2026-01-16 04:52:57',556,'Metode Pembayaran: Savings','2026-01-16 04:52:57','2026-01-16 04:52:57');
/*!40000 ALTER TABLE `consignment_settlements` ENABLE KEYS */;
UNLOCK TABLES;

--
-- Table structure for table `departments`
--

DROP TABLE IF EXISTS `departments`;
/*!40101 SET @saved_cs_client     = @@character_set_client */;
/*!50503 SET character_set_client = utf8mb4 */;
CREATE TABLE `departments` (
  `id` bigint unsigned NOT NULL AUTO_INCREMENT,
  `name` varchar(255) CHARACTER SET utf8mb4 COLLATE utf8mb4_unicode_ci NOT NULL,
  `code` varchar(255) CHARACTER SET utf8mb4 COLLATE utf8mb4_unicode_ci DEFAULT NULL,
  `description` text CHARACTER SET utf8mb4 COLLATE utf8mb4_unicode_ci,
  `is_active` tinyint(1) NOT NULL DEFAULT '1',
  `created_at` timestamp NULL DEFAULT NULL,
  `updated_at` timestamp NULL DEFAULT NULL,
  PRIMARY KEY (`id`),
  UNIQUE KEY `departments_name_unique` (`name`),
  UNIQUE KEY `departments_code_unique` (`code`)
) ENGINE=InnoDB AUTO_INCREMENT=10 DEFAULT CHARSET=utf8mb4 COLLATE=utf8mb4_unicode_ci;
/*!40101 SET character_set_client = @saved_cs_client */;

--
-- Dumping data for table `departments`
--

LOCK TABLES `departments` WRITE;
/*!40000 ALTER TABLE `departments` DISABLE KEYS */;
INSERT INTO `departments` VALUES (1,'Produksi','PRO98',NULL,1,'2025-12-22 16:37:05','2025-12-22 16:37:05'),(2,'Quality Control','QUA62',NULL,1,'2025-12-22 16:37:05','2025-12-22 16:37:05'),(3,'Warehouse','WAR69',NULL,1,'2025-12-22 16:37:05','2025-12-22 16:37:05'),(4,'Maintenance','MAI20',NULL,1,'2025-12-22 16:37:05','2025-12-22 16:37:05'),(5,'HR & GA','HR 70',NULL,1,'2025-12-22 16:37:05','2025-12-22 16:37:05'),(6,'Finance','FIN13',NULL,1,'2025-12-22 16:37:05','2025-12-22 16:37:05'),(7,'IT','IT46',NULL,1,'2025-12-22 16:37:05','2025-12-22 16:37:05'),(8,'Purchasing','PUR90',NULL,1,'2025-12-22 16:37:05','2025-12-22 16:37:05'),(9,'PPIC & Delivery','PPD',NULL,1,'2025-12-24 08:13:28','2025-12-24 08:13:28');
/*!40000 ALTER TABLE `departments` ENABLE KEYS */;
UNLOCK TABLES;

--
-- Table structure for table `departments_and_positions_tables`
--

DROP TABLE IF EXISTS `departments_and_positions_tables`;
/*!40101 SET @saved_cs_client     = @@character_set_client */;
/*!50503 SET character_set_client = utf8mb4 */;
CREATE TABLE `departments_and_positions_tables` (
  `id` bigint unsigned NOT NULL AUTO_INCREMENT,
  `created_at` timestamp NULL DEFAULT NULL,
  `updated_at` timestamp NULL DEFAULT NULL,
  PRIMARY KEY (`id`)
) ENGINE=InnoDB DEFAULT CHARSET=utf8mb4 COLLATE=utf8mb4_unicode_ci;
/*!40101 SET character_set_client = @saved_cs_client */;

--
-- Dumping data for table `departments_and_positions_tables`
--

LOCK TABLES `departments_and_positions_tables` WRITE;
/*!40000 ALTER TABLE `departments_and_positions_tables` DISABLE KEYS */;
/*!40000 ALTER TABLE `departments_and_positions_tables` ENABLE KEYS */;
UNLOCK TABLES;

--
-- Table structure for table `document_templates`
--

DROP TABLE IF EXISTS `document_templates`;
/*!40101 SET @saved_cs_client     = @@character_set_client */;
/*!50503 SET character_set_client = utf8mb4 */;
CREATE TABLE `document_templates` (
  `id` bigint unsigned NOT NULL AUTO_INCREMENT,
  `name` varchar(255) COLLATE utf8mb4_unicode_ci NOT NULL,
  `type` varchar(255) COLLATE utf8mb4_unicode_ci NOT NULL,
  `content` text COLLATE utf8mb4_unicode_ci NOT NULL,
  `placeholders` json DEFAULT NULL,
  `created_at` timestamp NULL DEFAULT NULL,
  `updated_at` timestamp NULL DEFAULT NULL,
  PRIMARY KEY (`id`)
) ENGINE=InnoDB AUTO_INCREMENT=11 DEFAULT CHARSET=utf8mb4 COLLATE=utf8mb4_unicode_ci;
/*!40101 SET character_set_client = @saved_cs_client */;

--
-- Dumping data for table `document_templates`
--

LOCK TABLES `document_templates` WRITE;
/*!40000 ALTER TABLE `document_templates` DISABLE KEYS */;
INSERT INTO `document_templates` VALUES (1,'Surat Keterangan Anggota','membership','<div style=\"text-align: center; margin-bottom: 20px;\">\n                        <h2 style=\"text-decoration: underline; margin-bottom: 5px;\">SURAT KETERANGAN ANGGOTA</h2>\n                        <p style=\"margin-top: 0;\">Nomor: {{nomor_surat}}</p>\n                    </div>\n                    <p>Yang bertanda tangan di bawah ini, Pengurus Koperasi Karyawan Spindo Karawang Factory, dengan ini menerangkan bahwa:</p>\n                    <table style=\"width: 100%; margin-left: 20px; margin-bottom: 20px;\">\n                        <tr><td style=\"width: 150px;\">Nama</td><td>: <strong>{{nama_anggota}}</strong></td></tr>\n                        <tr><td>No. Anggota</td><td>: {{no_anggota}}</td></tr>\n                        <tr><td>NIK</td><td>: {{nik}}</td></tr>\n                        <tr><td>Jabatan</td><td>: {{jabatan}}</td></tr>\n                    </table>\n                    <p>Adalah benar terdaftar sebagai Anggota Koperasi Karyawan Spindo Karawang Factory terhitung sejak tanggal {{tanggal}} sampai dengan surat keterangan ini diterbitkan.</p>\n                    <p>Demikian surat keterangan ini diberikan untuk dapat dipergunakan sebagaimana mestinya.</p>\n                    <div style=\"margin-top: 50px; float: right; width: 250px; text-align: center;\">\n                        <p>Karawang, {{today}}</p>\n                        <p>Pengurus Koperasi,</p>\n                        <div style=\"height: 80px;\"></div>\n                        <p><strong>( ____________________ )</strong></p>\n                    </div>','[\"nama_anggota\", \"no_anggota\", \"nik\", \"jabatan\", \"tanggal\", \"nomor_surat\"]','2026-01-07 07:48:28','2026-01-16 23:49:34'),(2,'Surat Permohonan Pinjaman','loan','<div style=\"text-align: center; margin-bottom: 20px;\">\n                        <h2 style=\"text-decoration: underline; margin-bottom: 5px;\">SURAT PERMOHONAN PINJAMAN</h2><div style=\"text-align: center; margin-top: 0px; margin-bottom: 20px;\">Nomor: {{nomor_surat}}</div>\n                    </div>\n                    <p>Kepada Yth,<br>Pengurus Koperasi Karyawan Spindo Karawang Factory<br>Di Tempat</p>\n                    <p>Dengan hormat,<br>Saya yang bertanda tangan di bawah ini:</p>\n                    <table style=\"width: 100%; margin-left: 20px; margin-bottom: 20px;\">\n                        <tr><td style=\"width: 150px;\">Nama</td><td>: <strong>{{nama_anggota}}</strong></td></tr>\n                        <tr><td>No. Anggota</td><td>: {{no_anggota}}</td></tr>\n                        <tr><td>NIK</td><td>: {{nik}}</td></tr>\n                    </table>\n                    <p>Melalui surat ini bermaksud mengajukan permohonan pinjaman kepada Koperasi sebesar <strong>Rp {{jumlah_pinjaman}}</strong> untuk keperluan <strong>{{keperluan}}</strong>.</p>\n                    <p>Pinjaman tersebut rencananya akan saya bayar dengan cara potong gaji selama <strong>{{tenor}} bulan</strong>.</p>\n                    <p>Demikian permohonan ini saya sampaikan, atas perhatian dan persetujuannya saya ucapkan terima kasih.</p>\n                    <div style=\"margin-top: 50px; float: right; width: 200px; text-align: center;\">\n                        <p>Karawang, {{today}}</p>\n                        <p>Hormat Saya,</p>\n                        <div style=\"height: 80px;\"></div>\n                        <p><strong>( {{nama_anggota}} )</strong></p>\n                    </div>','[\"nama_anggota\", \"no_anggota\", \"nik\", \"jumlah_pinjaman\", \"keperluan\", \"tenor\", \"nomor_surat\"]','2026-01-07 07:48:28','2026-01-16 23:53:02'),(3,'Surat Perjanjian Pinjaman','loan','<div style=\"text-align: center; margin-bottom: 20px;\">\n                        <h2 style=\"text-decoration: underline; margin-bottom: 5px;\">SURAT PERJANJIAN PINJAMAN</h2>\n                        <p style=\"margin-top: 0;\">No: {{nomor_surat}}</p>\n                    </div>\n                    <p>Pada hari ini {{day_name}}, tanggal {{today_full}}, kami yang bertanda tangan di bawah ini menyatakan setuju melakukan perjanjian pinjaman dengan ketentuan sebagai berikut:</p>\n                    <p><strong>PIHAK PERTAMA:</strong> Pengurus Koperasi Spindo Karawang Factory<br><strong>PIHAK KEDUA:</strong> {{nama_anggota}} (No. Anggota: {{no_anggota}})</p>\n                    <p>1. PIHAK PERTAMA telah memberikan pinjaman sebesar Rp {{jumlah_pinjaman}} kepada PIHAK KEDUA.<br>2. PIHAK KEDUA akan mencicil pinjaman tersebut selama {{tenor}} bulan dengan angsuran per bulan sebesar Rp {{angsuran}}.<br>3. Pemotongan angsuran dilakukan langsung melalui pemotongan gaji setiap bulan.</p>\n                    <p>Demikian perjanjian ini dibuat dengan sebenar-benarnya tanpa ada paksaan dari pihak manapun.</p>\n                    <div style=\"display: flex; justify-content: space-between; margin-top: 50px;\">\n                        <div style=\"text-align: center; width: 200px;\">\n                            <p>PIHAK KEDUA,</p>\n                            <div style=\"height: 80px;\"></div>\n                            <p><strong>( {{nama_anggota}} )</strong></p>\n                        </div>\n                        <div style=\"text-align: center; width: 200px;\">\n                            <p>PIHAK PERTAMA,</p>\n                            <div style=\"height: 80px;\"></div>\n                            <p><strong>( ____________________ )</strong></p>\n                        </div>\n                    </div>','[\"nama_anggota\", \"no_anggota\", \"jumlah_pinjaman\", \"tenor\", \"angsuran\", \"nomor_surat\"]','2026-01-07 07:48:28','2026-01-16 23:36:48'),(4,'Surat Undangan','official','<div style=\"text-align: center; margin-bottom: 20px;\">\n                        <h2 style=\"text-decoration: underline; margin-bottom: 5px;\">SURAT UNDANGAN</h2>\n                        <p style=\"margin-top: 0;\">Nomor: {{nomor_surat}}</p>\n                    </div>\n                    <p>Kepada Yth,<br>Bapak/Ibu Anggota Koperasi<br>Di Tempat</p>\n                    <p>Perihal: {{perihal}}</p>\n                    <p>Dengan hormat, mengharap kehadiran Bapak/Ibu pada acara yang akan diselenggarakan pada:</p>\n                    <table style=\"width: 100%; margin-left: 20px; margin-bottom: 20px;\">\n                        <tr><td style=\"width: 150px;\">Hari / Tanggal</td><td>: {{hari_tanggal}}</td></tr>\n                        <tr><td>Waktu</td><td>: {{waktu}}</td></tr>\n                        <tr><td>Tempat</td><td>: {{tempat}}</td></tr>\n                        <tr><td>Agenda</td><td>: {{agenda}}</td></tr>\n                    </table>\n                    <p>Mengingat pentingnya acara tersebut, kami sangat mengharapkan kehadiran Bapak/Ibu tepat pada waktunya.</p>\n                    <p>Demikian undangan ini kami sampaikan, atas perhatian dan kehadirannya kami ucapkan terima kasih.</p>\n                    <div style=\"margin-top: 50px; float: right; width: 250px; text-align: center;\">\n                        <p>Karawang, {{today}}</p>\n                        <p>Ketua Koperasi,</p>\n                        <div style=\"height: 80px;\"></div>\n                        <p><strong>( ____________________ )</strong></p>\n                    </div>','[\"perihal\", \"hari_tanggal\", \"waktu\", \"tempat\", \"agenda\", \"nomor_surat\"]','2026-01-07 07:48:28','2026-01-16 23:34:09'),(5,'Surat Penunjukan Pengurus','official','<div style=\"text-align: center; margin-bottom: 20px;\">\r\n            <h2 style=\"text-decoration: underline; margin-bottom: 5px;\">SURAT PENUNJUKAN</h2>\r\n            <p style=\"margin-top: 0;\">Nomor: {{nomor_surat}}</p>\r\n        </div>\r\n        <p>Berdasarkan hasil Keputusan Rapat Anggota, dengan ini memberikan penunjukan kepada:</p>\r\n        <table style=\"width: 100%; margin-left: 20px; margin-bottom: 20px;\">\r\n            <tr><td style=\"width: 150px;\">Nama</td><td>: <strong>{{nama_user}}</strong></td></tr>\r\n            <tr><td>NIK</td><td>: {{nik}}</td></tr>\r\n            <tr><td>Posisi / Jabatan</td><td>: {{posisi}}</td></tr>\r\n        </table>\r\n        <p>Untuk menjabat sebagai <strong>{{jabatan_pengurus}}</strong> Koperasi Karyawan Spindo Karawang Factory untuk masa jabatan {{masa_jabatan}}.</p>\r\n        <p>Demikian surat penunjukan ini dibuat agar dilaksanakan dengan penuh tanggung jawab.</p>\r\n        <div style=\"margin-top: 50px; float: right; width: 250px; text-align: center;\">\r\n            <p>Karawang, {{today}}</p>\r\n            <p>Pengawas Koperasi,</p>\r\n            <div style=\"height: 80px;\"></div>\r\n            <p><strong>( ____________________ )</strong></p>\r\n        </div>','[\"nama_user\", \"nik\", \"posisi\", \"jabatan_pengurus\", \"masa_jabatan\", \"nomor_surat\"]','2026-01-07 07:48:28','2026-01-16 23:49:34'),(6,'Surat Pernyataan','official','<div style=\"text-align: center; margin-bottom: 20px;\">\n                        <h2 style=\"text-decoration: underline; margin-bottom: 5px;\">SURAT PERNYATAAN</h2><div style=\"text-align: center; margin-top: 0px; margin-bottom: 20px;\">Nomor: {{nomor_surat}}</div>\n                    </div>\n                    <p>Saya yang bertanda tangan di bawah ini:</p>\n                    <table style=\"width: 100%; margin-left: 20px; margin-bottom: 20px;\">\n                        <tr><td style=\"width: 150px;\">Nama</td><td>: <strong>{{nama_anggota}}</strong></td></tr>\n                        <tr><td>NIK</td><td>: {{nik}}</td></tr>\n                    </table>\n                    <p>Dengan ini menyatakan bahwa:</p>\n                    <div style=\"padding: 10px; border: 1px solid #ddd; min-height: 100px;\">\n                        {{isi_pernyataan}}\n                    </div>\n                    <p>Demikian pernyataan ini saya buat dengan sebenarnya tanpa ada paksaan dari pihak manapun.</p>\n                    <div style=\"margin-top: 50px; float: right; width: 200px; text-align: center;\">\n                        <p>Karawang, {{today}}</p>\n                        <p>Yang Membuat Pernyataan,</p>\n                        <div style=\"height: 40px;\">(Materai 10.000)</div>\n                        <div style=\"height: 40px;\"></div>\n                        <p><strong>( {{nama_anggota}} )</strong></p>\n                    </div>','[\"nama_anggota\", \"nik\", \"isi_pernyataan\", \"nomor_surat\"]','2026-01-07 07:48:28','2026-01-16 23:53:02'),(7,'Surat Pemberitahuan','official','<div style=\"text-align: center; margin-bottom: 20px;\">\n                        <h2 style=\"text-decoration: underline; margin-bottom: 5px;\">SURAT PEMBERITAHUAN</h2>\n                        <p style=\"margin-top: 0;\">Nomor: {{nomor_surat}}</p>\n                    </div>\n                    <p>Perihal: {{perihal}}</p>\n                    <p>Kepada Yth,<br>Seluruh Anggota Koperasi<br>Di Tempat</p>\n                    <p>Dengan hormat, bersama surat ini kami beritahukan hal sebagai berikut:</p>\n                    <div style=\"padding: 10px; min-height: 150px;\">\n                        {{isi_pemberitahuan}}\n                    </div>\n                    <p>Demikian pemberitahuan ini kami sampaikan untuk menjadi perhatian bagi seluruh pihak terkait.</p>\n                    <div style=\"margin-top: 50px; float: right; width: 250px; text-align: center;\">\n                        <p>Karawang, {{today}}</p>\n                        <p>Ketua Koperasi,</p>\n                        <div style=\"height: 80px;\"></div>\n                        <p><strong>( ____________________ )</strong></p>\n                    </div>','[\"perihal\", \"isi_pemberitahuan\", \"nomor_surat\"]','2026-01-07 07:48:28','2026-01-16 23:36:48'),(8,'Surat Pengunduran Diri','membership','<div style=\"text-align: center; margin-bottom: 20px;\">\n                        <h2 style=\"text-decoration: underline; margin-bottom: 5px;\">SURAT PENGUNDURAN DIRI</h2><div style=\"text-align: center; margin-top: 0px; margin-bottom: 20px;\">Nomor: {{nomor_surat}}</div>\n                    </div>\n                    <p>Kepada Yth,<br>Pengurus Koperasi Karyawan Spindo Karawang Factory<br>Di Tempat</p>\n                    <p>Saya yang bertanda tangan di bawah ini:</p>\n                    <table style=\"width: 100%; margin-left: 20px; margin-bottom: 20px;\">\n                        <tr><td style=\"width: 150px;\">Nama</td><td>: <strong>{{nama_anggota}}</strong></td></tr>\n                        <tr><td>No. Anggota</td><td>: {{no_anggota}}</td></tr>\n                    </table>\n                    <p>Dengan ini mengajukan permohonan pengunduran diri sebagai Anggota Koperasi Karyawan Spindo Karawang Factory dikarenakan <strong>{{alasan}}</strong>.</p>\n                    <p>Segala kewajiban dan hak saya pasca pengunduran diri ini saya serahkan sepenuhnya sesuai dengan aturan AD/ART Koperasi yang berlaku.</p>\n                    <p>Demikian surat permohonan ini saya sampaikan, atas kerja samanya selama ini saya ucapkan terima kasih.</p>\n                    <div style=\"margin-top: 50px; float: right; width: 200px; text-align: center;\">\n                        <p>Karawang, {{today}}</p>\n                        <p>Hormat Saya,</p>\n                        <div style=\"height: 80px;\"></div>\n                        <p><strong>( {{nama_anggota}} )</strong></p>\n                    </div>','[\"nama_anggota\", \"no_anggota\", \"alasan\", \"nomor_surat\"]','2026-01-07 07:48:28','2026-01-16 23:53:02'),(9,'Surat Pemotongan Payroll Simpanan Wajib','official','<div style=\"text-align: center; margin-bottom: 20px;\">\r\n    <h3 style=\"text-decoration: underline; margin-bottom: 5px;\">SURAT PEMOTONGAN PAYROLL SIMPANAN WAJIB</h3>\r\n    <p style=\"margin-top: 0;\">Nomor: {{nomor_surat}}</p>\r\n</div>\r\n\r\n<p>Kepada Yth,<br><strong>Bagian HRD / Payroll</strong><br>PT Steel Pipe Industry Of Indonesia Tbk<br>Di Tempat</p>\r\n\r\n<p>Dengan hormat,</p>\r\n<p>Sehubungan dengan kewajiban anggota Koperasi Karyawan Spindo Karawang Factory, bersama ini kami sampaikan daftar anggota untuk dilakukan pemotongan Simpanan Wajib melalui payroll periode <strong>{{periode}}</strong>.</p>\r\n\r\n<div style=\"margin-top: 20px; margin-bottom: 20px;\">\r\n    {{lampiran_anggota}}\r\n</div>\r\n\r\n<p>Demikian surat ini kami sampaikan. Atas bantuan dan kerjasamanya, kami ucapkan terima kasih.</p>\r\n\r\n<table style=\"width: 100%; margin-top: 30px; text-align: center; border: none;\">\r\n    <tr>\r\n        <td style=\"width: 33%; vertical-align: top; border: none;\">\r\n            <p style=\"margin-bottom: 5px;\">Karawang, {{today}}</p>\r\n            <p style=\"margin-bottom: 70px;\">Di buat :</p>\r\n            <p><strong>( Bendahara )</strong></p>\r\n        </td>\r\n        <td style=\"width: 33%; vertical-align: top; border: none;\">\r\n            <br><br>\r\n            <p style=\"margin-bottom: 70px;\">Di periksa :</p>\r\n            <p><strong>( Ketua )</strong></p>\r\n        </td>\r\n        <td style=\"width: 33%; vertical-align: top; border: none;\">\r\n            <br><br>\r\n            <p style=\"margin-bottom: 70px;\">Di ketahui :</p>\r\n            <p><strong>( HRD SPINDO Karawang )</strong></p>\r\n        </td>\r\n    </tr>\r\n</table>','[\"periode\", \"nomor_surat\"]','2026-01-10 02:29:41','2026-01-16 23:49:34'),(10,'Surat Pemotongan Payroll Kredit Mart','official','<div style=\"text-align: center; margin-bottom: 20px;\">\r\n    <h3 style=\"text-decoration: underline; margin-bottom: 5px;\">SURAT PEMOTONGAN PAYROLL KREDIT MART</h3>\r\n    <p style=\"margin-top: 0;\">Nomor: {{nomor_surat}}</p>\r\n</div>\r\n\r\n<p>Kepada Yth,<br><strong>Bagian HRD / Payroll</strong><br>PT Steel Pipe Industry Of Indonesia Tbk<br>Di Tempat</p>\r\n\r\n<p>Dengan hormat,</p>\r\n<p>Sehubungan dengan transaksi belanja anggota di Koperasi Mart, bersama ini kami sampaikan daftar anggota untuk dilakukan pemotongan Kredit Mart melalui payroll periode <strong>{{periode}}</strong>.</p>\r\n\r\n<div style=\"margin-top: 20px; margin-bottom: 20px;\">\r\n    {{lampiran_anggota}}\r\n</div>\r\n\r\n<p>Demikian surat ini kami sampaikan. Atas bantuan dan kerjasamanya, kami ucapkan terima kasih.</p>\r\n\r\n<table style=\"width: 100%; margin-top: 30px; text-align: center; border: none;\">\r\n    <tr>\r\n        <td style=\"width: 33%; vertical-align: top; border: none;\">\r\n            <p style=\"margin-bottom: 5px;\">Karawang, {{today}}</p>\r\n            <p style=\"margin-bottom: 70px;\">Di buat :</p>\r\n            <p><strong>( Bendahara )</strong></p>\r\n        </td>\r\n        <td style=\"width: 33%; vertical-align: top; border: none;\">\r\n            <br><br>\r\n            <p style=\"margin-bottom: 70px;\">Di periksa :</p>\r\n            <p><strong>( Ketua )</strong></p>\r\n        </td>\r\n        <td style=\"width: 33%; vertical-align: top; border: none;\">\r\n            <br><br>\r\n            <p style=\"margin-bottom: 70px;\">Di ketahui :</p>\r\n            <p><strong>( HRD SPINDO Karawang )</strong></p>\r\n        </td>\r\n    </tr>\r\n</table>','[\"periode\", \"nomor_surat\"]','2026-01-10 03:00:49','2026-01-16 23:49:34');
/*!40000 ALTER TABLE `document_templates` ENABLE KEYS */;
UNLOCK TABLES;

--
-- Table structure for table `expense_categories`
--

DROP TABLE IF EXISTS `expense_categories`;
/*!40101 SET @saved_cs_client     = @@character_set_client */;
/*!50503 SET character_set_client = utf8mb4 */;
CREATE TABLE `expense_categories` (
  `id` bigint unsigned NOT NULL AUTO_INCREMENT,
  `name` varchar(255) CHARACTER SET utf8mb4 COLLATE utf8mb4_unicode_ci NOT NULL,
  `description` text CHARACTER SET utf8mb4 COLLATE utf8mb4_unicode_ci,
  `created_at` timestamp NULL DEFAULT NULL,
  `updated_at` timestamp NULL DEFAULT NULL,
  PRIMARY KEY (`id`)
) ENGINE=InnoDB AUTO_INCREMENT=13 DEFAULT CHARSET=utf8mb4 COLLATE=utf8mb4_unicode_ci;
/*!40101 SET character_set_client = @saved_cs_client */;

--
-- Dumping data for table `expense_categories`
--

LOCK TABLES `expense_categories` WRITE;
/*!40000 ALTER TABLE `expense_categories` DISABLE KEYS */;
INSERT INTO `expense_categories` VALUES (1,'Operasional Kantor','Biaya operasional kantor seperti sewa, kebersihan, dan keamanan','2025-12-22 09:38:27','2025-12-22 09:38:27'),(2,'Gaji & Tunjangan','Gaji karyawan, tunjangan, bonus, dan upah lembur','2025-12-22 09:38:27','2025-12-22 09:38:27'),(3,'Listrik & Air','Pembayaran tagihan listrik dan air','2025-12-22 09:38:27','2025-12-22 09:38:27'),(4,'Telepon & Internet','Biaya telekomunikasi, internet, dan pulsa','2025-12-22 09:38:27','2025-12-22 09:38:27'),(5,'ATK & Perlengkapan','Alat tulis kantor dan perlengkapan lainnya','2025-12-22 09:38:27','2025-12-22 09:38:27'),(6,'Konsumsi Rapat','Biaya konsumsi untuk rapat, pertemuan, dan acara','2025-12-22 09:38:27','2025-12-22 09:38:27'),(7,'Transport & BBM','Biaya transportasi, bahan bakar, dan parkir','2025-12-22 09:38:27','2025-12-22 09:38:27'),(8,'Pemeliharaan & Perbaikan','Biaya pemeliharaan dan perbaikan aset koperasi','2025-12-22 09:38:27','2025-12-22 09:38:27'),(9,'Pajak & Retribusi','Pembayaran pajak dan retribusi resmi','2025-12-22 09:38:27','2025-12-22 09:38:27'),(10,'Pendidikan & Pelatihan','Biaya pelatihan, seminar, dan pengembangan SDM','2025-12-22 09:38:27','2025-12-22 09:38:27'),(11,'Promosi & Marketing','Biaya promosi, iklan, dan marketing koperasi','2025-12-22 09:38:27','2025-12-22 09:38:27'),(12,'Lain-lain','Biaya operasional lainnya yang tidak termasuk kategori di atas','2025-12-22 09:38:27','2025-12-22 09:38:27');
/*!40000 ALTER TABLE `expense_categories` ENABLE KEYS */;
UNLOCK TABLES;

--
-- Table structure for table `expenses`
--

DROP TABLE IF EXISTS `expenses`;
/*!40101 SET @saved_cs_client     = @@character_set_client */;
/*!50503 SET character_set_client = utf8mb4 */;
CREATE TABLE `expenses` (
  `id` bigint unsigned NOT NULL AUTO_INCREMENT,
  `expense_category_id` bigint unsigned NOT NULL,
  `expense_date` date NOT NULL,
  `amount` decimal(15,2) NOT NULL,
  `description` text CHARACTER SET utf8mb4 COLLATE utf8mb4_unicode_ci NOT NULL,
  `proof` varchar(255) CHARACTER SET utf8mb4 COLLATE utf8mb4_unicode_ci DEFAULT NULL COMMENT 'Path to proof image/file',
  `created_by` bigint unsigned NOT NULL,
  `created_at` timestamp NULL DEFAULT NULL,
  `updated_at` timestamp NULL DEFAULT NULL,
  PRIMARY KEY (`id`),
  KEY `expenses_expense_category_id_foreign` (`expense_category_id`),
  KEY `expenses_created_by_foreign` (`created_by`),
  CONSTRAINT `expenses_created_by_foreign` FOREIGN KEY (`created_by`) REFERENCES `users` (`id`),
  CONSTRAINT `expenses_expense_category_id_foreign` FOREIGN KEY (`expense_category_id`) REFERENCES `expense_categories` (`id`) ON DELETE CASCADE
) ENGINE=InnoDB DEFAULT CHARSET=utf8mb4 COLLATE=utf8mb4_unicode_ci;
/*!40101 SET character_set_client = @saved_cs_client */;

--
-- Dumping data for table `expenses`
--

LOCK TABLES `expenses` WRITE;
/*!40000 ALTER TABLE `expenses` DISABLE KEYS */;
/*!40000 ALTER TABLE `expenses` ENABLE KEYS */;
UNLOCK TABLES;

--
-- Table structure for table `failed_jobs`
--

DROP TABLE IF EXISTS `failed_jobs`;
/*!40101 SET @saved_cs_client     = @@character_set_client */;
/*!50503 SET character_set_client = utf8mb4 */;
CREATE TABLE `failed_jobs` (
  `id` bigint unsigned NOT NULL AUTO_INCREMENT,
  `uuid` varchar(255) CHARACTER SET utf8mb4 COLLATE utf8mb4_unicode_ci NOT NULL,
  `connection` text CHARACTER SET utf8mb4 COLLATE utf8mb4_unicode_ci NOT NULL,
  `queue` text CHARACTER SET utf8mb4 COLLATE utf8mb4_unicode_ci NOT NULL,
  `payload` longtext CHARACTER SET utf8mb4 COLLATE utf8mb4_unicode_ci NOT NULL,
  `exception` longtext CHARACTER SET utf8mb4 COLLATE utf8mb4_unicode_ci NOT NULL,
  `failed_at` timestamp NOT NULL DEFAULT CURRENT_TIMESTAMP,
  PRIMARY KEY (`id`),
  UNIQUE KEY `failed_jobs_uuid_unique` (`uuid`)
) ENGINE=InnoDB DEFAULT CHARSET=utf8mb4 COLLATE=utf8mb4_unicode_ci;
/*!40101 SET character_set_client = @saved_cs_client */;

--
-- Dumping data for table `failed_jobs`
--

LOCK TABLES `failed_jobs` WRITE;
/*!40000 ALTER TABLE `failed_jobs` DISABLE KEYS */;
/*!40000 ALTER TABLE `failed_jobs` ENABLE KEYS */;
UNLOCK TABLES;

--
-- Table structure for table `generated_documents`
--

DROP TABLE IF EXISTS `generated_documents`;
/*!40101 SET @saved_cs_client     = @@character_set_client */;
/*!50503 SET character_set_client = utf8mb4 */;
CREATE TABLE `generated_documents` (
  `id` char(36) COLLATE utf8mb4_unicode_ci NOT NULL,
  `document_number` varchar(255) COLLATE utf8mb4_unicode_ci NOT NULL,
  `document_type` varchar(255) COLLATE utf8mb4_unicode_ci NOT NULL,
  `user_id` bigint unsigned DEFAULT NULL,
  `data` json DEFAULT NULL,
  `reference_type` varchar(255) COLLATE utf8mb4_unicode_ci DEFAULT NULL,
  `reference_id` bigint unsigned DEFAULT NULL,
  `verified_at` timestamp NULL DEFAULT NULL,
  `created_at` timestamp NULL DEFAULT NULL,
  `updated_at` timestamp NULL DEFAULT NULL,
  `generated_by` bigint unsigned DEFAULT NULL,
  PRIMARY KEY (`id`),
  KEY `generated_documents_user_id_foreign` (`user_id`),
  KEY `generated_documents_generated_by_foreign` (`generated_by`),
  KEY `generated_documents_reference_type_reference_id_index` (`reference_type`,`reference_id`),
  CONSTRAINT `generated_documents_generated_by_foreign` FOREIGN KEY (`generated_by`) REFERENCES `users` (`id`) ON DELETE SET NULL,
  CONSTRAINT `generated_documents_user_id_foreign` FOREIGN KEY (`user_id`) REFERENCES `users` (`id`) ON DELETE SET NULL
) ENGINE=InnoDB DEFAULT CHARSET=utf8mb4 COLLATE=utf8mb4_unicode_ci;
/*!40101 SET character_set_client = @saved_cs_client */;

--
-- Dumping data for table `generated_documents`
--

LOCK TABLES `generated_documents` WRITE;
/*!40000 ALTER TABLE `generated_documents` DISABLE KEYS */;
INSERT INTO `generated_documents` VALUES ('019bcac4-09c5-70d4-a04b-09bce2b001be','SHU-001/I/2026','SHU Slip',NULL,'{\"type\": \"SHU Slip\", \"status\": \"calculated\", \"member_id\": \"SKF0001\", \"total_shu\": \"0.00\", \"member_name\": \"Ngafif Usman\", \"period_year\": \"2026\", \"shu_savings\": \"0.00\", \"shu_transactions\": \"0.00\"}',NULL,NULL,NULL,'2026-01-17 00:03:23','2026-01-17 00:03:23',NULL),('019bcac4-365f-70ca-969e-0332ec29d84b','SHU-002/I/2026','SHU Slip',NULL,'{\"type\": \"SHU Slip\", \"status\": \"calculated\", \"member_id\": \"SKF0001\", \"total_shu\": \"0.00\", \"member_name\": \"Ngafif Usman\", \"period_year\": \"2026\", \"shu_savings\": \"0.00\", \"shu_transactions\": \"0.00\"}',NULL,NULL,NULL,'2026-01-17 00:03:35','2026-01-17 00:03:35',NULL),('019bcac5-2c36-7358-bb36-834ba15dc1c1','SHU-003/I/2026','SHU Slip',NULL,'{\"type\": \"SHU Slip\", \"status\": \"calculated\", \"member_id\": \"SKF0001\", \"total_shu\": \"0.00\", \"member_name\": \"Ngafif Usman\", \"period_year\": \"2026\", \"shu_savings\": \"0.00\", \"shu_transactions\": \"0.00\"}',NULL,NULL,'2026-01-17 04:28:48','2026-01-17 00:04:38','2026-01-17 04:28:48',NULL),('019bcac8-e086-70b2-a842-4c64d33ec85a','KTA-001/I/2026','Member Card',NULL,'{\"nik\": \"-\", \"type\": \"Member Card\", \"status\": \"active\", \"join_date\": \"2025-12-24T00:00:00.000000Z\", \"member_id\": \"SKF0103\", \"member_name\": \"Asep Mulyana\"}',NULL,NULL,'2026-01-17 00:09:02','2026-01-17 00:08:40','2026-01-17 00:09:02',NULL),('019bcac9-a940-7372-bc8d-226580fddc69','KTA-002/I/2026','Member Card',NULL,'{\"nik\": \"-\", \"type\": \"Member Card\", \"status\": \"active\", \"join_date\": \"2025-12-24T00:00:00.000000Z\", \"member_id\": \"SKF0103\", \"member_name\": \"Asep Mulyana\"}',NULL,NULL,'2026-01-17 00:09:53','2026-01-17 00:09:32','2026-01-17 00:09:53',NULL),('019bcacc-953a-704c-a444-cd75985bef72','KTA-003/I/2026','Member Card',NULL,'{\"nik\": \"-\", \"type\": \"Member Card\", \"status\": \"active\", \"join_date\": \"2025-12-24T00:00:00.000000Z\", \"member_id\": \"SKF0103\", \"member_name\": \"Asep Mulyana\"}',NULL,NULL,NULL,'2026-01-17 00:12:43','2026-01-17 00:12:43',NULL),('019bcacc-af79-726c-aefd-7381050e6faf','KTA-004/I/2026','Member Card',NULL,'{\"nik\": \"-\", \"type\": \"Member Card\", \"status\": \"active\", \"join_date\": \"2025-12-24T00:00:00.000000Z\", \"member_id\": \"SKF0103\", \"member_name\": \"Asep Mulyana\"}',NULL,NULL,NULL,'2026-01-17 00:12:50','2026-01-17 00:12:50',NULL),('019bcacc-d911-71c8-9808-871dbeb6563a','KTA-005/I/2026','Member Card',NULL,'{\"nik\": \"-\", \"type\": \"Member Card\", \"status\": \"active\", \"join_date\": \"2025-12-24T00:00:00.000000Z\", \"member_id\": \"SKF0103\", \"member_name\": \"Asep Mulyana\"}',NULL,NULL,NULL,'2026-01-17 00:13:01','2026-01-17 00:13:01',NULL),('019bcacd-1c0d-72f8-8b84-4e03d02ef205','KTA-006/I/2026','Member Card',NULL,'{\"nik\": \"-\", \"type\": \"Member Card\", \"status\": \"active\", \"join_date\": \"2025-12-24T00:00:00.000000Z\", \"member_id\": \"SKF0103\", \"member_name\": \"Asep Mulyana\"}',NULL,NULL,NULL,'2026-01-17 00:13:18','2026-01-17 00:13:18',NULL),('019bcacd-7418-7223-a75e-f0a823aa82da','KTA-007/I/2026','Member Card',NULL,'{\"nik\": \"-\", \"type\": \"Member Card\", \"status\": \"active\", \"join_date\": \"2025-12-24T00:00:00.000000Z\", \"member_id\": \"SKF0103\", \"member_name\": \"Asep Mulyana\"}',NULL,NULL,NULL,'2026-01-17 00:13:40','2026-01-17 00:13:40',NULL),('019bcacf-6fb5-73ad-85c9-c050cabfbab7','KTA-008/I/2026','Member Card',NULL,'{\"nik\": \"-\", \"type\": \"Member Card\", \"status\": \"active\", \"join_date\": \"2025-12-24T00:00:00.000000Z\", \"member_id\": \"SKF0103\", \"member_name\": \"Asep Mulyana\"}',NULL,NULL,NULL,'2026-01-17 00:15:50','2026-01-17 00:15:50',NULL),('019bcad0-05ec-723c-905d-3b3458c2e1aa','KTA-009/I/2026','Member Card',NULL,'{\"nik\": \"-\", \"type\": \"Member Card\", \"status\": \"active\", \"join_date\": \"2025-12-24T00:00:00.000000Z\", \"member_id\": \"SKF0103\", \"member_name\": \"Asep Mulyana\"}',NULL,NULL,NULL,'2026-01-17 00:16:29','2026-01-17 00:16:29',NULL),('019bcad1-d83d-73c7-9736-773bc492e1b4','KTA-010/I/2026','Member Card',NULL,'{\"nik\": \"-\", \"type\": \"Member Card\", \"status\": \"active\", \"join_date\": \"2025-12-24T00:00:00.000000Z\", \"member_id\": \"SKF0003\", \"member_name\": \"Annisa Yulianda\"}',NULL,NULL,NULL,'2026-01-17 00:18:28','2026-01-17 00:18:28',NULL),('019bcad2-0ce7-71a1-abbf-d6d837a01401','KTA-011/I/2026','Member Card',NULL,'{\"nik\": \"-\", \"type\": \"Member Card\", \"status\": \"active\", \"join_date\": \"2025-12-24T00:00:00.000000Z\", \"member_id\": \"SKF0003\", \"member_name\": \"Annisa Yulianda\"}',NULL,NULL,NULL,'2026-01-17 00:18:42','2026-01-17 00:18:42',NULL),('019bcad2-3200-707d-93e9-011d99950a00','KTA-012/I/2026','Member Card',NULL,'{\"nik\": \"-\", \"type\": \"Member Card\", \"status\": \"active\", \"join_date\": \"2025-12-24T00:00:00.000000Z\", \"member_id\": \"SKF0003\", \"member_name\": \"Annisa Yulianda\"}',NULL,NULL,NULL,'2026-01-17 00:18:51','2026-01-17 00:18:51',NULL),('019bcad2-584f-72f6-86ad-9b6bc53285dd','KTA-013/I/2026','Member Card',NULL,'{\"nik\": \"-\", \"type\": \"Member Card\", \"status\": \"active\", \"join_date\": \"2025-12-24T00:00:00.000000Z\", \"member_id\": \"SKF0003\", \"member_name\": \"Annisa Yulianda\"}',NULL,NULL,NULL,'2026-01-17 00:19:01','2026-01-17 00:19:01',NULL),('019bcad3-34bd-72a6-a66a-6e3314f928ae','KTA-014/I/2026','Member Card',NULL,'{\"nik\": \"-\", \"type\": \"Member Card\", \"status\": \"active\", \"join_date\": \"2025-12-24T00:00:00.000000Z\", \"member_id\": \"SKF0003\", \"member_name\": \"Annisa Yulianda\"}',NULL,NULL,NULL,'2026-01-17 00:19:57','2026-01-17 00:19:57',NULL),('019bcad4-2307-70b1-8e84-1560d7971bad','KTA-015/I/2026','Member Card',NULL,'{\"nik\": \"-\", \"type\": \"Member Card\", \"status\": \"active\", \"join_date\": \"2025-12-24T00:00:00.000000Z\", \"member_id\": \"SKF0003\", \"member_name\": \"Annisa Yulianda\"}',NULL,NULL,NULL,'2026-01-17 00:20:58','2026-01-17 00:20:58',NULL),('019bcad5-78f9-71d3-9ce0-9c2dda38ddef','KTA-016/I/2026','Member Card',NULL,'{\"nik\": \"-\", \"type\": \"Member Card\", \"status\": \"active\", \"join_date\": \"2025-12-24T00:00:00.000000Z\", \"member_id\": \"SKF0003\", \"member_name\": \"Annisa Yulianda\"}',NULL,NULL,NULL,'2026-01-17 00:22:26','2026-01-17 00:22:26',NULL),('019bcade-a29a-7233-8202-024eefeba85d','KTA-017/I/2026','Member Card',NULL,'{\"nik\": \"-\", \"type\": \"Member Card\", \"status\": \"active\", \"join_date\": \"2025-12-24T00:00:00.000000Z\", \"member_id\": \"SKF0003\", \"member_name\": \"Annisa Yulianda\"}',NULL,NULL,NULL,'2026-01-17 00:32:26','2026-01-17 00:32:26',NULL),('019bcae2-950d-7142-9b08-0d9d97af9978','KTA-018/I/2026','Member Card',NULL,'{\"nik\": \"-\", \"type\": \"Member Card\", \"status\": \"active\", \"join_date\": \"2025-12-24T00:00:00.000000Z\", \"member_id\": \"SKF0003\", \"member_name\": \"Annisa Yulianda\"}',NULL,NULL,NULL,'2026-01-17 00:36:45','2026-01-17 00:36:45',NULL),('019bcae8-e347-70fd-b02d-74973ce93ee0','KTA-019/I/2026','Member Card',NULL,'{\"nik\": \"-\", \"type\": \"Member Card\", \"status\": \"active\", \"join_date\": \"2025-12-24T00:00:00.000000Z\", \"member_id\": \"SKF0003\", \"member_name\": \"Annisa Yulianda\"}',NULL,NULL,NULL,'2026-01-17 00:43:38','2026-01-17 00:43:38',NULL),('019bcaed-7fd3-7207-9f9c-8d69cdbd28d1','KTA-020/I/2026','Member Card',NULL,'{\"nik\": \"-\", \"type\": \"Member Card\", \"status\": \"active\", \"join_date\": \"2025-12-24T00:00:00.000000Z\", \"member_id\": \"SKF0003\", \"member_name\": \"Annisa Yulianda\"}',NULL,NULL,NULL,'2026-01-17 00:48:41','2026-01-17 00:48:41',NULL),('019bcaee-1405-715f-92a4-37d2d80bd168','KTA-021/I/2026','Member Card',NULL,'{\"nik\": \"-\", \"type\": \"Member Card\", \"status\": \"active\", \"join_date\": \"2025-12-24T00:00:00.000000Z\", \"member_id\": \"SKF0003\", \"member_name\": \"Annisa Yulianda\"}',NULL,NULL,NULL,'2026-01-17 00:49:18','2026-01-17 00:49:18',NULL),('019bcaee-1e45-714e-bd5e-6a318a4e1bfa','KTA-022/I/2026','Member Card',NULL,'{\"nik\": \"-\", \"type\": \"Member Card\", \"status\": \"active\", \"join_date\": \"2025-12-24T00:00:00.000000Z\", \"member_id\": \"SKF0003\", \"member_name\": \"Annisa Yulianda\"}',NULL,NULL,NULL,'2026-01-17 00:49:21','2026-01-17 00:49:21',NULL),('019bcaef-541f-7385-86c8-f0f0ef1ffc8b','KTA-023/I/2026','Member Card',NULL,'{\"nik\": \"-\", \"type\": \"Member Card\", \"status\": \"active\", \"join_date\": \"2025-12-24T00:00:00.000000Z\", \"member_id\": \"SKF0003\", \"member_name\": \"Annisa Yulianda\"}',NULL,NULL,NULL,'2026-01-17 00:50:40','2026-01-17 00:50:40',NULL),('019bcaef-d3b7-732b-9007-739686136935','KTA-024/I/2026','Member Card',NULL,'{\"nik\": \"-\", \"type\": \"Member Card\", \"status\": \"active\", \"join_date\": \"2025-12-24T00:00:00.000000Z\", \"member_id\": \"SKF0003\", \"member_name\": \"Annisa Yulianda\"}',NULL,NULL,NULL,'2026-01-17 00:51:13','2026-01-17 00:51:13',NULL),('019bcaf3-31f3-7188-80bb-d2e6ad408333','KTA-025/I/2026','Member Card',NULL,'{\"nik\": \"-\", \"type\": \"Member Card\", \"status\": \"active\", \"join_date\": \"2025-12-24T00:00:00.000000Z\", \"member_id\": \"SKF0003\", \"member_name\": \"Annisa Yulianda\"}',NULL,NULL,NULL,'2026-01-17 00:54:54','2026-01-17 00:54:54',NULL),('019bcaf3-fc91-732e-bed7-f46fa557aa79','KTA-026/I/2026','Member Card',NULL,'{\"nik\": \"-\", \"type\": \"Member Card\", \"status\": \"active\", \"join_date\": \"2025-12-24T00:00:00.000000Z\", \"member_id\": \"SKF0003\", \"member_name\": \"Annisa Yulianda\"}',NULL,NULL,NULL,'2026-01-17 00:55:46','2026-01-17 00:55:46',NULL),('019bcaf7-eb95-70a6-934e-df20445e84cd','KTA-027/I/2026','Member Card',NULL,'{\"nik\": \"-\", \"type\": \"Member Card\", \"status\": \"active\", \"join_date\": \"2025-12-24T00:00:00.000000Z\", \"member_id\": \"SKF0003\", \"member_name\": \"Annisa Yulianda\"}',NULL,NULL,NULL,'2026-01-17 01:00:03','2026-01-17 01:00:03',NULL),('019bcaf8-e2ae-7278-9caa-05012570757d','KTA-028/I/2026','Member Card',NULL,'{\"nik\": \"-\", \"type\": \"Member Card\", \"status\": \"active\", \"join_date\": \"2025-12-24T00:00:00.000000Z\", \"member_id\": \"SKF0003\", \"member_name\": \"Annisa Yulianda\"}',NULL,NULL,NULL,'2026-01-17 01:01:07','2026-01-17 01:01:07',NULL),('019bcafb-3edc-7333-bc08-67a7cd8a238b','KTA-029/I/2026','Member Card',NULL,'{\"nik\": \"-\", \"type\": \"Member Card\", \"status\": \"active\", \"join_date\": \"2025-12-24T00:00:00.000000Z\", \"member_id\": \"SKF0003\", \"member_name\": \"Annisa Yulianda\"}',NULL,NULL,NULL,'2026-01-17 01:03:41','2026-01-17 01:03:41',NULL),('019bcafb-ada5-71dd-8504-61aa8705d836','KTA-030/I/2026','Member Card',NULL,'{\"nik\": \"-\", \"type\": \"Member Card\", \"status\": \"active\", \"join_date\": \"2025-12-24T00:00:00.000000Z\", \"member_id\": \"SKF0003\", \"member_name\": \"Annisa Yulianda\"}',NULL,NULL,NULL,'2026-01-17 01:04:10','2026-01-17 01:04:10',NULL),('019bcafd-ff97-7132-88c3-51880fdc31e4','KTA-031/I/2026','Member Card',NULL,'{\"nik\": \"-\", \"type\": \"Member Card\", \"status\": \"active\", \"join_date\": \"2025-12-24T00:00:00.000000Z\", \"member_id\": \"SKF0003\", \"member_name\": \"Annisa Yulianda\"}',NULL,NULL,NULL,'2026-01-17 01:06:42','2026-01-17 01:06:42',NULL),('019bcafe-8cc5-709a-9609-115729f3a927','KTA-032/I/2026','Member Card',NULL,'{\"nik\": \"-\", \"type\": \"Member Card\", \"status\": \"active\", \"join_date\": \"2025-12-24T00:00:00.000000Z\", \"member_id\": \"SKF0003\", \"member_name\": \"Annisa Yulianda\"}',NULL,NULL,NULL,'2026-01-17 01:07:18','2026-01-17 01:07:18',NULL),('019bcb01-0357-71e9-96c5-5450a9f74527','KTA-033/I/2026','Member Card',NULL,'{\"nik\": \"-\", \"type\": \"Member Card\", \"status\": \"active\", \"join_date\": \"2025-12-24T00:00:00.000000Z\", \"member_id\": \"SKF0003\", \"member_name\": \"Annisa Yulianda\"}',NULL,NULL,NULL,'2026-01-17 01:09:59','2026-01-17 01:09:59',NULL),('019bcb01-1d16-725d-ae6a-8204f65469c4','KTA-034/I/2026','Member Card',NULL,'{\"nik\": \"-\", \"type\": \"Member Card\", \"status\": \"active\", \"join_date\": \"2025-12-24T00:00:00.000000Z\", \"member_id\": \"SKF0003\", \"member_name\": \"Annisa Yulianda\"}',NULL,NULL,NULL,'2026-01-17 01:10:06','2026-01-17 01:10:06',NULL),('019bcb01-53b2-7085-adb9-951c2bd42c2e','KTA-035/I/2026','Member Card',NULL,'{\"nik\": \"-\", \"type\": \"Member Card\", \"status\": \"active\", \"join_date\": \"2025-12-24T00:00:00.000000Z\", \"member_id\": \"SKF0003\", \"member_name\": \"Annisa Yulianda\"}',NULL,NULL,NULL,'2026-01-17 01:10:20','2026-01-17 01:10:20',NULL),('019bcb03-79f2-718f-a276-06c610b62dc2','KTA-036/I/2026','Member Card',NULL,'{\"nik\": \"-\", \"type\": \"Member Card\", \"status\": \"active\", \"join_date\": \"2025-12-24T00:00:00.000000Z\", \"member_id\": \"SKF0003\", \"member_name\": \"Annisa Yulianda\"}',NULL,NULL,NULL,'2026-01-17 01:12:41','2026-01-17 01:12:41',NULL),('019bcb04-d300-732d-a972-a15ca099304e','KTA-037/I/2026','Member Card',NULL,'{\"nik\": \"-\", \"type\": \"Member Card\", \"status\": \"active\", \"join_date\": \"2025-12-24T00:00:00.000000Z\", \"member_id\": \"SKF0003\", \"member_name\": \"Annisa Yulianda\"}',NULL,NULL,NULL,'2026-01-17 01:14:09','2026-01-17 01:14:09',NULL),('019bcb06-5c6d-73a6-84f1-c267396cebe5','KTA-038/I/2026','Member Card',NULL,'{\"nik\": \"-\", \"type\": \"Member Card\", \"status\": \"active\", \"join_date\": \"2025-12-24T00:00:00.000000Z\", \"member_id\": \"SKF0002\", \"member_name\": \"Nata Surya Permana\"}',NULL,NULL,NULL,'2026-01-17 01:15:50','2026-01-17 01:15:50',NULL),('019bcb06-b98c-714a-83cb-a1d3271342a9','KTA-039/I/2026','Member Card',NULL,'{\"nik\": \"-\", \"type\": \"Member Card\", \"status\": \"active\", \"join_date\": \"2025-12-24T00:00:00.000000Z\", \"member_id\": \"SKF0003\", \"member_name\": \"Annisa Yulianda\"}',NULL,NULL,NULL,'2026-01-17 01:16:14','2026-01-17 01:16:14',NULL),('019bcb08-02e2-70da-9401-40277d9fe9cc','KTA-040/I/2026','Member Card',NULL,'{\"nik\": \"-\", \"type\": \"Member Card\", \"status\": \"active\", \"join_date\": \"2025-12-24T00:00:00.000000Z\", \"member_id\": \"SKF0003\", \"member_name\": \"Annisa Yulianda\"}',NULL,NULL,NULL,'2026-01-17 01:17:38','2026-01-17 01:17:38',NULL),('019bcb0b-99e2-7158-aab1-31094c99db39','KTA-041/I/2026','Member Card',NULL,'{\"nik\": \"-\", \"type\": \"Member Card\", \"status\": \"active\", \"join_date\": \"2025-12-24T00:00:00.000000Z\", \"member_id\": \"SKF0003\", \"member_name\": \"Annisa Yulianda\"}',NULL,NULL,NULL,'2026-01-17 01:21:33','2026-01-17 01:21:33',NULL),('019bcb0c-829c-732c-b7aa-9f2554da8744','KTA-042/I/2026','Member Card',NULL,'{\"nik\": \"-\", \"type\": \"Member Card\", \"status\": \"active\", \"join_date\": \"2025-12-24T00:00:00.000000Z\", \"member_id\": \"SKF0003\", \"member_name\": \"Annisa Yulianda\"}',NULL,NULL,NULL,'2026-01-17 01:22:33','2026-01-17 01:22:33',NULL),('019bcb0e-c962-72d3-bc38-05052d50fe81','KTA-043/I/2026','Member Card',NULL,'{\"nik\": \"-\", \"type\": \"Member Card\", \"status\": \"active\", \"join_date\": \"2025-12-24T00:00:00.000000Z\", \"member_id\": \"SKF0003\", \"member_name\": \"Annisa Yulianda\"}',NULL,NULL,NULL,'2026-01-17 01:25:02','2026-01-17 01:25:02',NULL),('019bcb0f-4201-734d-b73f-3d03336081e4','KTA-044/I/2026','Member Card',NULL,'{\"nik\": \"-\", \"type\": \"Member Card\", \"status\": \"active\", \"join_date\": \"2025-12-24T00:00:00.000000Z\", \"member_id\": \"SKF0003\", \"member_name\": \"Annisa Yulianda\"}',NULL,NULL,NULL,'2026-01-17 01:25:33','2026-01-17 01:25:33',NULL),('019bcb0f-60d9-71fc-bac0-9938a053620e','KTA-045/I/2026','Member Card',NULL,'{\"nik\": \"-\", \"type\": \"Member Card\", \"status\": \"active\", \"join_date\": \"2025-12-24T00:00:00.000000Z\", \"member_id\": \"SKF0003\", \"member_name\": \"Annisa Yulianda\"}',NULL,NULL,NULL,'2026-01-17 01:25:41','2026-01-17 01:25:41',NULL),('019bcb11-dd74-718e-b4d4-3bbb318473a1','KTA-046/I/2026','Member Card',NULL,'{\"nik\": \"-\", \"type\": \"Member Card\", \"status\": \"active\", \"join_date\": \"2025-12-24T00:00:00.000000Z\", \"member_id\": \"SKF0003\", \"member_name\": \"Annisa Yulianda\"}',NULL,NULL,NULL,'2026-01-17 01:28:24','2026-01-17 01:28:24',NULL),('019bcb14-027b-7280-ac75-3037cf0aee5b','KTA-047/I/2026','Member Card',NULL,'{\"nik\": \"-\", \"type\": \"Member Card\", \"status\": \"active\", \"join_date\": \"2025-12-24T00:00:00.000000Z\", \"member_id\": \"SKF0003\", \"member_name\": \"Annisa Yulianda\"}',NULL,NULL,NULL,'2026-01-17 01:30:44','2026-01-17 01:30:44',NULL),('019bcb16-22a3-73db-8145-15d6564612c5','KTA-048/I/2026','Member Card',NULL,'{\"nik\": \"-\", \"type\": \"Member Card\", \"status\": \"active\", \"join_date\": \"2025-12-24T00:00:00.000000Z\", \"member_id\": \"SKF0003\", \"member_name\": \"Annisa Yulianda\"}',NULL,NULL,NULL,'2026-01-17 01:33:04','2026-01-17 01:33:04',NULL),('019bcb17-8890-73d1-aba6-baa87b8796e9','KTA-049/I/2026','Member Card',NULL,'{\"nik\": \"-\", \"type\": \"Member Card\", \"status\": \"active\", \"join_date\": \"2025-12-24T00:00:00.000000Z\", \"member_id\": \"SKF0003\", \"member_name\": \"Annisa Yulianda\"}',NULL,NULL,NULL,'2026-01-17 01:34:35','2026-01-17 01:34:35',NULL),('019bcb18-3e62-728b-b86c-81906fccea54','KTA-050/I/2026','Member Card',NULL,'{\"nik\": \"-\", \"type\": \"Member Card\", \"status\": \"active\", \"join_date\": \"2025-12-24T00:00:00.000000Z\", \"member_id\": \"SKF0003\", \"member_name\": \"Annisa Yulianda\"}',NULL,NULL,NULL,'2026-01-17 01:35:22','2026-01-17 01:35:22',NULL),('019bcb1b-2a93-70a6-a84e-878fdf2a4f1e','KTA-051/I/2026','Member Card',NULL,'{\"nik\": \"-\", \"type\": \"Member Card\", \"status\": \"active\", \"join_date\": \"2025-12-24T00:00:00.000000Z\", \"member_id\": \"SKF0003\", \"member_name\": \"Annisa Yulianda\"}',NULL,NULL,NULL,'2026-01-17 01:38:33','2026-01-17 01:38:33',NULL),('019bcb1d-4ccf-7198-b970-7388a5481f4a','KTA-052/I/2026','Member Card',NULL,'{\"nik\": \"-\", \"type\": \"Member Card\", \"status\": \"active\", \"join_date\": \"2025-12-24T00:00:00.000000Z\", \"member_id\": \"SKF0003\", \"member_name\": \"Annisa Yulianda\"}',NULL,NULL,NULL,'2026-01-17 01:40:53','2026-01-17 01:40:53',NULL),('019bcb1d-df95-736e-8671-c422defe79c7','KTA-053/I/2026','Member Card',NULL,'{\"nik\": \"-\", \"type\": \"Member Card\", \"status\": \"active\", \"join_date\": \"2025-12-24T00:00:00.000000Z\", \"member_id\": \"SKF0003\", \"member_name\": \"Annisa Yulianda\"}',NULL,NULL,NULL,'2026-01-17 01:41:31','2026-01-17 01:41:31',NULL),('019bcb1e-da8a-702a-9e4e-551bdf1193f9','KTA-054/I/2026','Member Card',NULL,'{\"nik\": \"-\", \"type\": \"Member Card\", \"status\": \"active\", \"join_date\": \"2025-12-24T00:00:00.000000Z\", \"member_id\": \"SKF0003\", \"member_name\": \"Annisa Yulianda\"}',NULL,NULL,NULL,'2026-01-17 01:42:35','2026-01-17 01:42:35',NULL),('019bcb1f-9f59-71ef-b5c4-4f39002f05b0','KTA-055/I/2026','Member Card',NULL,'{\"nik\": \"-\", \"type\": \"Member Card\", \"status\": \"active\", \"join_date\": \"2025-12-24T00:00:00.000000Z\", \"member_id\": \"SKF0003\", \"member_name\": \"Annisa Yulianda\"}',NULL,NULL,NULL,'2026-01-17 01:43:25','2026-01-17 01:43:25',NULL),('019bcb20-ec83-70f4-a805-1f3679d96b8f','KTA-056/I/2026','Member Card',NULL,'{\"nik\": \"-\", \"type\": \"Member Card\", \"status\": \"active\", \"join_date\": \"2025-12-24T00:00:00.000000Z\", \"member_id\": \"SKF0003\", \"member_name\": \"Annisa Yulianda\"}',NULL,NULL,NULL,'2026-01-17 01:44:51','2026-01-17 01:44:51',NULL),('019bcb21-2003-7197-9c85-d190a6cbd8a2','KTA-057/I/2026','Member Card',NULL,'{\"nik\": \"-\", \"type\": \"Member Card\", \"status\": \"active\", \"join_date\": \"2025-12-24T00:00:00.000000Z\", \"member_id\": \"SKF0003\", \"member_name\": \"Annisa Yulianda\"}',NULL,NULL,NULL,'2026-01-17 01:45:04','2026-01-17 01:45:04',NULL),('019bcb21-4a7f-71dc-8372-2cbd0085825a','KTA-058/I/2026','Member Card',NULL,'{\"nik\": \"-\", \"type\": \"Member Card\", \"status\": \"active\", \"join_date\": \"2025-12-24T00:00:00.000000Z\", \"member_id\": \"SKF0003\", \"member_name\": \"Annisa Yulianda\"}',NULL,NULL,NULL,'2026-01-17 01:45:15','2026-01-17 01:45:15',NULL),('019bcb22-c4fb-70f2-be7a-9865258d936a','KTA-059/I/2026','Member Card',NULL,'{\"nik\": \"-\", \"type\": \"Member Card\", \"status\": \"active\", \"join_date\": \"2025-12-24T00:00:00.000000Z\", \"member_id\": \"SKF0003\", \"member_name\": \"Annisa Yulianda\"}',NULL,NULL,NULL,'2026-01-17 01:46:52','2026-01-17 01:46:52',NULL),('019bcb22-d945-7031-b32b-ba4cbc52c0fe','KTA-060/I/2026','Member Card',NULL,'{\"nik\": \"-\", \"type\": \"Member Card\", \"status\": \"active\", \"join_date\": \"2025-12-24T00:00:00.000000Z\", \"member_id\": \"SKF0003\", \"member_name\": \"Annisa Yulianda\"}',NULL,NULL,NULL,'2026-01-17 01:46:57','2026-01-17 01:46:57',NULL),('019bcb25-6543-705b-8ce8-d034027df288','KTA-061/I/2026','Member Card',NULL,'{\"nik\": \"-\", \"type\": \"Member Card\", \"status\": \"active\", \"join_date\": \"2025-12-24T00:00:00.000000Z\", \"member_id\": \"SKF0003\", \"member_name\": \"Annisa Yulianda\"}',NULL,NULL,NULL,'2026-01-17 01:49:44','2026-01-17 01:49:44',NULL),('019bcb26-0229-7234-be16-75ab6c826c0d','KTA-062/I/2026','Member Card',NULL,'{\"nik\": \"-\", \"type\": \"Member Card\", \"status\": \"active\", \"join_date\": \"2025-12-24T00:00:00.000000Z\", \"member_id\": \"SKF0003\", \"member_name\": \"Annisa Yulianda\"}',NULL,NULL,NULL,'2026-01-17 01:50:24','2026-01-17 01:50:24',NULL),('019bcb26-197e-716b-9103-6942e3e7d6c8','KTA-063/I/2026','Member Card',NULL,'{\"nik\": \"-\", \"type\": \"Member Card\", \"status\": \"active\", \"join_date\": \"2025-12-24T00:00:00.000000Z\", \"member_id\": \"SKF0003\", \"member_name\": \"Annisa Yulianda\"}',NULL,NULL,NULL,'2026-01-17 01:50:30','2026-01-17 01:50:30',NULL),('019bcb27-0f89-73de-a811-d3ed57373f4f','KTA-064/I/2026','Member Card',NULL,'{\"nik\": \"-\", \"type\": \"Member Card\", \"status\": \"active\", \"join_date\": \"2025-12-24T00:00:00.000000Z\", \"member_id\": \"SKF0003\", \"member_name\": \"Annisa Yulianda\"}',NULL,NULL,NULL,'2026-01-17 01:51:33','2026-01-17 01:51:33',NULL),('019bcb27-f21d-710b-91e4-589b9fc09ab2','KTA-065/I/2026','Member Card',NULL,'{\"nik\": \"-\", \"type\": \"Member Card\", \"status\": \"active\", \"join_date\": \"2025-12-24T00:00:00.000000Z\", \"member_id\": \"SKF0003\", \"member_name\": \"Annisa Yulianda\"}',NULL,NULL,NULL,'2026-01-17 01:52:31','2026-01-17 01:52:31',NULL),('019bcb28-2653-726e-9a65-70dbb07ee645','KTA-066/I/2026','Member Card',NULL,'{\"nik\": \"-\", \"type\": \"Member Card\", \"status\": \"active\", \"join_date\": \"2025-12-24T00:00:00.000000Z\", \"member_id\": \"SKF0003\", \"member_name\": \"Annisa Yulianda\"}',NULL,NULL,NULL,'2026-01-17 01:52:44','2026-01-17 01:52:44',NULL),('019bcb29-ca86-71b6-a05a-2ee11dedc9af','KTA-067/I/2026','Member Card',NULL,'{\"nik\": \"-\", \"type\": \"Member Card\", \"status\": \"active\", \"join_date\": \"2025-12-24T00:00:00.000000Z\", \"member_id\": \"SKF0002\", \"member_name\": \"Nata Surya Permana\"}',NULL,NULL,NULL,'2026-01-17 01:54:32','2026-01-17 01:54:32',NULL),('019bcb2a-f637-73e0-89a6-e78eb77939b6','KTA-068/I/2026','Member Card',NULL,'{\"nik\": \"-\", \"type\": \"Member Card\", \"status\": \"active\", \"join_date\": \"2025-12-24T00:00:00.000000Z\", \"member_id\": \"SKF0002\", \"member_name\": \"Nata Surya Permana\"}',NULL,NULL,NULL,'2026-01-17 01:55:49','2026-01-17 01:55:49',NULL),('019bcb2b-0bee-701e-9497-f7faaedd0321','KTA-069/I/2026','Member Card',NULL,'{\"nik\": \"-\", \"type\": \"Member Card\", \"status\": \"active\", \"join_date\": \"2025-12-24T00:00:00.000000Z\", \"member_id\": \"SKF0002\", \"member_name\": \"Nata Surya Permana\"}',NULL,NULL,NULL,'2026-01-17 01:55:54','2026-01-17 01:55:54',NULL),('019bcb2b-12b4-72dd-9f62-f440a4422612','KTA-070/I/2026','Member Card',NULL,'{\"nik\": \"-\", \"type\": \"Member Card\", \"status\": \"active\", \"join_date\": \"2025-12-24T00:00:00.000000Z\", \"member_id\": \"SKF0002\", \"member_name\": \"Nata Surya Permana\"}',NULL,NULL,NULL,'2026-01-17 01:55:56','2026-01-17 01:55:56',NULL),('019bcb2b-1b37-7213-9bb3-5b3a4becb56a','KTA-071/I/2026','Member Card',NULL,'{\"nik\": \"-\", \"type\": \"Member Card\", \"status\": \"active\", \"join_date\": \"2025-12-24T00:00:00.000000Z\", \"member_id\": \"SKF0002\", \"member_name\": \"Nata Surya Permana\"}',NULL,NULL,NULL,'2026-01-17 01:55:58','2026-01-17 01:55:58',NULL),('019bcb2c-36db-7169-9848-eab12ce48462','KTA-072/I/2026','Member Card',NULL,'{\"nik\": \"-\", \"type\": \"Member Card\", \"status\": \"active\", \"join_date\": \"2025-12-24T00:00:00.000000Z\", \"member_id\": \"SKF0002\", \"member_name\": \"Nata Surya Permana\"}',NULL,NULL,NULL,'2026-01-17 01:57:11','2026-01-17 01:57:11',NULL),('019bcb2d-05aa-719b-9453-97c610234273','KTA-073/I/2026','Member Card',NULL,'{\"nik\": \"-\", \"type\": \"Member Card\", \"status\": \"active\", \"join_date\": \"2025-12-24T00:00:00.000000Z\", \"member_id\": \"SKF0002\", \"member_name\": \"Nata Surya Permana\"}',NULL,NULL,NULL,'2026-01-17 01:58:04','2026-01-17 01:58:04',NULL),('019bcb2d-20ea-718d-83c7-b5172b10a7a6','KTA-074/I/2026','Member Card',NULL,'{\"nik\": \"-\", \"type\": \"Member Card\", \"status\": \"active\", \"join_date\": \"2025-12-24T00:00:00.000000Z\", \"member_id\": \"SKF0002\", \"member_name\": \"Nata Surya Permana\"}',NULL,NULL,'2026-01-17 04:17:40','2026-01-17 01:58:11','2026-01-17 04:17:40',NULL),('019bcb2d-3ad4-7280-8388-cfae0c5d08e2','KTA-075/I/2026','Member Card',NULL,'{\"nik\": \"-\", \"type\": \"Member Card\", \"status\": \"active\", \"join_date\": \"2025-12-24T00:00:00.000000Z\", \"member_id\": \"SKF0002\", \"member_name\": \"Nata Surya Permana\"}',NULL,NULL,'2026-01-17 04:15:24','2026-01-17 01:58:17','2026-01-17 04:15:24',NULL),('019bcb8c-7d31-7251-99a7-beab29958498','KTA-076/I/2026','Member Card',NULL,'{\"nik\": \"-\", \"type\": \"Member Card\", \"status\": \"active\", \"join_date\": \"2025-12-24T00:00:00.000000Z\", \"member_id\": \"SKF0002\", \"member_name\": \"Nata Surya Permana\"}',NULL,NULL,NULL,'2026-01-17 03:42:20','2026-01-17 03:42:20',NULL),('019bcba4-43e3-7122-b7ba-8d7bd2f180aa','KTA-077/I/2026','Member Card',NULL,'{\"nik\": \"-\", \"type\": \"Member Card\", \"status\": \"active\", \"join_date\": \"2025-12-24T00:00:00.000000Z\", \"member_id\": \"SKF0096\", \"member_name\": \"Rusdia Hamid\"}',NULL,NULL,NULL,'2026-01-17 04:08:18','2026-01-17 04:08:18',NULL),('019bcbbc-f0e2-7367-a6cb-636f26a216ab','KTA-078/I/2026','Member Card',NULL,'{\"nik\": \"-\", \"type\": \"Member Card\", \"status\": \"active\", \"join_date\": \"2025-12-24T00:00:00.000000Z\", \"member_id\": \"SKF0002\", \"member_name\": \"Nata Surya Permana\"}','App\\Models\\Member',556,NULL,'2026-01-17 04:35:15','2026-01-17 04:35:15',557),('019bcbd3-aa0e-7255-8c4a-a4cba93022b5','001/UND/I/2026','Surat Undangan',1,'{\"year\": 2026, \"month\": \"01\", \"today\": \"17 Januari 2026\", \"waktu\": \"13:00 WIB - Selesai\", \"agenda\": \"1. Pembukaan<br />\\r\\n2. Sambutan Ketua Koperasi<br />\\r\\n3. Pembahasan Laporan Bulanan<br />\\r\\n4. Sesi Tanya Jawab<br />\\r\\n5. Penutup & Doa\", \"tempat\": \"Ruang Meeting Koperasi Lt. 2\", \"perihal\": \"Undangan Rapat Anggota\", \"day_name\": \"Sabtu\", \"month_name\": \"Januari\", \"today_full\": \"17 Januari 2026\", \"nomor_surat\": \"001/UND/I/2026\", \"hari_tanggal\": \"Senin, 19 Januari 2026\"}',NULL,NULL,'2026-01-17 05:00:46','2026-01-17 05:00:05','2026-01-17 05:00:46',NULL);
/*!40000 ALTER TABLE `generated_documents` ENABLE KEYS */;
UNLOCK TABLES;

--
-- Table structure for table `job_batches`
--

DROP TABLE IF EXISTS `job_batches`;
/*!40101 SET @saved_cs_client     = @@character_set_client */;
/*!50503 SET character_set_client = utf8mb4 */;
CREATE TABLE `job_batches` (
  `id` varchar(255) CHARACTER SET utf8mb4 COLLATE utf8mb4_unicode_ci NOT NULL,
  `name` varchar(255) CHARACTER SET utf8mb4 COLLATE utf8mb4_unicode_ci NOT NULL,
  `total_jobs` int NOT NULL,
  `pending_jobs` int NOT NULL,
  `failed_jobs` int NOT NULL,
  `failed_job_ids` longtext CHARACTER SET utf8mb4 COLLATE utf8mb4_unicode_ci NOT NULL,
  `options` mediumtext CHARACTER SET utf8mb4 COLLATE utf8mb4_unicode_ci,
  `cancelled_at` int DEFAULT NULL,
  `created_at` int NOT NULL,
  `finished_at` int DEFAULT NULL,
  PRIMARY KEY (`id`)
) ENGINE=InnoDB DEFAULT CHARSET=utf8mb4 COLLATE=utf8mb4_unicode_ci;
/*!40101 SET character_set_client = @saved_cs_client */;

--
-- Dumping data for table `job_batches`
--

LOCK TABLES `job_batches` WRITE;
/*!40000 ALTER TABLE `job_batches` DISABLE KEYS */;
/*!40000 ALTER TABLE `job_batches` ENABLE KEYS */;
UNLOCK TABLES;

--
-- Table structure for table `jobs`
--

DROP TABLE IF EXISTS `jobs`;
/*!40101 SET @saved_cs_client     = @@character_set_client */;
/*!50503 SET character_set_client = utf8mb4 */;
CREATE TABLE `jobs` (
  `id` bigint unsigned NOT NULL AUTO_INCREMENT,
  `queue` varchar(255) CHARACTER SET utf8mb4 COLLATE utf8mb4_unicode_ci NOT NULL,
  `payload` longtext CHARACTER SET utf8mb4 COLLATE utf8mb4_unicode_ci NOT NULL,
  `attempts` tinyint unsigned NOT NULL,
  `reserved_at` int unsigned DEFAULT NULL,
  `available_at` int unsigned NOT NULL,
  `created_at` int unsigned NOT NULL,
  PRIMARY KEY (`id`),
  KEY `jobs_queue_index` (`queue`)
) ENGINE=InnoDB DEFAULT CHARSET=utf8mb4 COLLATE=utf8mb4_unicode_ci;
/*!40101 SET character_set_client = @saved_cs_client */;

--
-- Dumping data for table `jobs`
--

LOCK TABLES `jobs` WRITE;
/*!40000 ALTER TABLE `jobs` DISABLE KEYS */;
/*!40000 ALTER TABLE `jobs` ENABLE KEYS */;
UNLOCK TABLES;

--
-- Table structure for table `journal_entries`
--

DROP TABLE IF EXISTS `journal_entries`;
/*!40101 SET @saved_cs_client     = @@character_set_client */;
/*!50503 SET character_set_client = utf8mb4 */;
CREATE TABLE `journal_entries` (
  `id` bigint unsigned NOT NULL AUTO_INCREMENT,
  `journal_number` varchar(50) CHARACTER SET utf8mb4 COLLATE utf8mb4_unicode_ci NOT NULL,
  `reference_type` varchar(100) CHARACTER SET utf8mb4 COLLATE utf8mb4_unicode_ci DEFAULT NULL,
  `reference_id` bigint unsigned DEFAULT NULL,
  `transaction_date` date NOT NULL,
  `description` text CHARACTER SET utf8mb4 COLLATE utf8mb4_unicode_ci NOT NULL,
  `total_debit` decimal(15,2) NOT NULL DEFAULT '0.00',
  `total_credit` decimal(15,2) NOT NULL DEFAULT '0.00',
  `status` varchar(20) CHARACTER SET utf8mb4 COLLATE utf8mb4_unicode_ci NOT NULL DEFAULT 'posted',
  `created_by` bigint unsigned NOT NULL,
  `posted_by` bigint unsigned DEFAULT NULL,
  `posted_at` timestamp NULL DEFAULT NULL,
  `created_at` timestamp NULL DEFAULT NULL,
  `updated_at` timestamp NULL DEFAULT NULL,
  PRIMARY KEY (`id`),
  UNIQUE KEY `journal_entries_journal_number_unique` (`journal_number`),
  KEY `journal_ref_idx` (`reference_type`,`reference_id`),
  KEY `journal_entries_transaction_date_index` (`transaction_date`),
  KEY `journal_entries_status_index` (`status`)
) ENGINE=InnoDB AUTO_INCREMENT=1035 DEFAULT CHARSET=utf8mb4 COLLATE=utf8mb4_unicode_ci;
/*!40101 SET character_set_client = @saved_cs_client */;

--
-- Dumping data for table `journal_entries`
--

LOCK TABLES `journal_entries` WRITE;
/*!40000 ALTER TABLE `journal_entries` DISABLE KEYS */;
INSERT INTO `journal_entries` VALUES (704,'JRN-20260116-0103','App\\Models\\Transaction',21,'2026-01-16','Pelunasan Kredit - ONL20260115634',398000.00,398000.00,'posted',1,1,'2026-01-15 20:28:27','2026-01-15 20:28:27','2026-01-15 20:28:27'),(705,'JRN-20260116-0104','App\\Models\\Transaction',19,'2026-01-16','Pelunasan Kredit - POS20260112577',118000.00,118000.00,'posted',1,1,'2026-01-15 20:28:27','2026-01-15 20:28:27','2026-01-15 20:28:27'),(706,'JRN-20260116-0105','App\\Models\\Transaction',17,'2026-01-16','Pelunasan Kredit - POS20260111111',4000.00,4000.00,'posted',1,1,'2026-01-15 20:28:27','2026-01-15 20:28:27','2026-01-15 20:28:27'),(707,'JRN-20260116-0106','App\\Models\\Transaction',11,'2026-01-16','Pelunasan Kredit - POS20260110061',317000.00,317000.00,'posted',1,1,'2026-01-15 20:28:27','2026-01-15 20:28:27','2026-01-15 20:28:27'),(708,'JRN-20260116-0107','App\\Models\\Transaction',14,'2026-01-16','Pelunasan Kredit - POS20260108671',423000.00,423000.00,'posted',1,1,'2026-01-15 20:28:27','2026-01-15 20:28:27','2026-01-15 20:28:27'),(709,'JRN-20260116-0108','App\\Models\\Transaction',18,'2026-01-16','Pelunasan Kredit - POS20260108107',313000.00,313000.00,'posted',1,1,'2026-01-15 20:28:27','2026-01-15 20:28:27','2026-01-15 20:28:27'),(710,'JRN-20260116-0109','App\\Models\\Transaction',12,'2026-01-16','Pelunasan Kredit - POS20260106282',330000.00,330000.00,'posted',1,1,'2026-01-15 20:28:27','2026-01-15 20:28:27','2026-01-15 20:28:27'),(711,'JRN-20260116-0110','App\\Models\\Transaction',15,'2026-01-16','Pelunasan Kredit - POS20260101231',373000.00,373000.00,'posted',1,1,'2026-01-15 20:28:27','2026-01-15 20:28:27','2026-01-15 20:28:27'),(712,'JRN-20260116-0111','App\\Models\\Transaction',13,'2026-01-16','Pelunasan Kredit - POS20251228251',122000.00,122000.00,'posted',1,1,'2026-01-15 20:28:27','2026-01-15 20:28:27','2026-01-15 20:28:27'),(713,'JRN-20260116-0112','App\\Models\\Transaction',22,'2026-01-16','Pelunasan Kredit - ONL20251227953',220000.00,220000.00,'posted',1,1,'2026-01-15 20:28:28','2026-01-15 20:28:28','2026-01-15 20:28:28'),(714,'JRN-20260116-0113','App\\Models\\Transaction',10,'2026-01-16','Pelunasan Kredit - POS20251225914',419000.00,419000.00,'posted',1,1,'2026-01-15 20:28:28','2026-01-15 20:28:28','2026-01-15 20:28:28'),(715,'JRN-20260116-0114','App\\Models\\Transaction',16,'2026-01-16','Pelunasan Kredit - POS20251225179',512000.00,512000.00,'posted',1,1,'2026-01-15 20:28:28','2026-01-15 20:28:28','2026-01-15 20:28:28'),(716,'JRN-20260116-0115','App\\Models\\Transaction',20,'2026-01-16','Pelunasan Kredit - POS20251224658',338000.00,338000.00,'posted',1,1,'2026-01-15 20:28:28','2026-01-15 20:28:28','2026-01-15 20:28:28'),(717,'JRN-20260116-0116','App\\Models\\Transaction',23,'2026-01-16','Penjualan - TRX-20260116-OMOX',554854.00,554854.00,'posted',1,1,'2026-01-15 21:50:13','2026-01-15 21:50:13','2026-01-15 21:50:13'),(718,'JRN-20260116-0117','App\\Models\\Transaction',24,'2026-01-16','Penjualan - INV-20260116-9XJG',13854.00,13854.00,'posted',557,557,'2026-01-15 22:50:56','2026-01-15 22:50:56','2026-01-15 22:50:56'),(719,'JRN-20260116-0118','App\\Models\\Transaction',25,'2026-01-16','Penjualan - INV-20260116-XOXS',190708.00,190708.00,'posted',556,556,'2026-01-15 23:34:11','2026-01-15 23:34:11','2026-01-15 23:34:11'),(822,'JRN-20260116-0119','App\\Models\\Saving',410,'2025-01-02','Setoran Simpanan Pokok - Ngafif Usman',150000.00,150000.00,'posted',1,1,'2026-01-16 02:16:14','2026-01-16 02:16:14','2026-01-16 02:16:14'),(823,'JRN-20260116-0120','App\\Models\\Saving',411,'2025-01-02','Setoran Simpanan Pokok - Nata Surya Permana',150000.00,150000.00,'posted',1,1,'2026-01-16 02:16:14','2026-01-16 02:16:14','2026-01-16 02:16:14'),(824,'JRN-20260116-0121','App\\Models\\Saving',412,'2025-01-02','Setoran Simpanan Pokok - Annisa Yulianda',150000.00,150000.00,'posted',1,1,'2026-01-16 02:16:14','2026-01-16 02:16:14','2026-01-16 02:16:14'),(825,'JRN-20260116-0122','App\\Models\\Saving',413,'2025-01-02','Setoran Simpanan Pokok - Citrawati',150000.00,150000.00,'posted',1,1,'2026-01-16 02:16:14','2026-01-16 02:16:14','2026-01-16 02:16:14'),(826,'JRN-20260116-0123','App\\Models\\Saving',414,'2025-01-02','Setoran Simpanan Pokok - Isna Ningsih',150000.00,150000.00,'posted',1,1,'2026-01-16 02:16:14','2026-01-16 02:16:14','2026-01-16 02:16:14'),(827,'JRN-20260116-0124','App\\Models\\Saving',415,'2025-01-02','Setoran Simpanan Pokok - Rosadi',150000.00,150000.00,'posted',1,1,'2026-01-16 02:16:14','2026-01-16 02:16:14','2026-01-16 02:16:14'),(828,'JRN-20260116-0125','App\\Models\\Saving',416,'2025-01-02','Setoran Simpanan Pokok - Eddwin Rinaldy',150000.00,150000.00,'posted',1,1,'2026-01-16 02:16:14','2026-01-16 02:16:14','2026-01-16 02:16:14'),(829,'JRN-20260116-0126','App\\Models\\Saving',417,'2025-01-02','Setoran Simpanan Pokok - Deni Novianto',150000.00,150000.00,'posted',1,1,'2026-01-16 02:16:14','2026-01-16 02:16:14','2026-01-16 02:16:14'),(830,'JRN-20260116-0127','App\\Models\\Saving',418,'2025-01-02','Setoran Simpanan Pokok - Ollyvianti Permata Maryanto',150000.00,150000.00,'posted',1,1,'2026-01-16 02:16:14','2026-01-16 02:16:14','2026-01-16 02:16:14'),(831,'JRN-20260116-0128','App\\Models\\Saving',419,'2025-01-02','Setoran Simpanan Pokok - Didik Yanuari',150000.00,150000.00,'posted',1,1,'2026-01-16 02:16:14','2026-01-16 02:16:14','2026-01-16 02:16:14'),(832,'JRN-20260116-0129','App\\Models\\Saving',420,'2025-01-02','Setoran Simpanan Pokok - Daniel Tarigan',150000.00,150000.00,'posted',1,1,'2026-01-16 02:16:14','2026-01-16 02:16:14','2026-01-16 02:16:14'),(833,'JRN-20260116-0130','App\\Models\\Saving',421,'2025-01-02','Setoran Simpanan Pokok - Harto Budi',150000.00,150000.00,'posted',1,1,'2026-01-16 02:16:14','2026-01-16 02:16:14','2026-01-16 02:16:14'),(834,'JRN-20260116-0131','App\\Models\\Saving',422,'2025-01-02','Setoran Simpanan Pokok - Edy Suharno',150000.00,150000.00,'posted',1,1,'2026-01-16 02:16:14','2026-01-16 02:16:14','2026-01-16 02:16:14'),(835,'JRN-20260116-0132','App\\Models\\Saving',423,'2025-01-02','Setoran Simpanan Pokok - Dadang Iskandar',150000.00,150000.00,'posted',1,1,'2026-01-16 02:16:14','2026-01-16 02:16:14','2026-01-16 02:16:14'),(836,'JRN-20260116-0133','App\\Models\\Saving',424,'2025-01-02','Setoran Simpanan Pokok - Endang Suhendar',150000.00,150000.00,'posted',1,1,'2026-01-16 02:16:14','2026-01-16 02:16:14','2026-01-16 02:16:14'),(837,'JRN-20260116-0134','App\\Models\\Saving',425,'2025-01-02','Setoran Simpanan Pokok - Tarko',150000.00,150000.00,'posted',1,1,'2026-01-16 02:16:14','2026-01-16 02:16:14','2026-01-16 02:16:14'),(838,'JRN-20260116-0135','App\\Models\\Saving',426,'2025-01-02','Setoran Simpanan Pokok - Masroni',150000.00,150000.00,'posted',1,1,'2026-01-16 02:16:14','2026-01-16 02:16:14','2026-01-16 02:16:14'),(839,'JRN-20260116-0136','App\\Models\\Saving',427,'2025-01-02','Setoran Simpanan Pokok - Situsin',150000.00,150000.00,'posted',1,1,'2026-01-16 02:16:14','2026-01-16 02:16:14','2026-01-16 02:16:14'),(840,'JRN-20260116-0137','App\\Models\\Saving',428,'2025-01-02','Setoran Simpanan Pokok - Sugeng Ismail',150000.00,150000.00,'posted',1,1,'2026-01-16 02:16:14','2026-01-16 02:16:14','2026-01-16 02:16:14'),(841,'JRN-20260116-0138','App\\Models\\Saving',429,'2025-01-02','Setoran Simpanan Pokok - Syarif Hidayatulloh',150000.00,150000.00,'posted',1,1,'2026-01-16 02:16:14','2026-01-16 02:16:14','2026-01-16 02:16:14'),(842,'JRN-20260116-0139','App\\Models\\Saving',430,'2025-01-02','Setoran Simpanan Pokok - Purwadi',150000.00,150000.00,'posted',1,1,'2026-01-16 02:16:14','2026-01-16 02:16:14','2026-01-16 02:16:14'),(843,'JRN-20260116-0140','App\\Models\\Saving',431,'2025-01-02','Setoran Simpanan Pokok - Wakhyu Hendrik Subekti',150000.00,150000.00,'posted',1,1,'2026-01-16 02:16:14','2026-01-16 02:16:14','2026-01-16 02:16:14'),(844,'JRN-20260116-0141','App\\Models\\Saving',432,'2025-01-02','Setoran Simpanan Pokok - Triyono',150000.00,150000.00,'posted',1,1,'2026-01-16 02:16:14','2026-01-16 02:16:14','2026-01-16 02:16:14'),(845,'JRN-20260116-0142','App\\Models\\Saving',433,'2025-01-02','Setoran Simpanan Pokok - Kurniawan',150000.00,150000.00,'posted',1,1,'2026-01-16 02:16:14','2026-01-16 02:16:14','2026-01-16 02:16:14'),(846,'JRN-20260116-0143','App\\Models\\Saving',434,'2025-01-02','Setoran Simpanan Pokok - Firyono',150000.00,150000.00,'posted',1,1,'2026-01-16 02:16:14','2026-01-16 02:16:14','2026-01-16 02:16:14'),(847,'JRN-20260116-0144','App\\Models\\Saving',435,'2025-01-02','Setoran Simpanan Pokok - Krisnanto',150000.00,150000.00,'posted',1,1,'2026-01-16 02:16:14','2026-01-16 02:16:14','2026-01-16 02:16:14'),(848,'JRN-20260116-0145','App\\Models\\Saving',436,'2025-01-02','Setoran Simpanan Pokok - Edi Supriadi',150000.00,150000.00,'posted',1,1,'2026-01-16 02:16:14','2026-01-16 02:16:14','2026-01-16 02:16:14'),(849,'JRN-20260116-0146','App\\Models\\Saving',437,'2025-01-02','Setoran Simpanan Pokok - Mulyono ',150000.00,150000.00,'posted',1,1,'2026-01-16 02:16:14','2026-01-16 02:16:14','2026-01-16 02:16:14'),(850,'JRN-20260116-0147','App\\Models\\Saving',438,'2025-01-02','Setoran Simpanan Pokok - Nasoka',150000.00,150000.00,'posted',1,1,'2026-01-16 02:16:14','2026-01-16 02:16:14','2026-01-16 02:16:14'),(851,'JRN-20260116-0148','App\\Models\\Saving',439,'2025-01-02','Setoran Simpanan Pokok - Marsudi',150000.00,150000.00,'posted',1,1,'2026-01-16 02:16:14','2026-01-16 02:16:14','2026-01-16 02:16:14'),(852,'JRN-20260116-0149','App\\Models\\Saving',440,'2025-01-02','Setoran Simpanan Pokok - Enjah Ahmad Jaelani',150000.00,150000.00,'posted',1,1,'2026-01-16 02:16:14','2026-01-16 02:16:14','2026-01-16 02:16:14'),(853,'JRN-20260116-0150','App\\Models\\Saving',441,'2025-01-02','Setoran Simpanan Pokok - Suharman',150000.00,150000.00,'posted',1,1,'2026-01-16 02:16:14','2026-01-16 02:16:14','2026-01-16 02:16:14'),(854,'JRN-20260116-0151','App\\Models\\Saving',442,'2025-01-02','Setoran Simpanan Pokok - Purnomo Setya Irawan',150000.00,150000.00,'posted',1,1,'2026-01-16 02:16:14','2026-01-16 02:16:14','2026-01-16 02:16:14'),(855,'JRN-20260116-0152','App\\Models\\Saving',443,'2025-01-02','Setoran Simpanan Pokok - Andika Mandala Putra',150000.00,150000.00,'posted',1,1,'2026-01-16 02:16:14','2026-01-16 02:16:14','2026-01-16 02:16:14'),(856,'JRN-20260116-0153','App\\Models\\Saving',444,'2025-01-02','Setoran Simpanan Pokok - Sukendar',150000.00,150000.00,'posted',1,1,'2026-01-16 02:16:14','2026-01-16 02:16:14','2026-01-16 02:16:14'),(857,'JRN-20260116-0154','App\\Models\\Saving',445,'2025-01-02','Setoran Simpanan Pokok - Iwan Setiawan',150000.00,150000.00,'posted',1,1,'2026-01-16 02:16:14','2026-01-16 02:16:14','2026-01-16 02:16:14'),(858,'JRN-20260116-0155','App\\Models\\Saving',446,'2025-01-02','Setoran Simpanan Pokok - Iwan Setyawan',150000.00,150000.00,'posted',1,1,'2026-01-16 02:16:14','2026-01-16 02:16:14','2026-01-16 02:16:14'),(859,'JRN-20260116-0156','App\\Models\\Saving',447,'2025-01-02','Setoran Simpanan Pokok - Heti',150000.00,150000.00,'posted',1,1,'2026-01-16 02:16:14','2026-01-16 02:16:14','2026-01-16 02:16:14'),(860,'JRN-20260116-0157','App\\Models\\Saving',448,'2025-01-02','Setoran Simpanan Pokok - Elis Siti Aisah',150000.00,150000.00,'posted',1,1,'2026-01-16 02:16:14','2026-01-16 02:16:14','2026-01-16 02:16:14'),(861,'JRN-20260116-0158','App\\Models\\Saving',449,'2025-01-02','Setoran Simpanan Pokok - R Wiguno Indra Idris Putra',150000.00,150000.00,'posted',1,1,'2026-01-16 02:16:14','2026-01-16 02:16:14','2026-01-16 02:16:14'),(862,'JRN-20260116-0159','App\\Models\\Saving',450,'2025-01-02','Setoran Simpanan Pokok - Tria Hardian',150000.00,150000.00,'posted',1,1,'2026-01-16 02:16:14','2026-01-16 02:16:14','2026-01-16 02:16:14'),(863,'JRN-20260116-0160','App\\Models\\Saving',451,'2025-01-02','Setoran Simpanan Pokok - Achmad Roni',150000.00,150000.00,'posted',1,1,'2026-01-16 02:16:14','2026-01-16 02:16:14','2026-01-16 02:16:14'),(864,'JRN-20260116-0161','App\\Models\\Saving',452,'2025-01-02','Setoran Simpanan Pokok - Erik',150000.00,150000.00,'posted',1,1,'2026-01-16 02:16:14','2026-01-16 02:16:14','2026-01-16 02:16:14'),(865,'JRN-20260116-0162','App\\Models\\Saving',453,'2025-01-02','Setoran Simpanan Pokok - Irwan Rafiansyah',150000.00,150000.00,'posted',1,1,'2026-01-16 02:16:15','2026-01-16 02:16:15','2026-01-16 02:16:15'),(866,'JRN-20260116-0163','App\\Models\\Saving',454,'2025-01-02','Setoran Simpanan Pokok - Rizep Maulida',150000.00,150000.00,'posted',1,1,'2026-01-16 02:16:15','2026-01-16 02:16:15','2026-01-16 02:16:15'),(867,'JRN-20260116-0164','App\\Models\\Saving',455,'2025-01-02','Setoran Simpanan Pokok - Yukriyanto',150000.00,150000.00,'posted',1,1,'2026-01-16 02:16:15','2026-01-16 02:16:15','2026-01-16 02:16:15'),(868,'JRN-20260116-0165','App\\Models\\Saving',456,'2025-01-02','Setoran Simpanan Pokok - Rio Esa Putera',150000.00,150000.00,'posted',1,1,'2026-01-16 02:16:15','2026-01-16 02:16:15','2026-01-16 02:16:15'),(869,'JRN-20260116-0166','App\\Models\\Saving',457,'2025-01-02','Setoran Simpanan Pokok - Redha Andhita Dharma',150000.00,150000.00,'posted',1,1,'2026-01-16 02:16:15','2026-01-16 02:16:15','2026-01-16 02:16:15'),(870,'JRN-20260116-0167','App\\Models\\Saving',458,'2025-01-02','Setoran Simpanan Pokok - Endri Agung Susilo',150000.00,150000.00,'posted',1,1,'2026-01-16 02:16:15','2026-01-16 02:16:15','2026-01-16 02:16:15'),(871,'JRN-20260116-0168','App\\Models\\Saving',459,'2025-01-02','Setoran Simpanan Pokok - Aris Hadi Rismanto',150000.00,150000.00,'posted',1,1,'2026-01-16 02:16:15','2026-01-16 02:16:15','2026-01-16 02:16:15'),(872,'JRN-20260116-0169','App\\Models\\Saving',460,'2025-01-02','Setoran Simpanan Pokok - Muhammad Nabawi',150000.00,150000.00,'posted',1,1,'2026-01-16 02:16:15','2026-01-16 02:16:15','2026-01-16 02:16:15'),(873,'JRN-20260116-0170','App\\Models\\Saving',461,'2025-01-02','Setoran Simpanan Pokok - Hamdani Salim Rahayu',150000.00,150000.00,'posted',1,1,'2026-01-16 02:16:15','2026-01-16 02:16:15','2026-01-16 02:16:15'),(874,'JRN-20260116-0171','App\\Models\\Saving',462,'2025-01-02','Setoran Simpanan Pokok - Haep Nurefendi',150000.00,150000.00,'posted',1,1,'2026-01-16 02:16:15','2026-01-16 02:16:15','2026-01-16 02:16:15'),(875,'JRN-20260116-0172','App\\Models\\Saving',463,'2025-01-02','Setoran Simpanan Pokok - Ajie Bramantyo Aldan',150000.00,150000.00,'posted',1,1,'2026-01-16 02:16:15','2026-01-16 02:16:15','2026-01-16 02:16:15'),(876,'JRN-20260116-0173','App\\Models\\Saving',464,'2025-01-02','Setoran Simpanan Pokok - Carsim',150000.00,150000.00,'posted',1,1,'2026-01-16 02:16:15','2026-01-16 02:16:15','2026-01-16 02:16:15'),(877,'JRN-20260116-0174','App\\Models\\Saving',465,'2025-01-02','Setoran Simpanan Pokok - Ajat Sudrajat',150000.00,150000.00,'posted',1,1,'2026-01-16 02:16:15','2026-01-16 02:16:15','2026-01-16 02:16:15'),(878,'JRN-20260116-0175','App\\Models\\Saving',466,'2025-01-02','Setoran Simpanan Pokok - Ahmad Budaeri',150000.00,150000.00,'posted',1,1,'2026-01-16 02:16:15','2026-01-16 02:16:15','2026-01-16 02:16:15'),(879,'JRN-20260116-0176','App\\Models\\Saving',467,'2025-01-02','Setoran Simpanan Pokok - Edi Sunaryanto',150000.00,150000.00,'posted',1,1,'2026-01-16 02:16:15','2026-01-16 02:16:15','2026-01-16 02:16:15'),(880,'JRN-20260116-0177','App\\Models\\Saving',468,'2025-01-02','Setoran Simpanan Pokok - Sarno',150000.00,150000.00,'posted',1,1,'2026-01-16 02:16:15','2026-01-16 02:16:15','2026-01-16 02:16:15'),(881,'JRN-20260116-0178','App\\Models\\Saving',469,'2025-01-02','Setoran Simpanan Pokok - Saudi',150000.00,150000.00,'posted',1,1,'2026-01-16 02:16:15','2026-01-16 02:16:15','2026-01-16 02:16:15'),(882,'JRN-20260116-0179','App\\Models\\Saving',470,'2025-01-02','Setoran Simpanan Pokok - Dang Joko Prayitno',150000.00,150000.00,'posted',1,1,'2026-01-16 02:16:15','2026-01-16 02:16:15','2026-01-16 02:16:15'),(883,'JRN-20260116-0180','App\\Models\\Saving',471,'2025-01-02','Setoran Simpanan Pokok - Sudirman',150000.00,150000.00,'posted',1,1,'2026-01-16 02:16:15','2026-01-16 02:16:15','2026-01-16 02:16:15'),(884,'JRN-20260116-0181','App\\Models\\Saving',472,'2025-01-02','Setoran Simpanan Pokok - Sulendra',150000.00,150000.00,'posted',1,1,'2026-01-16 02:16:15','2026-01-16 02:16:15','2026-01-16 02:16:15'),(885,'JRN-20260116-0182','App\\Models\\Saving',473,'2025-01-02','Setoran Simpanan Pokok - Anton Wahyudi',150000.00,150000.00,'posted',1,1,'2026-01-16 02:16:15','2026-01-16 02:16:15','2026-01-16 02:16:15'),(886,'JRN-20260116-0183','App\\Models\\Saving',474,'2025-01-02','Setoran Simpanan Pokok - Widodo hasto',150000.00,150000.00,'posted',1,1,'2026-01-16 02:16:15','2026-01-16 02:16:15','2026-01-16 02:16:15'),(887,'JRN-20260116-0184','App\\Models\\Saving',475,'2025-01-02','Setoran Simpanan Pokok - Sahlani',150000.00,150000.00,'posted',1,1,'2026-01-16 02:16:15','2026-01-16 02:16:15','2026-01-16 02:16:15'),(888,'JRN-20260116-0185','App\\Models\\Saving',476,'2025-01-02','Setoran Simpanan Pokok - Dwi Susilo',150000.00,150000.00,'posted',1,1,'2026-01-16 02:16:15','2026-01-16 02:16:15','2026-01-16 02:16:15'),(889,'JRN-20260116-0186','App\\Models\\Saving',477,'2025-01-02','Setoran Simpanan Pokok - Adji Suprapto',150000.00,150000.00,'posted',1,1,'2026-01-16 02:16:15','2026-01-16 02:16:15','2026-01-16 02:16:15'),(890,'JRN-20260116-0187','App\\Models\\Saving',478,'2025-01-02','Setoran Simpanan Pokok - Panca Perdana',150000.00,150000.00,'posted',1,1,'2026-01-16 02:16:15','2026-01-16 02:16:15','2026-01-16 02:16:15'),(891,'JRN-20260116-0188','App\\Models\\Saving',479,'2025-01-02','Setoran Simpanan Pokok - Syamsul Falah Bin Uding',150000.00,150000.00,'posted',1,1,'2026-01-16 02:16:15','2026-01-16 02:16:15','2026-01-16 02:16:15'),(892,'JRN-20260116-0189','App\\Models\\Saving',480,'2025-01-02','Setoran Simpanan Pokok - Agus Zatnika',150000.00,150000.00,'posted',1,1,'2026-01-16 02:16:15','2026-01-16 02:16:15','2026-01-16 02:16:15'),(893,'JRN-20260116-0190','App\\Models\\Saving',481,'2025-01-02','Setoran Simpanan Pokok - Husni Mabrur',150000.00,150000.00,'posted',1,1,'2026-01-16 02:16:15','2026-01-16 02:16:15','2026-01-16 02:16:15'),(894,'JRN-20260116-0191','App\\Models\\Saving',482,'2025-01-02','Setoran Simpanan Pokok - Yudi Sudiana',150000.00,150000.00,'posted',1,1,'2026-01-16 02:16:15','2026-01-16 02:16:15','2026-01-16 02:16:15'),(895,'JRN-20260116-0192','App\\Models\\Saving',483,'2025-01-02','Setoran Simpanan Pokok - Saripudin',150000.00,150000.00,'posted',1,1,'2026-01-16 02:16:15','2026-01-16 02:16:15','2026-01-16 02:16:15'),(896,'JRN-20260116-0193','App\\Models\\Saving',484,'2025-01-02','Setoran Simpanan Pokok - Aming Muhidin',150000.00,150000.00,'posted',1,1,'2026-01-16 02:16:15','2026-01-16 02:16:15','2026-01-16 02:16:15'),(897,'JRN-20260116-0194','App\\Models\\Saving',485,'2025-01-02','Setoran Simpanan Pokok - Ade Hermansyah',150000.00,150000.00,'posted',1,1,'2026-01-16 02:16:15','2026-01-16 02:16:15','2026-01-16 02:16:15'),(898,'JRN-20260116-0195','App\\Models\\Saving',486,'2025-01-02','Setoran Simpanan Pokok - Ahmad Mulyana',150000.00,150000.00,'posted',1,1,'2026-01-16 02:16:15','2026-01-16 02:16:15','2026-01-16 02:16:15'),(899,'JRN-20260116-0196','App\\Models\\Saving',487,'2025-01-02','Setoran Simpanan Pokok - Rudi Kurniawan',150000.00,150000.00,'posted',1,1,'2026-01-16 02:16:15','2026-01-16 02:16:15','2026-01-16 02:16:15'),(900,'JRN-20260116-0197','App\\Models\\Saving',488,'2025-01-02','Setoran Simpanan Pokok - Eko Purnomo',150000.00,150000.00,'posted',1,1,'2026-01-16 02:16:15','2026-01-16 02:16:15','2026-01-16 02:16:15'),(901,'JRN-20260116-0198','App\\Models\\Saving',489,'2025-01-02','Setoran Simpanan Pokok - Muhammad Vandes',150000.00,150000.00,'posted',1,1,'2026-01-16 02:16:15','2026-01-16 02:16:15','2026-01-16 02:16:15'),(902,'JRN-20260116-0199','App\\Models\\Saving',490,'2025-01-02','Setoran Simpanan Pokok - Rudi Untoro',150000.00,150000.00,'posted',1,1,'2026-01-16 02:16:15','2026-01-16 02:16:15','2026-01-16 02:16:15'),(903,'JRN-20260116-0200','App\\Models\\Saving',491,'2025-01-02','Setoran Simpanan Pokok - Wira Satriaji',150000.00,150000.00,'posted',1,1,'2026-01-16 02:16:15','2026-01-16 02:16:15','2026-01-16 02:16:15'),(904,'JRN-20260116-0201','App\\Models\\Saving',492,'2025-01-02','Setoran Simpanan Pokok - Tri Sutikno',150000.00,150000.00,'posted',1,1,'2026-01-16 02:16:15','2026-01-16 02:16:15','2026-01-16 02:16:15'),(905,'JRN-20260116-0202','App\\Models\\Saving',493,'2025-01-02','Setoran Simpanan Pokok - Ahmad Caryana',150000.00,150000.00,'posted',1,1,'2026-01-16 02:16:15','2026-01-16 02:16:15','2026-01-16 02:16:15'),(906,'JRN-20260116-0203','App\\Models\\Saving',494,'2025-01-02','Setoran Simpanan Pokok - Eko Yulianto',150000.00,150000.00,'posted',1,1,'2026-01-16 02:16:15','2026-01-16 02:16:15','2026-01-16 02:16:15'),(907,'JRN-20260116-0204','App\\Models\\Saving',495,'2025-01-02','Setoran Simpanan Pokok - Turkhamun',150000.00,150000.00,'posted',1,1,'2026-01-16 02:16:15','2026-01-16 02:16:15','2026-01-16 02:16:15'),(908,'JRN-20260116-0205','App\\Models\\Saving',496,'2025-01-02','Setoran Simpanan Pokok - Ambar Wahyudi',150000.00,150000.00,'posted',1,1,'2026-01-16 02:16:15','2026-01-16 02:16:15','2026-01-16 02:16:15'),(909,'JRN-20260116-0206','App\\Models\\Saving',497,'2025-01-02','Setoran Simpanan Pokok - Sri Widiyanto',150000.00,150000.00,'posted',1,1,'2026-01-16 02:16:15','2026-01-16 02:16:15','2026-01-16 02:16:15'),(910,'JRN-20260116-0207','App\\Models\\Saving',498,'2025-01-02','Setoran Simpanan Pokok - Fatkhul Muin',150000.00,150000.00,'posted',1,1,'2026-01-16 02:16:15','2026-01-16 02:16:15','2026-01-16 02:16:15'),(911,'JRN-20260116-0208','App\\Models\\Saving',499,'2025-01-02','Setoran Simpanan Pokok - Kholid Ma\'rup',150000.00,150000.00,'posted',1,1,'2026-01-16 02:16:15','2026-01-16 02:16:15','2026-01-16 02:16:15'),(912,'JRN-20260116-0209','App\\Models\\Saving',500,'2025-01-02','Setoran Simpanan Pokok - Harry Prabu Setyo',150000.00,150000.00,'posted',1,1,'2026-01-16 02:16:15','2026-01-16 02:16:15','2026-01-16 02:16:15'),(913,'JRN-20260116-0210','App\\Models\\Saving',501,'2025-01-02','Setoran Simpanan Pokok - Parlan',150000.00,150000.00,'posted',1,1,'2026-01-16 02:16:15','2026-01-16 02:16:15','2026-01-16 02:16:15'),(914,'JRN-20260116-0211','App\\Models\\Saving',502,'2025-01-02','Setoran Simpanan Pokok - Rian Diyanto',150000.00,150000.00,'posted',1,1,'2026-01-16 02:16:15','2026-01-16 02:16:15','2026-01-16 02:16:15'),(915,'JRN-20260116-0212','App\\Models\\Saving',503,'2025-01-02','Setoran Simpanan Pokok - Rusdia Hamid',150000.00,150000.00,'posted',1,1,'2026-01-16 02:16:15','2026-01-16 02:16:15','2026-01-16 02:16:15'),(916,'JRN-20260116-0213','App\\Models\\Saving',504,'2025-01-02','Setoran Simpanan Pokok - Miftah',150000.00,150000.00,'posted',1,1,'2026-01-16 02:16:15','2026-01-16 02:16:15','2026-01-16 02:16:15'),(917,'JRN-20260116-0214','App\\Models\\Saving',505,'2025-01-02','Setoran Simpanan Pokok - Eko Nugroho',150000.00,150000.00,'posted',1,1,'2026-01-16 02:16:15','2026-01-16 02:16:15','2026-01-16 02:16:15'),(918,'JRN-20260116-0215','App\\Models\\Saving',506,'2025-01-02','Setoran Simpanan Pokok - Sulistiani',150000.00,150000.00,'posted',1,1,'2026-01-16 02:16:15','2026-01-16 02:16:15','2026-01-16 02:16:15'),(919,'JRN-20260116-0216','App\\Models\\Saving',507,'2025-01-02','Setoran Simpanan Pokok - Alexander Arianto Rimba',150000.00,150000.00,'posted',1,1,'2026-01-16 02:16:15','2026-01-16 02:16:15','2026-01-16 02:16:15'),(920,'JRN-20260116-0217','App\\Models\\Saving',508,'2025-01-02','Setoran Simpanan Pokok - Ahmad Jalaludin',150000.00,150000.00,'posted',1,1,'2026-01-16 02:16:15','2026-01-16 02:16:15','2026-01-16 02:16:15'),(921,'JRN-20260116-0218','App\\Models\\Saving',509,'2025-01-02','Setoran Simpanan Pokok - Santi Tri Handayani',150000.00,150000.00,'posted',1,1,'2026-01-16 02:16:15','2026-01-16 02:16:15','2026-01-16 02:16:15'),(922,'JRN-20260116-0219','App\\Models\\Saving',510,'2025-01-02','Setoran Simpanan Pokok - Asep Mulyana',150000.00,150000.00,'posted',1,1,'2026-01-16 02:16:15','2026-01-16 02:16:15','2026-01-16 02:16:15'),(923,'JRN-20260116-0220','App\\Models\\Saving',511,'2025-01-02','Setoran Simpanan Pokok - Suparyono',150000.00,150000.00,'posted',1,1,'2026-01-16 02:16:15','2026-01-16 02:16:15','2026-01-16 02:16:15'),(924,'JRN-20260116-0221','App\\Models\\Saving',512,'2025-01-02','Setoran Simpanan Wajib - Ngafif Usman',100000.00,100000.00,'posted',1,1,'2026-01-16 02:16:15','2026-01-16 02:16:15','2026-01-16 02:16:15'),(925,'JRN-20260116-0222','App\\Models\\Saving',513,'2025-01-02','Setoran Simpanan Wajib - Nata Surya Permana',100000.00,100000.00,'posted',1,1,'2026-01-16 02:16:15','2026-01-16 02:16:15','2026-01-16 02:16:15'),(926,'JRN-20260116-0223','App\\Models\\Saving',514,'2025-01-02','Setoran Simpanan Wajib - Annisa Yulianda',100000.00,100000.00,'posted',1,1,'2026-01-16 02:16:15','2026-01-16 02:16:15','2026-01-16 02:16:15'),(927,'JRN-20260116-0224','App\\Models\\Saving',515,'2025-01-02','Setoran Simpanan Wajib - Citrawati',100000.00,100000.00,'posted',1,1,'2026-01-16 02:16:15','2026-01-16 02:16:15','2026-01-16 02:16:15'),(928,'JRN-20260116-0225','App\\Models\\Saving',516,'2025-01-02','Setoran Simpanan Wajib - Isna Ningsih',100000.00,100000.00,'posted',1,1,'2026-01-16 02:16:15','2026-01-16 02:16:15','2026-01-16 02:16:15'),(929,'JRN-20260116-0226','App\\Models\\Saving',517,'2025-01-02','Setoran Simpanan Wajib - Rosadi',100000.00,100000.00,'posted',1,1,'2026-01-16 02:16:15','2026-01-16 02:16:15','2026-01-16 02:16:15'),(930,'JRN-20260116-0227','App\\Models\\Saving',518,'2025-01-02','Setoran Simpanan Wajib - Eddwin Rinaldy',100000.00,100000.00,'posted',1,1,'2026-01-16 02:16:15','2026-01-16 02:16:15','2026-01-16 02:16:15'),(931,'JRN-20260116-0228','App\\Models\\Saving',519,'2025-01-02','Setoran Simpanan Wajib - Deni Novianto',100000.00,100000.00,'posted',1,1,'2026-01-16 02:16:15','2026-01-16 02:16:15','2026-01-16 02:16:15'),(932,'JRN-20260116-0229','App\\Models\\Saving',520,'2025-01-02','Setoran Simpanan Wajib - Ollyvianti Permata Maryanto',100000.00,100000.00,'posted',1,1,'2026-01-16 02:16:15','2026-01-16 02:16:15','2026-01-16 02:16:15'),(933,'JRN-20260116-0230','App\\Models\\Saving',521,'2025-01-02','Setoran Simpanan Wajib - Didik Yanuari',100000.00,100000.00,'posted',1,1,'2026-01-16 02:16:15','2026-01-16 02:16:15','2026-01-16 02:16:15'),(934,'JRN-20260116-0231','App\\Models\\Saving',522,'2025-01-02','Setoran Simpanan Wajib - Daniel Tarigan',100000.00,100000.00,'posted',1,1,'2026-01-16 02:16:15','2026-01-16 02:16:15','2026-01-16 02:16:15'),(935,'JRN-20260116-0232','App\\Models\\Saving',523,'2025-01-02','Setoran Simpanan Wajib - Harto Budi',100000.00,100000.00,'posted',1,1,'2026-01-16 02:16:15','2026-01-16 02:16:15','2026-01-16 02:16:15'),(936,'JRN-20260116-0233','App\\Models\\Saving',524,'2025-01-02','Setoran Simpanan Wajib - Edy Suharno',100000.00,100000.00,'posted',1,1,'2026-01-16 02:16:15','2026-01-16 02:16:15','2026-01-16 02:16:15'),(937,'JRN-20260116-0234','App\\Models\\Saving',525,'2025-01-02','Setoran Simpanan Wajib - Dadang Iskandar',100000.00,100000.00,'posted',1,1,'2026-01-16 02:16:15','2026-01-16 02:16:15','2026-01-16 02:16:15'),(938,'JRN-20260116-0235','App\\Models\\Saving',526,'2025-01-02','Setoran Simpanan Wajib - Endang Suhendar',100000.00,100000.00,'posted',1,1,'2026-01-16 02:16:15','2026-01-16 02:16:15','2026-01-16 02:16:15'),(939,'JRN-20260116-0236','App\\Models\\Saving',527,'2025-01-02','Setoran Simpanan Wajib - Tarko',100000.00,100000.00,'posted',1,1,'2026-01-16 02:16:16','2026-01-16 02:16:16','2026-01-16 02:16:16'),(940,'JRN-20260116-0237','App\\Models\\Saving',528,'2025-01-02','Setoran Simpanan Wajib - Masroni',100000.00,100000.00,'posted',1,1,'2026-01-16 02:16:16','2026-01-16 02:16:16','2026-01-16 02:16:16'),(941,'JRN-20260116-0238','App\\Models\\Saving',529,'2025-01-02','Setoran Simpanan Wajib - Situsin',100000.00,100000.00,'posted',1,1,'2026-01-16 02:16:16','2026-01-16 02:16:16','2026-01-16 02:16:16'),(942,'JRN-20260116-0239','App\\Models\\Saving',530,'2025-01-02','Setoran Simpanan Wajib - Sugeng Ismail',100000.00,100000.00,'posted',1,1,'2026-01-16 02:16:16','2026-01-16 02:16:16','2026-01-16 02:16:16'),(943,'JRN-20260116-0240','App\\Models\\Saving',531,'2025-01-02','Setoran Simpanan Wajib - Syarif Hidayatulloh',100000.00,100000.00,'posted',1,1,'2026-01-16 02:16:16','2026-01-16 02:16:16','2026-01-16 02:16:16'),(944,'JRN-20260116-0241','App\\Models\\Saving',532,'2025-01-02','Setoran Simpanan Wajib - Purwadi',100000.00,100000.00,'posted',1,1,'2026-01-16 02:16:16','2026-01-16 02:16:16','2026-01-16 02:16:16'),(945,'JRN-20260116-0242','App\\Models\\Saving',533,'2025-01-02','Setoran Simpanan Wajib - Wakhyu Hendrik Subekti',100000.00,100000.00,'posted',1,1,'2026-01-16 02:16:16','2026-01-16 02:16:16','2026-01-16 02:16:16'),(946,'JRN-20260116-0243','App\\Models\\Saving',534,'2025-01-02','Setoran Simpanan Wajib - Triyono',100000.00,100000.00,'posted',1,1,'2026-01-16 02:16:16','2026-01-16 02:16:16','2026-01-16 02:16:16'),(947,'JRN-20260116-0244','App\\Models\\Saving',535,'2025-01-02','Setoran Simpanan Wajib - Kurniawan',100000.00,100000.00,'posted',1,1,'2026-01-16 02:16:16','2026-01-16 02:16:16','2026-01-16 02:16:16'),(948,'JRN-20260116-0245','App\\Models\\Saving',536,'2025-01-02','Setoran Simpanan Wajib - Firyono',100000.00,100000.00,'posted',1,1,'2026-01-16 02:16:16','2026-01-16 02:16:16','2026-01-16 02:16:16'),(949,'JRN-20260116-0246','App\\Models\\Saving',537,'2025-01-02','Setoran Simpanan Wajib - Krisnanto',100000.00,100000.00,'posted',1,1,'2026-01-16 02:16:16','2026-01-16 02:16:16','2026-01-16 02:16:16'),(950,'JRN-20260116-0247','App\\Models\\Saving',538,'2025-01-02','Setoran Simpanan Wajib - Edi Supriadi',100000.00,100000.00,'posted',1,1,'2026-01-16 02:16:16','2026-01-16 02:16:16','2026-01-16 02:16:16'),(951,'JRN-20260116-0248','App\\Models\\Saving',539,'2025-01-02','Setoran Simpanan Wajib - Mulyono ',100000.00,100000.00,'posted',1,1,'2026-01-16 02:16:16','2026-01-16 02:16:16','2026-01-16 02:16:16'),(952,'JRN-20260116-0249','App\\Models\\Saving',540,'2025-01-02','Setoran Simpanan Wajib - Nasoka',100000.00,100000.00,'posted',1,1,'2026-01-16 02:16:16','2026-01-16 02:16:16','2026-01-16 02:16:16'),(953,'JRN-20260116-0250','App\\Models\\Saving',541,'2025-01-02','Setoran Simpanan Wajib - Marsudi',100000.00,100000.00,'posted',1,1,'2026-01-16 02:16:16','2026-01-16 02:16:16','2026-01-16 02:16:16'),(954,'JRN-20260116-0251','App\\Models\\Saving',542,'2025-01-02','Setoran Simpanan Wajib - Enjah Ahmad Jaelani',100000.00,100000.00,'posted',1,1,'2026-01-16 02:16:16','2026-01-16 02:16:16','2026-01-16 02:16:16'),(955,'JRN-20260116-0252','App\\Models\\Saving',543,'2025-01-02','Setoran Simpanan Wajib - Suharman',100000.00,100000.00,'posted',1,1,'2026-01-16 02:16:16','2026-01-16 02:16:16','2026-01-16 02:16:16'),(956,'JRN-20260116-0253','App\\Models\\Saving',544,'2025-01-02','Setoran Simpanan Wajib - Purnomo Setya Irawan',100000.00,100000.00,'posted',1,1,'2026-01-16 02:16:16','2026-01-16 02:16:16','2026-01-16 02:16:16'),(957,'JRN-20260116-0254','App\\Models\\Saving',545,'2025-01-02','Setoran Simpanan Wajib - Andika Mandala Putra',100000.00,100000.00,'posted',1,1,'2026-01-16 02:16:16','2026-01-16 02:16:16','2026-01-16 02:16:16'),(958,'JRN-20260116-0255','App\\Models\\Saving',546,'2025-01-02','Setoran Simpanan Wajib - Sukendar',100000.00,100000.00,'posted',1,1,'2026-01-16 02:16:16','2026-01-16 02:16:16','2026-01-16 02:16:16'),(959,'JRN-20260116-0256','App\\Models\\Saving',547,'2025-01-02','Setoran Simpanan Wajib - Iwan Setiawan',100000.00,100000.00,'posted',1,1,'2026-01-16 02:16:16','2026-01-16 02:16:16','2026-01-16 02:16:16'),(960,'JRN-20260116-0257','App\\Models\\Saving',548,'2025-01-02','Setoran Simpanan Wajib - Iwan Setyawan',100000.00,100000.00,'posted',1,1,'2026-01-16 02:16:16','2026-01-16 02:16:16','2026-01-16 02:16:16'),(961,'JRN-20260116-0258','App\\Models\\Saving',549,'2025-01-02','Setoran Simpanan Wajib - Heti',100000.00,100000.00,'posted',1,1,'2026-01-16 02:16:16','2026-01-16 02:16:16','2026-01-16 02:16:16'),(962,'JRN-20260116-0259','App\\Models\\Saving',550,'2025-01-02','Setoran Simpanan Wajib - Elis Siti Aisah',100000.00,100000.00,'posted',1,1,'2026-01-16 02:16:16','2026-01-16 02:16:16','2026-01-16 02:16:16'),(963,'JRN-20260116-0260','App\\Models\\Saving',551,'2025-01-02','Setoran Simpanan Wajib - R Wiguno Indra Idris Putra',100000.00,100000.00,'posted',1,1,'2026-01-16 02:16:16','2026-01-16 02:16:16','2026-01-16 02:16:16'),(964,'JRN-20260116-0261','App\\Models\\Saving',552,'2025-01-02','Setoran Simpanan Wajib - Tria Hardian',100000.00,100000.00,'posted',1,1,'2026-01-16 02:16:16','2026-01-16 02:16:16','2026-01-16 02:16:16'),(965,'JRN-20260116-0262','App\\Models\\Saving',553,'2025-01-02','Setoran Simpanan Wajib - Achmad Roni',100000.00,100000.00,'posted',1,1,'2026-01-16 02:16:16','2026-01-16 02:16:16','2026-01-16 02:16:16'),(966,'JRN-20260116-0263','App\\Models\\Saving',554,'2025-01-02','Setoran Simpanan Wajib - Erik',100000.00,100000.00,'posted',1,1,'2026-01-16 02:16:16','2026-01-16 02:16:16','2026-01-16 02:16:16'),(967,'JRN-20260116-0264','App\\Models\\Saving',555,'2025-01-02','Setoran Simpanan Wajib - Irwan Rafiansyah',100000.00,100000.00,'posted',1,1,'2026-01-16 02:16:16','2026-01-16 02:16:16','2026-01-16 02:16:16'),(968,'JRN-20260116-0265','App\\Models\\Saving',556,'2025-01-02','Setoran Simpanan Wajib - Rizep Maulida',100000.00,100000.00,'posted',1,1,'2026-01-16 02:16:16','2026-01-16 02:16:16','2026-01-16 02:16:16'),(969,'JRN-20260116-0266','App\\Models\\Saving',557,'2025-01-02','Setoran Simpanan Wajib - Yukriyanto',100000.00,100000.00,'posted',1,1,'2026-01-16 02:16:16','2026-01-16 02:16:16','2026-01-16 02:16:16'),(970,'JRN-20260116-0267','App\\Models\\Saving',558,'2025-01-02','Setoran Simpanan Wajib - Rio Esa Putera',100000.00,100000.00,'posted',1,1,'2026-01-16 02:16:16','2026-01-16 02:16:16','2026-01-16 02:16:16'),(971,'JRN-20260116-0268','App\\Models\\Saving',559,'2025-01-02','Setoran Simpanan Wajib - Redha Andhita Dharma',100000.00,100000.00,'posted',1,1,'2026-01-16 02:16:16','2026-01-16 02:16:16','2026-01-16 02:16:16'),(972,'JRN-20260116-0269','App\\Models\\Saving',560,'2025-01-02','Setoran Simpanan Wajib - Endri Agung Susilo',100000.00,100000.00,'posted',1,1,'2026-01-16 02:16:16','2026-01-16 02:16:16','2026-01-16 02:16:16'),(973,'JRN-20260116-0270','App\\Models\\Saving',561,'2025-01-02','Setoran Simpanan Wajib - Aris Hadi Rismanto',100000.00,100000.00,'posted',1,1,'2026-01-16 02:16:16','2026-01-16 02:16:16','2026-01-16 02:16:16'),(974,'JRN-20260116-0271','App\\Models\\Saving',562,'2025-01-02','Setoran Simpanan Wajib - Muhammad Nabawi',100000.00,100000.00,'posted',1,1,'2026-01-16 02:16:16','2026-01-16 02:16:16','2026-01-16 02:16:16'),(975,'JRN-20260116-0272','App\\Models\\Saving',563,'2025-01-02','Setoran Simpanan Wajib - Hamdani Salim Rahayu',100000.00,100000.00,'posted',1,1,'2026-01-16 02:16:16','2026-01-16 02:16:16','2026-01-16 02:16:16'),(976,'JRN-20260116-0273','App\\Models\\Saving',564,'2025-01-02','Setoran Simpanan Wajib - Haep Nurefendi',100000.00,100000.00,'posted',1,1,'2026-01-16 02:16:16','2026-01-16 02:16:16','2026-01-16 02:16:16'),(977,'JRN-20260116-0274','App\\Models\\Saving',565,'2025-01-02','Setoran Simpanan Wajib - Ajie Bramantyo Aldan',100000.00,100000.00,'posted',1,1,'2026-01-16 02:16:16','2026-01-16 02:16:16','2026-01-16 02:16:16'),(978,'JRN-20260116-0275','App\\Models\\Saving',566,'2025-01-02','Setoran Simpanan Wajib - Carsim',100000.00,100000.00,'posted',1,1,'2026-01-16 02:16:16','2026-01-16 02:16:16','2026-01-16 02:16:16'),(979,'JRN-20260116-0276','App\\Models\\Saving',567,'2025-01-02','Setoran Simpanan Wajib - Ajat Sudrajat',100000.00,100000.00,'posted',1,1,'2026-01-16 02:16:16','2026-01-16 02:16:16','2026-01-16 02:16:16'),(980,'JRN-20260116-0277','App\\Models\\Saving',568,'2025-01-02','Setoran Simpanan Wajib - Ahmad Budaeri',100000.00,100000.00,'posted',1,1,'2026-01-16 02:16:16','2026-01-16 02:16:16','2026-01-16 02:16:16'),(981,'JRN-20260116-0278','App\\Models\\Saving',569,'2025-01-02','Setoran Simpanan Wajib - Edi Sunaryanto',100000.00,100000.00,'posted',1,1,'2026-01-16 02:16:16','2026-01-16 02:16:16','2026-01-16 02:16:16'),(982,'JRN-20260116-0279','App\\Models\\Saving',570,'2025-01-02','Setoran Simpanan Wajib - Sarno',100000.00,100000.00,'posted',1,1,'2026-01-16 02:16:16','2026-01-16 02:16:16','2026-01-16 02:16:16'),(983,'JRN-20260116-0280','App\\Models\\Saving',571,'2025-01-02','Setoran Simpanan Wajib - Saudi',100000.00,100000.00,'posted',1,1,'2026-01-16 02:16:16','2026-01-16 02:16:16','2026-01-16 02:16:16'),(984,'JRN-20260116-0281','App\\Models\\Saving',572,'2025-01-02','Setoran Simpanan Wajib - Dang Joko Prayitno',100000.00,100000.00,'posted',1,1,'2026-01-16 02:16:16','2026-01-16 02:16:16','2026-01-16 02:16:16'),(985,'JRN-20260116-0282','App\\Models\\Saving',573,'2025-01-02','Setoran Simpanan Wajib - Sudirman',100000.00,100000.00,'posted',1,1,'2026-01-16 02:16:16','2026-01-16 02:16:16','2026-01-16 02:16:16'),(986,'JRN-20260116-0283','App\\Models\\Saving',574,'2025-01-02','Setoran Simpanan Wajib - Sulendra',100000.00,100000.00,'posted',1,1,'2026-01-16 02:16:16','2026-01-16 02:16:16','2026-01-16 02:16:16'),(987,'JRN-20260116-0284','App\\Models\\Saving',575,'2025-01-02','Setoran Simpanan Wajib - Anton Wahyudi',100000.00,100000.00,'posted',1,1,'2026-01-16 02:16:16','2026-01-16 02:16:16','2026-01-16 02:16:16'),(988,'JRN-20260116-0285','App\\Models\\Saving',576,'2025-01-02','Setoran Simpanan Wajib - Widodo hasto',100000.00,100000.00,'posted',1,1,'2026-01-16 02:16:16','2026-01-16 02:16:16','2026-01-16 02:16:16'),(989,'JRN-20260116-0286','App\\Models\\Saving',577,'2025-01-02','Setoran Simpanan Wajib - Sahlani',100000.00,100000.00,'posted',1,1,'2026-01-16 02:16:16','2026-01-16 02:16:16','2026-01-16 02:16:16'),(990,'JRN-20260116-0287','App\\Models\\Saving',578,'2025-01-02','Setoran Simpanan Wajib - Dwi Susilo',100000.00,100000.00,'posted',1,1,'2026-01-16 02:16:16','2026-01-16 02:16:16','2026-01-16 02:16:16'),(991,'JRN-20260116-0288','App\\Models\\Saving',579,'2025-01-02','Setoran Simpanan Wajib - Adji Suprapto',100000.00,100000.00,'posted',1,1,'2026-01-16 02:16:16','2026-01-16 02:16:16','2026-01-16 02:16:16'),(992,'JRN-20260116-0289','App\\Models\\Saving',580,'2025-01-02','Setoran Simpanan Wajib - Panca Perdana',100000.00,100000.00,'posted',1,1,'2026-01-16 02:16:16','2026-01-16 02:16:16','2026-01-16 02:16:16'),(993,'JRN-20260116-0290','App\\Models\\Saving',581,'2025-01-02','Setoran Simpanan Wajib - Syamsul Falah Bin Uding',100000.00,100000.00,'posted',1,1,'2026-01-16 02:16:16','2026-01-16 02:16:16','2026-01-16 02:16:16'),(994,'JRN-20260116-0291','App\\Models\\Saving',582,'2025-01-02','Setoran Simpanan Wajib - Agus Zatnika',100000.00,100000.00,'posted',1,1,'2026-01-16 02:16:16','2026-01-16 02:16:16','2026-01-16 02:16:16'),(995,'JRN-20260116-0292','App\\Models\\Saving',583,'2025-01-02','Setoran Simpanan Wajib - Husni Mabrur',100000.00,100000.00,'posted',1,1,'2026-01-16 02:16:16','2026-01-16 02:16:16','2026-01-16 02:16:16'),(996,'JRN-20260116-0293','App\\Models\\Saving',584,'2025-01-02','Setoran Simpanan Wajib - Yudi Sudiana',100000.00,100000.00,'posted',1,1,'2026-01-16 02:16:16','2026-01-16 02:16:16','2026-01-16 02:16:16'),(997,'JRN-20260116-0294','App\\Models\\Saving',585,'2025-01-02','Setoran Simpanan Wajib - Saripudin',100000.00,100000.00,'posted',1,1,'2026-01-16 02:16:16','2026-01-16 02:16:16','2026-01-16 02:16:16'),(998,'JRN-20260116-0295','App\\Models\\Saving',586,'2025-01-02','Setoran Simpanan Wajib - Aming Muhidin',100000.00,100000.00,'posted',1,1,'2026-01-16 02:16:16','2026-01-16 02:16:16','2026-01-16 02:16:16'),(999,'JRN-20260116-0296','App\\Models\\Saving',587,'2025-01-02','Setoran Simpanan Wajib - Ade Hermansyah',100000.00,100000.00,'posted',1,1,'2026-01-16 02:16:16','2026-01-16 02:16:16','2026-01-16 02:16:16'),(1000,'JRN-20260116-0297','App\\Models\\Saving',588,'2025-01-02','Setoran Simpanan Wajib - Ahmad Mulyana',100000.00,100000.00,'posted',1,1,'2026-01-16 02:16:16','2026-01-16 02:16:16','2026-01-16 02:16:16'),(1001,'JRN-20260116-0298','App\\Models\\Saving',589,'2025-01-02','Setoran Simpanan Wajib - Rudi Kurniawan',100000.00,100000.00,'posted',1,1,'2026-01-16 02:16:16','2026-01-16 02:16:16','2026-01-16 02:16:16'),(1002,'JRN-20260116-0299','App\\Models\\Saving',590,'2025-01-02','Setoran Simpanan Wajib - Eko Purnomo',100000.00,100000.00,'posted',1,1,'2026-01-16 02:16:16','2026-01-16 02:16:16','2026-01-16 02:16:16'),(1003,'JRN-20260116-0300','App\\Models\\Saving',591,'2025-01-02','Setoran Simpanan Wajib - Muhammad Vandes',100000.00,100000.00,'posted',1,1,'2026-01-16 02:16:16','2026-01-16 02:16:16','2026-01-16 02:16:16'),(1004,'JRN-20260116-0301','App\\Models\\Saving',592,'2025-01-02','Setoran Simpanan Wajib - Rudi Untoro',100000.00,100000.00,'posted',1,1,'2026-01-16 02:16:16','2026-01-16 02:16:16','2026-01-16 02:16:16'),(1005,'JRN-20260116-0302','App\\Models\\Saving',593,'2025-01-02','Setoran Simpanan Wajib - Wira Satriaji',100000.00,100000.00,'posted',1,1,'2026-01-16 02:16:16','2026-01-16 02:16:16','2026-01-16 02:16:16'),(1006,'JRN-20260116-0303','App\\Models\\Saving',594,'2025-01-02','Setoran Simpanan Wajib - Tri Sutikno',100000.00,100000.00,'posted',1,1,'2026-01-16 02:16:16','2026-01-16 02:16:16','2026-01-16 02:16:16'),(1007,'JRN-20260116-0304','App\\Models\\Saving',595,'2025-01-02','Setoran Simpanan Wajib - Ahmad Caryana',100000.00,100000.00,'posted',1,1,'2026-01-16 02:16:16','2026-01-16 02:16:16','2026-01-16 02:16:16'),(1008,'JRN-20260116-0305','App\\Models\\Saving',596,'2025-01-02','Setoran Simpanan Wajib - Eko Yulianto',100000.00,100000.00,'posted',1,1,'2026-01-16 02:16:16','2026-01-16 02:16:16','2026-01-16 02:16:16'),(1009,'JRN-20260116-0306','App\\Models\\Saving',597,'2025-01-02','Setoran Simpanan Wajib - Turkhamun',100000.00,100000.00,'posted',1,1,'2026-01-16 02:16:16','2026-01-16 02:16:16','2026-01-16 02:16:16'),(1010,'JRN-20260116-0307','App\\Models\\Saving',598,'2025-01-02','Setoran Simpanan Wajib - Ambar Wahyudi',100000.00,100000.00,'posted',1,1,'2026-01-16 02:16:16','2026-01-16 02:16:16','2026-01-16 02:16:16'),(1011,'JRN-20260116-0308','App\\Models\\Saving',599,'2025-01-02','Setoran Simpanan Wajib - Sri Widiyanto',100000.00,100000.00,'posted',1,1,'2026-01-16 02:16:16','2026-01-16 02:16:16','2026-01-16 02:16:16'),(1012,'JRN-20260116-0309','App\\Models\\Saving',600,'2025-01-02','Setoran Simpanan Wajib - Fatkhul Muin',100000.00,100000.00,'posted',1,1,'2026-01-16 02:16:16','2026-01-16 02:16:16','2026-01-16 02:16:16'),(1013,'JRN-20260116-0310','App\\Models\\Saving',601,'2025-01-02','Setoran Simpanan Wajib - Kholid Ma\'rup',100000.00,100000.00,'posted',1,1,'2026-01-16 02:16:17','2026-01-16 02:16:17','2026-01-16 02:16:17'),(1014,'JRN-20260116-0311','App\\Models\\Saving',602,'2025-01-02','Setoran Simpanan Wajib - Harry Prabu Setyo',100000.00,100000.00,'posted',1,1,'2026-01-16 02:16:17','2026-01-16 02:16:17','2026-01-16 02:16:17'),(1015,'JRN-20260116-0312','App\\Models\\Saving',603,'2025-01-02','Setoran Simpanan Wajib - Parlan',100000.00,100000.00,'posted',1,1,'2026-01-16 02:16:17','2026-01-16 02:16:17','2026-01-16 02:16:17'),(1016,'JRN-20260116-0313','App\\Models\\Saving',604,'2025-01-02','Setoran Simpanan Wajib - Rian Diyanto',100000.00,100000.00,'posted',1,1,'2026-01-16 02:16:17','2026-01-16 02:16:17','2026-01-16 02:16:17'),(1017,'JRN-20260116-0314','App\\Models\\Saving',605,'2025-01-02','Setoran Simpanan Wajib - Rusdia Hamid',100000.00,100000.00,'posted',1,1,'2026-01-16 02:16:17','2026-01-16 02:16:17','2026-01-16 02:16:17'),(1018,'JRN-20260116-0315','App\\Models\\Saving',606,'2025-01-02','Setoran Simpanan Wajib - Miftah',100000.00,100000.00,'posted',1,1,'2026-01-16 02:16:17','2026-01-16 02:16:17','2026-01-16 02:16:17'),(1019,'JRN-20260116-0316','App\\Models\\Saving',607,'2025-01-02','Setoran Simpanan Wajib - Eko Nugroho',100000.00,100000.00,'posted',1,1,'2026-01-16 02:16:17','2026-01-16 02:16:17','2026-01-16 02:16:17'),(1020,'JRN-20260116-0317','App\\Models\\Saving',608,'2025-01-02','Setoran Simpanan Wajib - Sulistiani',100000.00,100000.00,'posted',1,1,'2026-01-16 02:16:17','2026-01-16 02:16:17','2026-01-16 02:16:17'),(1021,'JRN-20260116-0318','App\\Models\\Saving',609,'2025-01-02','Setoran Simpanan Wajib - Alexander Arianto Rimba',100000.00,100000.00,'posted',1,1,'2026-01-16 02:16:17','2026-01-16 02:16:17','2026-01-16 02:16:17'),(1022,'JRN-20260116-0319','App\\Models\\Saving',610,'2025-01-02','Setoran Simpanan Wajib - Ahmad Jalaludin',100000.00,100000.00,'posted',1,1,'2026-01-16 02:16:17','2026-01-16 02:16:17','2026-01-16 02:16:17'),(1023,'JRN-20260116-0320','App\\Models\\Saving',611,'2025-01-02','Setoran Simpanan Wajib - Santi Tri Handayani',100000.00,100000.00,'posted',1,1,'2026-01-16 02:16:17','2026-01-16 02:16:17','2026-01-16 02:16:17'),(1024,'JRN-20260116-0321','App\\Models\\Saving',612,'2025-01-02','Setoran Simpanan Wajib - Asep Mulyana',100000.00,100000.00,'posted',1,1,'2026-01-16 02:16:17','2026-01-16 02:16:17','2026-01-16 02:16:17'),(1025,'JRN-20260116-0322','App\\Models\\Saving',613,'2025-01-02','Setoran Simpanan Wajib - Suparyono',100000.00,100000.00,'posted',1,1,'2026-01-16 02:16:17','2026-01-16 02:16:17','2026-01-16 02:16:17'),(1030,'JRN-20260116-0323','App\\Models\\Saving',617,'2026-01-16','Setoran Simpanan Sukarela - Ngafif Usman',80000.00,80000.00,'posted',1,1,'2026-01-16 04:45:48','2026-01-16 04:45:48','2026-01-16 04:45:48'),(1031,'JRN-20260116-0324','App\\Models\\ConsignmentSettlement',4,'2026-01-16','Settlement Konsinyasi #CS-20260116-8705 - ',80000.00,80000.00,'posted',1,1,'2026-01-16 04:45:48','2026-01-16 04:45:48','2026-01-16 04:45:48'),(1032,'JRN-20260116-0325','App\\Models\\Saving',618,'2026-01-16','Setoran Simpanan Sukarela - Nata Surya Permana',100000.00,100000.00,'posted',556,556,'2026-01-16 04:52:57','2026-01-16 04:52:57','2026-01-16 04:52:57'),(1033,'JRN-20260116-0326','App\\Models\\ConsignmentSettlement',5,'2026-01-16','Settlement Konsinyasi #CS-20260116-8954 - Nata Surya Permana',100000.00,100000.00,'posted',556,556,'2026-01-16 04:52:57','2026-01-16 04:52:57','2026-01-16 04:52:57'),(1034,'JRN-20260117-0001','App\\Models\\Transaction',32,'2026-01-17','Penjualan - INV-20260117-H56H',172000.00,172000.00,'posted',557,557,'2026-01-16 22:54:42','2026-01-16 22:54:42','2026-01-16 22:54:42');
/*!40000 ALTER TABLE `journal_entries` ENABLE KEYS */;
UNLOCK TABLES;

--
-- Table structure for table `journal_entry_lines`
--

DROP TABLE IF EXISTS `journal_entry_lines`;
/*!40101 SET @saved_cs_client     = @@character_set_client */;
/*!50503 SET character_set_client = utf8mb4 */;
CREATE TABLE `journal_entry_lines` (
  `id` bigint unsigned NOT NULL AUTO_INCREMENT,
  `journal_entry_id` bigint unsigned NOT NULL,
  `account_id` bigint unsigned NOT NULL,
  `debit` decimal(15,2) NOT NULL DEFAULT '0.00',
  `credit` decimal(15,2) NOT NULL DEFAULT '0.00',
  `description` text CHARACTER SET utf8mb4 COLLATE utf8mb4_unicode_ci,
  `created_at` timestamp NULL DEFAULT NULL,
  `updated_at` timestamp NULL DEFAULT NULL,
  PRIMARY KEY (`id`),
  KEY `journal_entry_lines_journal_entry_id_foreign` (`journal_entry_id`),
  KEY `journal_entry_lines_account_id_index` (`account_id`),
  CONSTRAINT `journal_entry_lines_account_id_foreign` FOREIGN KEY (`account_id`) REFERENCES `accounts` (`id`) ON DELETE RESTRICT,
  CONSTRAINT `journal_entry_lines_journal_entry_id_foreign` FOREIGN KEY (`journal_entry_id`) REFERENCES `journal_entries` (`id`) ON DELETE CASCADE
) ENGINE=InnoDB AUTO_INCREMENT=2494 DEFAULT CHARSET=utf8mb4 COLLATE=utf8mb4_unicode_ci;
/*!40101 SET character_set_client = @saved_cs_client */;

--
-- Dumping data for table `journal_entry_lines`
--

LOCK TABLES `journal_entry_lines` WRITE;
/*!40000 ALTER TABLE `journal_entry_lines` DISABLE KEYS */;
INSERT INTO `journal_entry_lines` VALUES (1824,704,2,398000.00,0.00,'Bank masuk (TRANSFER)','2026-01-15 20:28:27','2026-01-15 20:28:27'),(1825,704,4,0.00,398000.00,'Pelunasan piutang','2026-01-15 20:28:27','2026-01-15 20:28:27'),(1826,705,2,118000.00,0.00,'Bank masuk (TRANSFER)','2026-01-15 20:28:27','2026-01-15 20:28:27'),(1827,705,4,0.00,118000.00,'Pelunasan piutang','2026-01-15 20:28:27','2026-01-15 20:28:27'),(1828,706,2,4000.00,0.00,'Bank masuk (TRANSFER)','2026-01-15 20:28:27','2026-01-15 20:28:27'),(1829,706,4,0.00,4000.00,'Pelunasan piutang','2026-01-15 20:28:27','2026-01-15 20:28:27'),(1830,707,2,317000.00,0.00,'Bank masuk (TRANSFER)','2026-01-15 20:28:27','2026-01-15 20:28:27'),(1831,707,4,0.00,317000.00,'Pelunasan piutang','2026-01-15 20:28:27','2026-01-15 20:28:27'),(1832,708,2,423000.00,0.00,'Bank masuk (TRANSFER)','2026-01-15 20:28:27','2026-01-15 20:28:27'),(1833,708,4,0.00,423000.00,'Pelunasan piutang','2026-01-15 20:28:27','2026-01-15 20:28:27'),(1834,709,2,313000.00,0.00,'Bank masuk (TRANSFER)','2026-01-15 20:28:27','2026-01-15 20:28:27'),(1835,709,4,0.00,313000.00,'Pelunasan piutang','2026-01-15 20:28:27','2026-01-15 20:28:27'),(1836,710,2,330000.00,0.00,'Bank masuk (TRANSFER)','2026-01-15 20:28:27','2026-01-15 20:28:27'),(1837,710,4,0.00,330000.00,'Pelunasan piutang','2026-01-15 20:28:27','2026-01-15 20:28:27'),(1838,711,2,373000.00,0.00,'Bank masuk (TRANSFER)','2026-01-15 20:28:27','2026-01-15 20:28:27'),(1839,711,4,0.00,373000.00,'Pelunasan piutang','2026-01-15 20:28:27','2026-01-15 20:28:27'),(1840,712,2,122000.00,0.00,'Bank masuk (TRANSFER)','2026-01-15 20:28:28','2026-01-15 20:28:28'),(1841,712,4,0.00,122000.00,'Pelunasan piutang','2026-01-15 20:28:28','2026-01-15 20:28:28'),(1842,713,2,220000.00,0.00,'Bank masuk (TRANSFER)','2026-01-15 20:28:28','2026-01-15 20:28:28'),(1843,713,4,0.00,220000.00,'Pelunasan piutang','2026-01-15 20:28:28','2026-01-15 20:28:28'),(1844,714,2,419000.00,0.00,'Bank masuk (TRANSFER)','2026-01-15 20:28:28','2026-01-15 20:28:28'),(1845,714,4,0.00,419000.00,'Pelunasan piutang','2026-01-15 20:28:28','2026-01-15 20:28:28'),(1846,715,2,512000.00,0.00,'Bank masuk (TRANSFER)','2026-01-15 20:28:28','2026-01-15 20:28:28'),(1847,715,4,0.00,512000.00,'Pelunasan piutang','2026-01-15 20:28:28','2026-01-15 20:28:28'),(1848,716,2,338000.00,0.00,'Bank masuk (TRANSFER)','2026-01-15 20:28:28','2026-01-15 20:28:28'),(1849,716,4,0.00,338000.00,'Pelunasan piutang','2026-01-15 20:28:28','2026-01-15 20:28:28'),(1850,717,1,288500.00,0.00,'Kas masuk','2026-01-15 21:50:13','2026-01-15 21:50:13'),(1851,717,17,0.00,288500.00,'Pendapatan penjualan','2026-01-15 21:50:13','2026-01-15 21:50:13'),(1852,717,23,266354.00,0.00,'Harga pokok penjualan','2026-01-15 21:50:13','2026-01-15 21:50:13'),(1853,717,5,0.00,266354.00,'Persediaan keluar','2026-01-15 21:50:13','2026-01-15 21:50:13'),(1854,718,4,8500.00,0.00,'Piutang dagang','2026-01-15 22:50:56','2026-01-15 22:50:56'),(1855,718,17,0.00,8500.00,'Pendapatan penjualan','2026-01-15 22:50:57','2026-01-15 22:50:57'),(1856,718,23,5354.00,0.00,'Harga pokok penjualan','2026-01-15 22:50:57','2026-01-15 22:50:57'),(1857,718,5,0.00,5354.00,'Persediaan keluar','2026-01-15 22:50:57','2026-01-15 22:50:57'),(1858,719,4,102000.00,0.00,'Piutang dagang','2026-01-15 23:34:11','2026-01-15 23:34:11'),(1859,719,17,0.00,102000.00,'Pendapatan penjualan','2026-01-15 23:34:11','2026-01-15 23:34:11'),(1860,719,23,88708.00,0.00,'Harga pokok penjualan','2026-01-15 23:34:11','2026-01-15 23:34:11'),(1861,719,5,0.00,88708.00,'Persediaan keluar','2026-01-15 23:34:11','2026-01-15 23:34:11'),(2066,822,2,150000.00,0.00,'Bank masuk (Transfer)','2026-01-16 02:16:14','2026-01-16 02:16:14'),(2067,822,7,0.00,150000.00,'Simpanan Pokok','2026-01-16 02:16:14','2026-01-16 02:16:14'),(2068,823,2,150000.00,0.00,'Bank masuk (Transfer)','2026-01-16 02:16:14','2026-01-16 02:16:14'),(2069,823,7,0.00,150000.00,'Simpanan Pokok','2026-01-16 02:16:14','2026-01-16 02:16:14'),(2070,824,2,150000.00,0.00,'Bank masuk (Transfer)','2026-01-16 02:16:14','2026-01-16 02:16:14'),(2071,824,7,0.00,150000.00,'Simpanan Pokok','2026-01-16 02:16:14','2026-01-16 02:16:14'),(2072,825,2,150000.00,0.00,'Bank masuk (Transfer)','2026-01-16 02:16:14','2026-01-16 02:16:14'),(2073,825,7,0.00,150000.00,'Simpanan Pokok','2026-01-16 02:16:14','2026-01-16 02:16:14'),(2074,826,2,150000.00,0.00,'Bank masuk (Transfer)','2026-01-16 02:16:14','2026-01-16 02:16:14'),(2075,826,7,0.00,150000.00,'Simpanan Pokok','2026-01-16 02:16:14','2026-01-16 02:16:14'),(2076,827,2,150000.00,0.00,'Bank masuk (Transfer)','2026-01-16 02:16:14','2026-01-16 02:16:14'),(2077,827,7,0.00,150000.00,'Simpanan Pokok','2026-01-16 02:16:14','2026-01-16 02:16:14'),(2078,828,2,150000.00,0.00,'Bank masuk (Transfer)','2026-01-16 02:16:14','2026-01-16 02:16:14'),(2079,828,7,0.00,150000.00,'Simpanan Pokok','2026-01-16 02:16:14','2026-01-16 02:16:14'),(2080,829,2,150000.00,0.00,'Bank masuk (Transfer)','2026-01-16 02:16:14','2026-01-16 02:16:14'),(2081,829,7,0.00,150000.00,'Simpanan Pokok','2026-01-16 02:16:14','2026-01-16 02:16:14'),(2082,830,2,150000.00,0.00,'Bank masuk (Transfer)','2026-01-16 02:16:14','2026-01-16 02:16:14'),(2083,830,7,0.00,150000.00,'Simpanan Pokok','2026-01-16 02:16:14','2026-01-16 02:16:14'),(2084,831,2,150000.00,0.00,'Bank masuk (Transfer)','2026-01-16 02:16:14','2026-01-16 02:16:14'),(2085,831,7,0.00,150000.00,'Simpanan Pokok','2026-01-16 02:16:14','2026-01-16 02:16:14'),(2086,832,2,150000.00,0.00,'Bank masuk (Transfer)','2026-01-16 02:16:14','2026-01-16 02:16:14'),(2087,832,7,0.00,150000.00,'Simpanan Pokok','2026-01-16 02:16:14','2026-01-16 02:16:14'),(2088,833,2,150000.00,0.00,'Bank masuk (Transfer)','2026-01-16 02:16:14','2026-01-16 02:16:14'),(2089,833,7,0.00,150000.00,'Simpanan Pokok','2026-01-16 02:16:14','2026-01-16 02:16:14'),(2090,834,2,150000.00,0.00,'Bank masuk (Transfer)','2026-01-16 02:16:14','2026-01-16 02:16:14'),(2091,834,7,0.00,150000.00,'Simpanan Pokok','2026-01-16 02:16:14','2026-01-16 02:16:14'),(2092,835,2,150000.00,0.00,'Bank masuk (Transfer)','2026-01-16 02:16:14','2026-01-16 02:16:14'),(2093,835,7,0.00,150000.00,'Simpanan Pokok','2026-01-16 02:16:14','2026-01-16 02:16:14'),(2094,836,2,150000.00,0.00,'Bank masuk (Transfer)','2026-01-16 02:16:14','2026-01-16 02:16:14'),(2095,836,7,0.00,150000.00,'Simpanan Pokok','2026-01-16 02:16:14','2026-01-16 02:16:14'),(2096,837,2,150000.00,0.00,'Bank masuk (Transfer)','2026-01-16 02:16:14','2026-01-16 02:16:14'),(2097,837,7,0.00,150000.00,'Simpanan Pokok','2026-01-16 02:16:14','2026-01-16 02:16:14'),(2098,838,2,150000.00,0.00,'Bank masuk (Transfer)','2026-01-16 02:16:14','2026-01-16 02:16:14'),(2099,838,7,0.00,150000.00,'Simpanan Pokok','2026-01-16 02:16:14','2026-01-16 02:16:14'),(2100,839,2,150000.00,0.00,'Bank masuk (Transfer)','2026-01-16 02:16:14','2026-01-16 02:16:14'),(2101,839,7,0.00,150000.00,'Simpanan Pokok','2026-01-16 02:16:14','2026-01-16 02:16:14'),(2102,840,2,150000.00,0.00,'Bank masuk (Transfer)','2026-01-16 02:16:14','2026-01-16 02:16:14'),(2103,840,7,0.00,150000.00,'Simpanan Pokok','2026-01-16 02:16:14','2026-01-16 02:16:14'),(2104,841,2,150000.00,0.00,'Bank masuk (Transfer)','2026-01-16 02:16:14','2026-01-16 02:16:14'),(2105,841,7,0.00,150000.00,'Simpanan Pokok','2026-01-16 02:16:14','2026-01-16 02:16:14'),(2106,842,2,150000.00,0.00,'Bank masuk (Transfer)','2026-01-16 02:16:14','2026-01-16 02:16:14'),(2107,842,7,0.00,150000.00,'Simpanan Pokok','2026-01-16 02:16:14','2026-01-16 02:16:14'),(2108,843,2,150000.00,0.00,'Bank masuk (Transfer)','2026-01-16 02:16:14','2026-01-16 02:16:14'),(2109,843,7,0.00,150000.00,'Simpanan Pokok','2026-01-16 02:16:14','2026-01-16 02:16:14'),(2110,844,2,150000.00,0.00,'Bank masuk (Transfer)','2026-01-16 02:16:14','2026-01-16 02:16:14'),(2111,844,7,0.00,150000.00,'Simpanan Pokok','2026-01-16 02:16:14','2026-01-16 02:16:14'),(2112,845,2,150000.00,0.00,'Bank masuk (Transfer)','2026-01-16 02:16:14','2026-01-16 02:16:14'),(2113,845,7,0.00,150000.00,'Simpanan Pokok','2026-01-16 02:16:14','2026-01-16 02:16:14'),(2114,846,2,150000.00,0.00,'Bank masuk (Transfer)','2026-01-16 02:16:14','2026-01-16 02:16:14'),(2115,846,7,0.00,150000.00,'Simpanan Pokok','2026-01-16 02:16:14','2026-01-16 02:16:14'),(2116,847,2,150000.00,0.00,'Bank masuk (Transfer)','2026-01-16 02:16:14','2026-01-16 02:16:14'),(2117,847,7,0.00,150000.00,'Simpanan Pokok','2026-01-16 02:16:14','2026-01-16 02:16:14'),(2118,848,2,150000.00,0.00,'Bank masuk (Transfer)','2026-01-16 02:16:14','2026-01-16 02:16:14'),(2119,848,7,0.00,150000.00,'Simpanan Pokok','2026-01-16 02:16:14','2026-01-16 02:16:14'),(2120,849,2,150000.00,0.00,'Bank masuk (Transfer)','2026-01-16 02:16:14','2026-01-16 02:16:14'),(2121,849,7,0.00,150000.00,'Simpanan Pokok','2026-01-16 02:16:14','2026-01-16 02:16:14'),(2122,850,2,150000.00,0.00,'Bank masuk (Transfer)','2026-01-16 02:16:14','2026-01-16 02:16:14'),(2123,850,7,0.00,150000.00,'Simpanan Pokok','2026-01-16 02:16:14','2026-01-16 02:16:14'),(2124,851,2,150000.00,0.00,'Bank masuk (Transfer)','2026-01-16 02:16:14','2026-01-16 02:16:14'),(2125,851,7,0.00,150000.00,'Simpanan Pokok','2026-01-16 02:16:14','2026-01-16 02:16:14'),(2126,852,2,150000.00,0.00,'Bank masuk (Transfer)','2026-01-16 02:16:14','2026-01-16 02:16:14'),(2127,852,7,0.00,150000.00,'Simpanan Pokok','2026-01-16 02:16:14','2026-01-16 02:16:14'),(2128,853,2,150000.00,0.00,'Bank masuk (Transfer)','2026-01-16 02:16:14','2026-01-16 02:16:14'),(2129,853,7,0.00,150000.00,'Simpanan Pokok','2026-01-16 02:16:14','2026-01-16 02:16:14'),(2130,854,2,150000.00,0.00,'Bank masuk (Transfer)','2026-01-16 02:16:14','2026-01-16 02:16:14'),(2131,854,7,0.00,150000.00,'Simpanan Pokok','2026-01-16 02:16:14','2026-01-16 02:16:14'),(2132,855,2,150000.00,0.00,'Bank masuk (Transfer)','2026-01-16 02:16:14','2026-01-16 02:16:14'),(2133,855,7,0.00,150000.00,'Simpanan Pokok','2026-01-16 02:16:14','2026-01-16 02:16:14'),(2134,856,2,150000.00,0.00,'Bank masuk (Transfer)','2026-01-16 02:16:14','2026-01-16 02:16:14'),(2135,856,7,0.00,150000.00,'Simpanan Pokok','2026-01-16 02:16:14','2026-01-16 02:16:14'),(2136,857,2,150000.00,0.00,'Bank masuk (Transfer)','2026-01-16 02:16:14','2026-01-16 02:16:14'),(2137,857,7,0.00,150000.00,'Simpanan Pokok','2026-01-16 02:16:14','2026-01-16 02:16:14'),(2138,858,2,150000.00,0.00,'Bank masuk (Transfer)','2026-01-16 02:16:14','2026-01-16 02:16:14'),(2139,858,7,0.00,150000.00,'Simpanan Pokok','2026-01-16 02:16:14','2026-01-16 02:16:14'),(2140,859,2,150000.00,0.00,'Bank masuk (Transfer)','2026-01-16 02:16:14','2026-01-16 02:16:14'),(2141,859,7,0.00,150000.00,'Simpanan Pokok','2026-01-16 02:16:14','2026-01-16 02:16:14'),(2142,860,2,150000.00,0.00,'Bank masuk (Transfer)','2026-01-16 02:16:14','2026-01-16 02:16:14'),(2143,860,7,0.00,150000.00,'Simpanan Pokok','2026-01-16 02:16:14','2026-01-16 02:16:14'),(2144,861,2,150000.00,0.00,'Bank masuk (Transfer)','2026-01-16 02:16:14','2026-01-16 02:16:14'),(2145,861,7,0.00,150000.00,'Simpanan Pokok','2026-01-16 02:16:14','2026-01-16 02:16:14'),(2146,862,2,150000.00,0.00,'Bank masuk (Transfer)','2026-01-16 02:16:14','2026-01-16 02:16:14'),(2147,862,7,0.00,150000.00,'Simpanan Pokok','2026-01-16 02:16:14','2026-01-16 02:16:14'),(2148,863,2,150000.00,0.00,'Bank masuk (Transfer)','2026-01-16 02:16:14','2026-01-16 02:16:14'),(2149,863,7,0.00,150000.00,'Simpanan Pokok','2026-01-16 02:16:14','2026-01-16 02:16:14'),(2150,864,2,150000.00,0.00,'Bank masuk (Transfer)','2026-01-16 02:16:14','2026-01-16 02:16:14'),(2151,864,7,0.00,150000.00,'Simpanan Pokok','2026-01-16 02:16:14','2026-01-16 02:16:14'),(2152,865,2,150000.00,0.00,'Bank masuk (Transfer)','2026-01-16 02:16:15','2026-01-16 02:16:15'),(2153,865,7,0.00,150000.00,'Simpanan Pokok','2026-01-16 02:16:15','2026-01-16 02:16:15'),(2154,866,2,150000.00,0.00,'Bank masuk (Transfer)','2026-01-16 02:16:15','2026-01-16 02:16:15'),(2155,866,7,0.00,150000.00,'Simpanan Pokok','2026-01-16 02:16:15','2026-01-16 02:16:15'),(2156,867,2,150000.00,0.00,'Bank masuk (Transfer)','2026-01-16 02:16:15','2026-01-16 02:16:15'),(2157,867,7,0.00,150000.00,'Simpanan Pokok','2026-01-16 02:16:15','2026-01-16 02:16:15'),(2158,868,2,150000.00,0.00,'Bank masuk (Transfer)','2026-01-16 02:16:15','2026-01-16 02:16:15'),(2159,868,7,0.00,150000.00,'Simpanan Pokok','2026-01-16 02:16:15','2026-01-16 02:16:15'),(2160,869,2,150000.00,0.00,'Bank masuk (Transfer)','2026-01-16 02:16:15','2026-01-16 02:16:15'),(2161,869,7,0.00,150000.00,'Simpanan Pokok','2026-01-16 02:16:15','2026-01-16 02:16:15'),(2162,870,2,150000.00,0.00,'Bank masuk (Transfer)','2026-01-16 02:16:15','2026-01-16 02:16:15'),(2163,870,7,0.00,150000.00,'Simpanan Pokok','2026-01-16 02:16:15','2026-01-16 02:16:15'),(2164,871,2,150000.00,0.00,'Bank masuk (Transfer)','2026-01-16 02:16:15','2026-01-16 02:16:15'),(2165,871,7,0.00,150000.00,'Simpanan Pokok','2026-01-16 02:16:15','2026-01-16 02:16:15'),(2166,872,2,150000.00,0.00,'Bank masuk (Transfer)','2026-01-16 02:16:15','2026-01-16 02:16:15'),(2167,872,7,0.00,150000.00,'Simpanan Pokok','2026-01-16 02:16:15','2026-01-16 02:16:15'),(2168,873,2,150000.00,0.00,'Bank masuk (Transfer)','2026-01-16 02:16:15','2026-01-16 02:16:15'),(2169,873,7,0.00,150000.00,'Simpanan Pokok','2026-01-16 02:16:15','2026-01-16 02:16:15'),(2170,874,2,150000.00,0.00,'Bank masuk (Transfer)','2026-01-16 02:16:15','2026-01-16 02:16:15'),(2171,874,7,0.00,150000.00,'Simpanan Pokok','2026-01-16 02:16:15','2026-01-16 02:16:15'),(2172,875,2,150000.00,0.00,'Bank masuk (Transfer)','2026-01-16 02:16:15','2026-01-16 02:16:15'),(2173,875,7,0.00,150000.00,'Simpanan Pokok','2026-01-16 02:16:15','2026-01-16 02:16:15'),(2174,876,2,150000.00,0.00,'Bank masuk (Transfer)','2026-01-16 02:16:15','2026-01-16 02:16:15'),(2175,876,7,0.00,150000.00,'Simpanan Pokok','2026-01-16 02:16:15','2026-01-16 02:16:15'),(2176,877,2,150000.00,0.00,'Bank masuk (Transfer)','2026-01-16 02:16:15','2026-01-16 02:16:15'),(2177,877,7,0.00,150000.00,'Simpanan Pokok','2026-01-16 02:16:15','2026-01-16 02:16:15'),(2178,878,2,150000.00,0.00,'Bank masuk (Transfer)','2026-01-16 02:16:15','2026-01-16 02:16:15'),(2179,878,7,0.00,150000.00,'Simpanan Pokok','2026-01-16 02:16:15','2026-01-16 02:16:15'),(2180,879,2,150000.00,0.00,'Bank masuk (Transfer)','2026-01-16 02:16:15','2026-01-16 02:16:15'),(2181,879,7,0.00,150000.00,'Simpanan Pokok','2026-01-16 02:16:15','2026-01-16 02:16:15'),(2182,880,2,150000.00,0.00,'Bank masuk (Transfer)','2026-01-16 02:16:15','2026-01-16 02:16:15'),(2183,880,7,0.00,150000.00,'Simpanan Pokok','2026-01-16 02:16:15','2026-01-16 02:16:15'),(2184,881,2,150000.00,0.00,'Bank masuk (Transfer)','2026-01-16 02:16:15','2026-01-16 02:16:15'),(2185,881,7,0.00,150000.00,'Simpanan Pokok','2026-01-16 02:16:15','2026-01-16 02:16:15'),(2186,882,2,150000.00,0.00,'Bank masuk (Transfer)','2026-01-16 02:16:15','2026-01-16 02:16:15'),(2187,882,7,0.00,150000.00,'Simpanan Pokok','2026-01-16 02:16:15','2026-01-16 02:16:15'),(2188,883,2,150000.00,0.00,'Bank masuk (Transfer)','2026-01-16 02:16:15','2026-01-16 02:16:15'),(2189,883,7,0.00,150000.00,'Simpanan Pokok','2026-01-16 02:16:15','2026-01-16 02:16:15'),(2190,884,2,150000.00,0.00,'Bank masuk (Transfer)','2026-01-16 02:16:15','2026-01-16 02:16:15'),(2191,884,7,0.00,150000.00,'Simpanan Pokok','2026-01-16 02:16:15','2026-01-16 02:16:15'),(2192,885,2,150000.00,0.00,'Bank masuk (Transfer)','2026-01-16 02:16:15','2026-01-16 02:16:15'),(2193,885,7,0.00,150000.00,'Simpanan Pokok','2026-01-16 02:16:15','2026-01-16 02:16:15'),(2194,886,2,150000.00,0.00,'Bank masuk (Transfer)','2026-01-16 02:16:15','2026-01-16 02:16:15'),(2195,886,7,0.00,150000.00,'Simpanan Pokok','2026-01-16 02:16:15','2026-01-16 02:16:15'),(2196,887,2,150000.00,0.00,'Bank masuk (Transfer)','2026-01-16 02:16:15','2026-01-16 02:16:15'),(2197,887,7,0.00,150000.00,'Simpanan Pokok','2026-01-16 02:16:15','2026-01-16 02:16:15'),(2198,888,2,150000.00,0.00,'Bank masuk (Transfer)','2026-01-16 02:16:15','2026-01-16 02:16:15'),(2199,888,7,0.00,150000.00,'Simpanan Pokok','2026-01-16 02:16:15','2026-01-16 02:16:15'),(2200,889,2,150000.00,0.00,'Bank masuk (Transfer)','2026-01-16 02:16:15','2026-01-16 02:16:15'),(2201,889,7,0.00,150000.00,'Simpanan Pokok','2026-01-16 02:16:15','2026-01-16 02:16:15'),(2202,890,2,150000.00,0.00,'Bank masuk (Transfer)','2026-01-16 02:16:15','2026-01-16 02:16:15'),(2203,890,7,0.00,150000.00,'Simpanan Pokok','2026-01-16 02:16:15','2026-01-16 02:16:15'),(2204,891,2,150000.00,0.00,'Bank masuk (Transfer)','2026-01-16 02:16:15','2026-01-16 02:16:15'),(2205,891,7,0.00,150000.00,'Simpanan Pokok','2026-01-16 02:16:15','2026-01-16 02:16:15'),(2206,892,2,150000.00,0.00,'Bank masuk (Transfer)','2026-01-16 02:16:15','2026-01-16 02:16:15'),(2207,892,7,0.00,150000.00,'Simpanan Pokok','2026-01-16 02:16:15','2026-01-16 02:16:15'),(2208,893,2,150000.00,0.00,'Bank masuk (Transfer)','2026-01-16 02:16:15','2026-01-16 02:16:15'),(2209,893,7,0.00,150000.00,'Simpanan Pokok','2026-01-16 02:16:15','2026-01-16 02:16:15'),(2210,894,2,150000.00,0.00,'Bank masuk (Transfer)','2026-01-16 02:16:15','2026-01-16 02:16:15'),(2211,894,7,0.00,150000.00,'Simpanan Pokok','2026-01-16 02:16:15','2026-01-16 02:16:15'),(2212,895,2,150000.00,0.00,'Bank masuk (Transfer)','2026-01-16 02:16:15','2026-01-16 02:16:15'),(2213,895,7,0.00,150000.00,'Simpanan Pokok','2026-01-16 02:16:15','2026-01-16 02:16:15'),(2214,896,2,150000.00,0.00,'Bank masuk (Transfer)','2026-01-16 02:16:15','2026-01-16 02:16:15'),(2215,896,7,0.00,150000.00,'Simpanan Pokok','2026-01-16 02:16:15','2026-01-16 02:16:15'),(2216,897,2,150000.00,0.00,'Bank masuk (Transfer)','2026-01-16 02:16:15','2026-01-16 02:16:15'),(2217,897,7,0.00,150000.00,'Simpanan Pokok','2026-01-16 02:16:15','2026-01-16 02:16:15'),(2218,898,2,150000.00,0.00,'Bank masuk (Transfer)','2026-01-16 02:16:15','2026-01-16 02:16:15'),(2219,898,7,0.00,150000.00,'Simpanan Pokok','2026-01-16 02:16:15','2026-01-16 02:16:15'),(2220,899,2,150000.00,0.00,'Bank masuk (Transfer)','2026-01-16 02:16:15','2026-01-16 02:16:15'),(2221,899,7,0.00,150000.00,'Simpanan Pokok','2026-01-16 02:16:15','2026-01-16 02:16:15'),(2222,900,2,150000.00,0.00,'Bank masuk (Transfer)','2026-01-16 02:16:15','2026-01-16 02:16:15'),(2223,900,7,0.00,150000.00,'Simpanan Pokok','2026-01-16 02:16:15','2026-01-16 02:16:15'),(2224,901,2,150000.00,0.00,'Bank masuk (Transfer)','2026-01-16 02:16:15','2026-01-16 02:16:15'),(2225,901,7,0.00,150000.00,'Simpanan Pokok','2026-01-16 02:16:15','2026-01-16 02:16:15'),(2226,902,2,150000.00,0.00,'Bank masuk (Transfer)','2026-01-16 02:16:15','2026-01-16 02:16:15'),(2227,902,7,0.00,150000.00,'Simpanan Pokok','2026-01-16 02:16:15','2026-01-16 02:16:15'),(2228,903,2,150000.00,0.00,'Bank masuk (Transfer)','2026-01-16 02:16:15','2026-01-16 02:16:15'),(2229,903,7,0.00,150000.00,'Simpanan Pokok','2026-01-16 02:16:15','2026-01-16 02:16:15'),(2230,904,2,150000.00,0.00,'Bank masuk (Transfer)','2026-01-16 02:16:15','2026-01-16 02:16:15'),(2231,904,7,0.00,150000.00,'Simpanan Pokok','2026-01-16 02:16:15','2026-01-16 02:16:15'),(2232,905,2,150000.00,0.00,'Bank masuk (Transfer)','2026-01-16 02:16:15','2026-01-16 02:16:15'),(2233,905,7,0.00,150000.00,'Simpanan Pokok','2026-01-16 02:16:15','2026-01-16 02:16:15'),(2234,906,2,150000.00,0.00,'Bank masuk (Transfer)','2026-01-16 02:16:15','2026-01-16 02:16:15'),(2235,906,7,0.00,150000.00,'Simpanan Pokok','2026-01-16 02:16:15','2026-01-16 02:16:15'),(2236,907,2,150000.00,0.00,'Bank masuk (Transfer)','2026-01-16 02:16:15','2026-01-16 02:16:15'),(2237,907,7,0.00,150000.00,'Simpanan Pokok','2026-01-16 02:16:15','2026-01-16 02:16:15'),(2238,908,2,150000.00,0.00,'Bank masuk (Transfer)','2026-01-16 02:16:15','2026-01-16 02:16:15'),(2239,908,7,0.00,150000.00,'Simpanan Pokok','2026-01-16 02:16:15','2026-01-16 02:16:15'),(2240,909,2,150000.00,0.00,'Bank masuk (Transfer)','2026-01-16 02:16:15','2026-01-16 02:16:15'),(2241,909,7,0.00,150000.00,'Simpanan Pokok','2026-01-16 02:16:15','2026-01-16 02:16:15'),(2242,910,2,150000.00,0.00,'Bank masuk (Transfer)','2026-01-16 02:16:15','2026-01-16 02:16:15'),(2243,910,7,0.00,150000.00,'Simpanan Pokok','2026-01-16 02:16:15','2026-01-16 02:16:15'),(2244,911,2,150000.00,0.00,'Bank masuk (Transfer)','2026-01-16 02:16:15','2026-01-16 02:16:15'),(2245,911,7,0.00,150000.00,'Simpanan Pokok','2026-01-16 02:16:15','2026-01-16 02:16:15'),(2246,912,2,150000.00,0.00,'Bank masuk (Transfer)','2026-01-16 02:16:15','2026-01-16 02:16:15'),(2247,912,7,0.00,150000.00,'Simpanan Pokok','2026-01-16 02:16:15','2026-01-16 02:16:15'),(2248,913,2,150000.00,0.00,'Bank masuk (Transfer)','2026-01-16 02:16:15','2026-01-16 02:16:15'),(2249,913,7,0.00,150000.00,'Simpanan Pokok','2026-01-16 02:16:15','2026-01-16 02:16:15'),(2250,914,2,150000.00,0.00,'Bank masuk (Transfer)','2026-01-16 02:16:15','2026-01-16 02:16:15'),(2251,914,7,0.00,150000.00,'Simpanan Pokok','2026-01-16 02:16:15','2026-01-16 02:16:15'),(2252,915,2,150000.00,0.00,'Bank masuk (Transfer)','2026-01-16 02:16:15','2026-01-16 02:16:15'),(2253,915,7,0.00,150000.00,'Simpanan Pokok','2026-01-16 02:16:15','2026-01-16 02:16:15'),(2254,916,2,150000.00,0.00,'Bank masuk (Transfer)','2026-01-16 02:16:15','2026-01-16 02:16:15'),(2255,916,7,0.00,150000.00,'Simpanan Pokok','2026-01-16 02:16:15','2026-01-16 02:16:15'),(2256,917,2,150000.00,0.00,'Bank masuk (Transfer)','2026-01-16 02:16:15','2026-01-16 02:16:15'),(2257,917,7,0.00,150000.00,'Simpanan Pokok','2026-01-16 02:16:15','2026-01-16 02:16:15'),(2258,918,2,150000.00,0.00,'Bank masuk (Transfer)','2026-01-16 02:16:15','2026-01-16 02:16:15'),(2259,918,7,0.00,150000.00,'Simpanan Pokok','2026-01-16 02:16:15','2026-01-16 02:16:15'),(2260,919,2,150000.00,0.00,'Bank masuk (Transfer)','2026-01-16 02:16:15','2026-01-16 02:16:15'),(2261,919,7,0.00,150000.00,'Simpanan Pokok','2026-01-16 02:16:15','2026-01-16 02:16:15'),(2262,920,2,150000.00,0.00,'Bank masuk (Transfer)','2026-01-16 02:16:15','2026-01-16 02:16:15'),(2263,920,7,0.00,150000.00,'Simpanan Pokok','2026-01-16 02:16:15','2026-01-16 02:16:15'),(2264,921,2,150000.00,0.00,'Bank masuk (Transfer)','2026-01-16 02:16:15','2026-01-16 02:16:15'),(2265,921,7,0.00,150000.00,'Simpanan Pokok','2026-01-16 02:16:15','2026-01-16 02:16:15'),(2266,922,2,150000.00,0.00,'Bank masuk (Transfer)','2026-01-16 02:16:15','2026-01-16 02:16:15'),(2267,922,7,0.00,150000.00,'Simpanan Pokok','2026-01-16 02:16:15','2026-01-16 02:16:15'),(2268,923,2,150000.00,0.00,'Bank masuk (Transfer)','2026-01-16 02:16:15','2026-01-16 02:16:15'),(2269,923,7,0.00,150000.00,'Simpanan Pokok','2026-01-16 02:16:15','2026-01-16 02:16:15'),(2270,924,2,100000.00,0.00,'Bank masuk (Transfer)','2026-01-16 02:16:15','2026-01-16 02:16:15'),(2271,924,8,0.00,100000.00,'Simpanan Wajib','2026-01-16 02:16:15','2026-01-16 02:16:15'),(2272,925,2,100000.00,0.00,'Bank masuk (Transfer)','2026-01-16 02:16:15','2026-01-16 02:16:15'),(2273,925,8,0.00,100000.00,'Simpanan Wajib','2026-01-16 02:16:15','2026-01-16 02:16:15'),(2274,926,2,100000.00,0.00,'Bank masuk (Transfer)','2026-01-16 02:16:15','2026-01-16 02:16:15'),(2275,926,8,0.00,100000.00,'Simpanan Wajib','2026-01-16 02:16:15','2026-01-16 02:16:15'),(2276,927,2,100000.00,0.00,'Bank masuk (Transfer)','2026-01-16 02:16:15','2026-01-16 02:16:15'),(2277,927,8,0.00,100000.00,'Simpanan Wajib','2026-01-16 02:16:15','2026-01-16 02:16:15'),(2278,928,2,100000.00,0.00,'Bank masuk (Transfer)','2026-01-16 02:16:15','2026-01-16 02:16:15'),(2279,928,8,0.00,100000.00,'Simpanan Wajib','2026-01-16 02:16:15','2026-01-16 02:16:15'),(2280,929,2,100000.00,0.00,'Bank masuk (Transfer)','2026-01-16 02:16:15','2026-01-16 02:16:15'),(2281,929,8,0.00,100000.00,'Simpanan Wajib','2026-01-16 02:16:15','2026-01-16 02:16:15'),(2282,930,2,100000.00,0.00,'Bank masuk (Transfer)','2026-01-16 02:16:15','2026-01-16 02:16:15'),(2283,930,8,0.00,100000.00,'Simpanan Wajib','2026-01-16 02:16:15','2026-01-16 02:16:15'),(2284,931,2,100000.00,0.00,'Bank masuk (Transfer)','2026-01-16 02:16:15','2026-01-16 02:16:15'),(2285,931,8,0.00,100000.00,'Simpanan Wajib','2026-01-16 02:16:15','2026-01-16 02:16:15'),(2286,932,2,100000.00,0.00,'Bank masuk (Transfer)','2026-01-16 02:16:15','2026-01-16 02:16:15'),(2287,932,8,0.00,100000.00,'Simpanan Wajib','2026-01-16 02:16:15','2026-01-16 02:16:15'),(2288,933,2,100000.00,0.00,'Bank masuk (Transfer)','2026-01-16 02:16:15','2026-01-16 02:16:15'),(2289,933,8,0.00,100000.00,'Simpanan Wajib','2026-01-16 02:16:15','2026-01-16 02:16:15'),(2290,934,2,100000.00,0.00,'Bank masuk (Transfer)','2026-01-16 02:16:15','2026-01-16 02:16:15'),(2291,934,8,0.00,100000.00,'Simpanan Wajib','2026-01-16 02:16:15','2026-01-16 02:16:15'),(2292,935,2,100000.00,0.00,'Bank masuk (Transfer)','2026-01-16 02:16:15','2026-01-16 02:16:15'),(2293,935,8,0.00,100000.00,'Simpanan Wajib','2026-01-16 02:16:15','2026-01-16 02:16:15'),(2294,936,2,100000.00,0.00,'Bank masuk (Transfer)','2026-01-16 02:16:15','2026-01-16 02:16:15'),(2295,936,8,0.00,100000.00,'Simpanan Wajib','2026-01-16 02:16:15','2026-01-16 02:16:15'),(2296,937,2,100000.00,0.00,'Bank masuk (Transfer)','2026-01-16 02:16:15','2026-01-16 02:16:15'),(2297,937,8,0.00,100000.00,'Simpanan Wajib','2026-01-16 02:16:15','2026-01-16 02:16:15'),(2298,938,2,100000.00,0.00,'Bank masuk (Transfer)','2026-01-16 02:16:16','2026-01-16 02:16:16'),(2299,938,8,0.00,100000.00,'Simpanan Wajib','2026-01-16 02:16:16','2026-01-16 02:16:16'),(2300,939,2,100000.00,0.00,'Bank masuk (Transfer)','2026-01-16 02:16:16','2026-01-16 02:16:16'),(2301,939,8,0.00,100000.00,'Simpanan Wajib','2026-01-16 02:16:16','2026-01-16 02:16:16'),(2302,940,2,100000.00,0.00,'Bank masuk (Transfer)','2026-01-16 02:16:16','2026-01-16 02:16:16'),(2303,940,8,0.00,100000.00,'Simpanan Wajib','2026-01-16 02:16:16','2026-01-16 02:16:16'),(2304,941,2,100000.00,0.00,'Bank masuk (Transfer)','2026-01-16 02:16:16','2026-01-16 02:16:16'),(2305,941,8,0.00,100000.00,'Simpanan Wajib','2026-01-16 02:16:16','2026-01-16 02:16:16'),(2306,942,2,100000.00,0.00,'Bank masuk (Transfer)','2026-01-16 02:16:16','2026-01-16 02:16:16'),(2307,942,8,0.00,100000.00,'Simpanan Wajib','2026-01-16 02:16:16','2026-01-16 02:16:16'),(2308,943,2,100000.00,0.00,'Bank masuk (Transfer)','2026-01-16 02:16:16','2026-01-16 02:16:16'),(2309,943,8,0.00,100000.00,'Simpanan Wajib','2026-01-16 02:16:16','2026-01-16 02:16:16'),(2310,944,2,100000.00,0.00,'Bank masuk (Transfer)','2026-01-16 02:16:16','2026-01-16 02:16:16'),(2311,944,8,0.00,100000.00,'Simpanan Wajib','2026-01-16 02:16:16','2026-01-16 02:16:16'),(2312,945,2,100000.00,0.00,'Bank masuk (Transfer)','2026-01-16 02:16:16','2026-01-16 02:16:16'),(2313,945,8,0.00,100000.00,'Simpanan Wajib','2026-01-16 02:16:16','2026-01-16 02:16:16'),(2314,946,2,100000.00,0.00,'Bank masuk (Transfer)','2026-01-16 02:16:16','2026-01-16 02:16:16'),(2315,946,8,0.00,100000.00,'Simpanan Wajib','2026-01-16 02:16:16','2026-01-16 02:16:16'),(2316,947,2,100000.00,0.00,'Bank masuk (Transfer)','2026-01-16 02:16:16','2026-01-16 02:16:16'),(2317,947,8,0.00,100000.00,'Simpanan Wajib','2026-01-16 02:16:16','2026-01-16 02:16:16'),(2318,948,2,100000.00,0.00,'Bank masuk (Transfer)','2026-01-16 02:16:16','2026-01-16 02:16:16'),(2319,948,8,0.00,100000.00,'Simpanan Wajib','2026-01-16 02:16:16','2026-01-16 02:16:16'),(2320,949,2,100000.00,0.00,'Bank masuk (Transfer)','2026-01-16 02:16:16','2026-01-16 02:16:16'),(2321,949,8,0.00,100000.00,'Simpanan Wajib','2026-01-16 02:16:16','2026-01-16 02:16:16'),(2322,950,2,100000.00,0.00,'Bank masuk (Transfer)','2026-01-16 02:16:16','2026-01-16 02:16:16'),(2323,950,8,0.00,100000.00,'Simpanan Wajib','2026-01-16 02:16:16','2026-01-16 02:16:16'),(2324,951,2,100000.00,0.00,'Bank masuk (Transfer)','2026-01-16 02:16:16','2026-01-16 02:16:16'),(2325,951,8,0.00,100000.00,'Simpanan Wajib','2026-01-16 02:16:16','2026-01-16 02:16:16'),(2326,952,2,100000.00,0.00,'Bank masuk (Transfer)','2026-01-16 02:16:16','2026-01-16 02:16:16'),(2327,952,8,0.00,100000.00,'Simpanan Wajib','2026-01-16 02:16:16','2026-01-16 02:16:16'),(2328,953,2,100000.00,0.00,'Bank masuk (Transfer)','2026-01-16 02:16:16','2026-01-16 02:16:16'),(2329,953,8,0.00,100000.00,'Simpanan Wajib','2026-01-16 02:16:16','2026-01-16 02:16:16'),(2330,954,2,100000.00,0.00,'Bank masuk (Transfer)','2026-01-16 02:16:16','2026-01-16 02:16:16'),(2331,954,8,0.00,100000.00,'Simpanan Wajib','2026-01-16 02:16:16','2026-01-16 02:16:16'),(2332,955,2,100000.00,0.00,'Bank masuk (Transfer)','2026-01-16 02:16:16','2026-01-16 02:16:16'),(2333,955,8,0.00,100000.00,'Simpanan Wajib','2026-01-16 02:16:16','2026-01-16 02:16:16'),(2334,956,2,100000.00,0.00,'Bank masuk (Transfer)','2026-01-16 02:16:16','2026-01-16 02:16:16'),(2335,956,8,0.00,100000.00,'Simpanan Wajib','2026-01-16 02:16:16','2026-01-16 02:16:16'),(2336,957,2,100000.00,0.00,'Bank masuk (Transfer)','2026-01-16 02:16:16','2026-01-16 02:16:16'),(2337,957,8,0.00,100000.00,'Simpanan Wajib','2026-01-16 02:16:16','2026-01-16 02:16:16'),(2338,958,2,100000.00,0.00,'Bank masuk (Transfer)','2026-01-16 02:16:16','2026-01-16 02:16:16'),(2339,958,8,0.00,100000.00,'Simpanan Wajib','2026-01-16 02:16:16','2026-01-16 02:16:16'),(2340,959,2,100000.00,0.00,'Bank masuk (Transfer)','2026-01-16 02:16:16','2026-01-16 02:16:16'),(2341,959,8,0.00,100000.00,'Simpanan Wajib','2026-01-16 02:16:16','2026-01-16 02:16:16'),(2342,960,2,100000.00,0.00,'Bank masuk (Transfer)','2026-01-16 02:16:16','2026-01-16 02:16:16'),(2343,960,8,0.00,100000.00,'Simpanan Wajib','2026-01-16 02:16:16','2026-01-16 02:16:16'),(2344,961,2,100000.00,0.00,'Bank masuk (Transfer)','2026-01-16 02:16:16','2026-01-16 02:16:16'),(2345,961,8,0.00,100000.00,'Simpanan Wajib','2026-01-16 02:16:16','2026-01-16 02:16:16'),(2346,962,2,100000.00,0.00,'Bank masuk (Transfer)','2026-01-16 02:16:16','2026-01-16 02:16:16'),(2347,962,8,0.00,100000.00,'Simpanan Wajib','2026-01-16 02:16:16','2026-01-16 02:16:16'),(2348,963,2,100000.00,0.00,'Bank masuk (Transfer)','2026-01-16 02:16:16','2026-01-16 02:16:16'),(2349,963,8,0.00,100000.00,'Simpanan Wajib','2026-01-16 02:16:16','2026-01-16 02:16:16'),(2350,964,2,100000.00,0.00,'Bank masuk (Transfer)','2026-01-16 02:16:16','2026-01-16 02:16:16'),(2351,964,8,0.00,100000.00,'Simpanan Wajib','2026-01-16 02:16:16','2026-01-16 02:16:16'),(2352,965,2,100000.00,0.00,'Bank masuk (Transfer)','2026-01-16 02:16:16','2026-01-16 02:16:16'),(2353,965,8,0.00,100000.00,'Simpanan Wajib','2026-01-16 02:16:16','2026-01-16 02:16:16'),(2354,966,2,100000.00,0.00,'Bank masuk (Transfer)','2026-01-16 02:16:16','2026-01-16 02:16:16'),(2355,966,8,0.00,100000.00,'Simpanan Wajib','2026-01-16 02:16:16','2026-01-16 02:16:16'),(2356,967,2,100000.00,0.00,'Bank masuk (Transfer)','2026-01-16 02:16:16','2026-01-16 02:16:16'),(2357,967,8,0.00,100000.00,'Simpanan Wajib','2026-01-16 02:16:16','2026-01-16 02:16:16'),(2358,968,2,100000.00,0.00,'Bank masuk (Transfer)','2026-01-16 02:16:16','2026-01-16 02:16:16'),(2359,968,8,0.00,100000.00,'Simpanan Wajib','2026-01-16 02:16:16','2026-01-16 02:16:16'),(2360,969,2,100000.00,0.00,'Bank masuk (Transfer)','2026-01-16 02:16:16','2026-01-16 02:16:16'),(2361,969,8,0.00,100000.00,'Simpanan Wajib','2026-01-16 02:16:16','2026-01-16 02:16:16'),(2362,970,2,100000.00,0.00,'Bank masuk (Transfer)','2026-01-16 02:16:16','2026-01-16 02:16:16'),(2363,970,8,0.00,100000.00,'Simpanan Wajib','2026-01-16 02:16:16','2026-01-16 02:16:16'),(2364,971,2,100000.00,0.00,'Bank masuk (Transfer)','2026-01-16 02:16:16','2026-01-16 02:16:16'),(2365,971,8,0.00,100000.00,'Simpanan Wajib','2026-01-16 02:16:16','2026-01-16 02:16:16'),(2366,972,2,100000.00,0.00,'Bank masuk (Transfer)','2026-01-16 02:16:16','2026-01-16 02:16:16'),(2367,972,8,0.00,100000.00,'Simpanan Wajib','2026-01-16 02:16:16','2026-01-16 02:16:16'),(2368,973,2,100000.00,0.00,'Bank masuk (Transfer)','2026-01-16 02:16:16','2026-01-16 02:16:16'),(2369,973,8,0.00,100000.00,'Simpanan Wajib','2026-01-16 02:16:16','2026-01-16 02:16:16'),(2370,974,2,100000.00,0.00,'Bank masuk (Transfer)','2026-01-16 02:16:16','2026-01-16 02:16:16'),(2371,974,8,0.00,100000.00,'Simpanan Wajib','2026-01-16 02:16:16','2026-01-16 02:16:16'),(2372,975,2,100000.00,0.00,'Bank masuk (Transfer)','2026-01-16 02:16:16','2026-01-16 02:16:16'),(2373,975,8,0.00,100000.00,'Simpanan Wajib','2026-01-16 02:16:16','2026-01-16 02:16:16'),(2374,976,2,100000.00,0.00,'Bank masuk (Transfer)','2026-01-16 02:16:16','2026-01-16 02:16:16'),(2375,976,8,0.00,100000.00,'Simpanan Wajib','2026-01-16 02:16:16','2026-01-16 02:16:16'),(2376,977,2,100000.00,0.00,'Bank masuk (Transfer)','2026-01-16 02:16:16','2026-01-16 02:16:16'),(2377,977,8,0.00,100000.00,'Simpanan Wajib','2026-01-16 02:16:16','2026-01-16 02:16:16'),(2378,978,2,100000.00,0.00,'Bank masuk (Transfer)','2026-01-16 02:16:16','2026-01-16 02:16:16'),(2379,978,8,0.00,100000.00,'Simpanan Wajib','2026-01-16 02:16:16','2026-01-16 02:16:16'),(2380,979,2,100000.00,0.00,'Bank masuk (Transfer)','2026-01-16 02:16:16','2026-01-16 02:16:16'),(2381,979,8,0.00,100000.00,'Simpanan Wajib','2026-01-16 02:16:16','2026-01-16 02:16:16'),(2382,980,2,100000.00,0.00,'Bank masuk (Transfer)','2026-01-16 02:16:16','2026-01-16 02:16:16'),(2383,980,8,0.00,100000.00,'Simpanan Wajib','2026-01-16 02:16:16','2026-01-16 02:16:16'),(2384,981,2,100000.00,0.00,'Bank masuk (Transfer)','2026-01-16 02:16:16','2026-01-16 02:16:16'),(2385,981,8,0.00,100000.00,'Simpanan Wajib','2026-01-16 02:16:16','2026-01-16 02:16:16'),(2386,982,2,100000.00,0.00,'Bank masuk (Transfer)','2026-01-16 02:16:16','2026-01-16 02:16:16'),(2387,982,8,0.00,100000.00,'Simpanan Wajib','2026-01-16 02:16:16','2026-01-16 02:16:16'),(2388,983,2,100000.00,0.00,'Bank masuk (Transfer)','2026-01-16 02:16:16','2026-01-16 02:16:16'),(2389,983,8,0.00,100000.00,'Simpanan Wajib','2026-01-16 02:16:16','2026-01-16 02:16:16'),(2390,984,2,100000.00,0.00,'Bank masuk (Transfer)','2026-01-16 02:16:16','2026-01-16 02:16:16'),(2391,984,8,0.00,100000.00,'Simpanan Wajib','2026-01-16 02:16:16','2026-01-16 02:16:16'),(2392,985,2,100000.00,0.00,'Bank masuk (Transfer)','2026-01-16 02:16:16','2026-01-16 02:16:16'),(2393,985,8,0.00,100000.00,'Simpanan Wajib','2026-01-16 02:16:16','2026-01-16 02:16:16'),(2394,986,2,100000.00,0.00,'Bank masuk (Transfer)','2026-01-16 02:16:16','2026-01-16 02:16:16'),(2395,986,8,0.00,100000.00,'Simpanan Wajib','2026-01-16 02:16:16','2026-01-16 02:16:16'),(2396,987,2,100000.00,0.00,'Bank masuk (Transfer)','2026-01-16 02:16:16','2026-01-16 02:16:16'),(2397,987,8,0.00,100000.00,'Simpanan Wajib','2026-01-16 02:16:16','2026-01-16 02:16:16'),(2398,988,2,100000.00,0.00,'Bank masuk (Transfer)','2026-01-16 02:16:16','2026-01-16 02:16:16'),(2399,988,8,0.00,100000.00,'Simpanan Wajib','2026-01-16 02:16:16','2026-01-16 02:16:16'),(2400,989,2,100000.00,0.00,'Bank masuk (Transfer)','2026-01-16 02:16:16','2026-01-16 02:16:16'),(2401,989,8,0.00,100000.00,'Simpanan Wajib','2026-01-16 02:16:16','2026-01-16 02:16:16'),(2402,990,2,100000.00,0.00,'Bank masuk (Transfer)','2026-01-16 02:16:16','2026-01-16 02:16:16'),(2403,990,8,0.00,100000.00,'Simpanan Wajib','2026-01-16 02:16:16','2026-01-16 02:16:16'),(2404,991,2,100000.00,0.00,'Bank masuk (Transfer)','2026-01-16 02:16:16','2026-01-16 02:16:16'),(2405,991,8,0.00,100000.00,'Simpanan Wajib','2026-01-16 02:16:16','2026-01-16 02:16:16'),(2406,992,2,100000.00,0.00,'Bank masuk (Transfer)','2026-01-16 02:16:16','2026-01-16 02:16:16'),(2407,992,8,0.00,100000.00,'Simpanan Wajib','2026-01-16 02:16:16','2026-01-16 02:16:16'),(2408,993,2,100000.00,0.00,'Bank masuk (Transfer)','2026-01-16 02:16:16','2026-01-16 02:16:16'),(2409,993,8,0.00,100000.00,'Simpanan Wajib','2026-01-16 02:16:16','2026-01-16 02:16:16'),(2410,994,2,100000.00,0.00,'Bank masuk (Transfer)','2026-01-16 02:16:16','2026-01-16 02:16:16'),(2411,994,8,0.00,100000.00,'Simpanan Wajib','2026-01-16 02:16:16','2026-01-16 02:16:16'),(2412,995,2,100000.00,0.00,'Bank masuk (Transfer)','2026-01-16 02:16:16','2026-01-16 02:16:16'),(2413,995,8,0.00,100000.00,'Simpanan Wajib','2026-01-16 02:16:16','2026-01-16 02:16:16'),(2414,996,2,100000.00,0.00,'Bank masuk (Transfer)','2026-01-16 02:16:16','2026-01-16 02:16:16'),(2415,996,8,0.00,100000.00,'Simpanan Wajib','2026-01-16 02:16:16','2026-01-16 02:16:16'),(2416,997,2,100000.00,0.00,'Bank masuk (Transfer)','2026-01-16 02:16:16','2026-01-16 02:16:16'),(2417,997,8,0.00,100000.00,'Simpanan Wajib','2026-01-16 02:16:16','2026-01-16 02:16:16'),(2418,998,2,100000.00,0.00,'Bank masuk (Transfer)','2026-01-16 02:16:16','2026-01-16 02:16:16'),(2419,998,8,0.00,100000.00,'Simpanan Wajib','2026-01-16 02:16:16','2026-01-16 02:16:16'),(2420,999,2,100000.00,0.00,'Bank masuk (Transfer)','2026-01-16 02:16:16','2026-01-16 02:16:16'),(2421,999,8,0.00,100000.00,'Simpanan Wajib','2026-01-16 02:16:16','2026-01-16 02:16:16'),(2422,1000,2,100000.00,0.00,'Bank masuk (Transfer)','2026-01-16 02:16:16','2026-01-16 02:16:16'),(2423,1000,8,0.00,100000.00,'Simpanan Wajib','2026-01-16 02:16:16','2026-01-16 02:16:16'),(2424,1001,2,100000.00,0.00,'Bank masuk (Transfer)','2026-01-16 02:16:16','2026-01-16 02:16:16'),(2425,1001,8,0.00,100000.00,'Simpanan Wajib','2026-01-16 02:16:16','2026-01-16 02:16:16'),(2426,1002,2,100000.00,0.00,'Bank masuk (Transfer)','2026-01-16 02:16:16','2026-01-16 02:16:16'),(2427,1002,8,0.00,100000.00,'Simpanan Wajib','2026-01-16 02:16:16','2026-01-16 02:16:16'),(2428,1003,2,100000.00,0.00,'Bank masuk (Transfer)','2026-01-16 02:16:16','2026-01-16 02:16:16'),(2429,1003,8,0.00,100000.00,'Simpanan Wajib','2026-01-16 02:16:16','2026-01-16 02:16:16'),(2430,1004,2,100000.00,0.00,'Bank masuk (Transfer)','2026-01-16 02:16:16','2026-01-16 02:16:16'),(2431,1004,8,0.00,100000.00,'Simpanan Wajib','2026-01-16 02:16:16','2026-01-16 02:16:16'),(2432,1005,2,100000.00,0.00,'Bank masuk (Transfer)','2026-01-16 02:16:16','2026-01-16 02:16:16'),(2433,1005,8,0.00,100000.00,'Simpanan Wajib','2026-01-16 02:16:16','2026-01-16 02:16:16'),(2434,1006,2,100000.00,0.00,'Bank masuk (Transfer)','2026-01-16 02:16:16','2026-01-16 02:16:16'),(2435,1006,8,0.00,100000.00,'Simpanan Wajib','2026-01-16 02:16:16','2026-01-16 02:16:16'),(2436,1007,2,100000.00,0.00,'Bank masuk (Transfer)','2026-01-16 02:16:16','2026-01-16 02:16:16'),(2437,1007,8,0.00,100000.00,'Simpanan Wajib','2026-01-16 02:16:16','2026-01-16 02:16:16'),(2438,1008,2,100000.00,0.00,'Bank masuk (Transfer)','2026-01-16 02:16:16','2026-01-16 02:16:16'),(2439,1008,8,0.00,100000.00,'Simpanan Wajib','2026-01-16 02:16:16','2026-01-16 02:16:16'),(2440,1009,2,100000.00,0.00,'Bank masuk (Transfer)','2026-01-16 02:16:16','2026-01-16 02:16:16'),(2441,1009,8,0.00,100000.00,'Simpanan Wajib','2026-01-16 02:16:16','2026-01-16 02:16:16'),(2442,1010,2,100000.00,0.00,'Bank masuk (Transfer)','2026-01-16 02:16:16','2026-01-16 02:16:16'),(2443,1010,8,0.00,100000.00,'Simpanan Wajib','2026-01-16 02:16:16','2026-01-16 02:16:16'),(2444,1011,2,100000.00,0.00,'Bank masuk (Transfer)','2026-01-16 02:16:16','2026-01-16 02:16:16'),(2445,1011,8,0.00,100000.00,'Simpanan Wajib','2026-01-16 02:16:16','2026-01-16 02:16:16'),(2446,1012,2,100000.00,0.00,'Bank masuk (Transfer)','2026-01-16 02:16:16','2026-01-16 02:16:16'),(2447,1012,8,0.00,100000.00,'Simpanan Wajib','2026-01-16 02:16:16','2026-01-16 02:16:16'),(2448,1013,2,100000.00,0.00,'Bank masuk (Transfer)','2026-01-16 02:16:17','2026-01-16 02:16:17'),(2449,1013,8,0.00,100000.00,'Simpanan Wajib','2026-01-16 02:16:17','2026-01-16 02:16:17'),(2450,1014,2,100000.00,0.00,'Bank masuk (Transfer)','2026-01-16 02:16:17','2026-01-16 02:16:17'),(2451,1014,8,0.00,100000.00,'Simpanan Wajib','2026-01-16 02:16:17','2026-01-16 02:16:17'),(2452,1015,2,100000.00,0.00,'Bank masuk (Transfer)','2026-01-16 02:16:17','2026-01-16 02:16:17'),(2453,1015,8,0.00,100000.00,'Simpanan Wajib','2026-01-16 02:16:17','2026-01-16 02:16:17'),(2454,1016,2,100000.00,0.00,'Bank masuk (Transfer)','2026-01-16 02:16:17','2026-01-16 02:16:17'),(2455,1016,8,0.00,100000.00,'Simpanan Wajib','2026-01-16 02:16:17','2026-01-16 02:16:17'),(2456,1017,2,100000.00,0.00,'Bank masuk (Transfer)','2026-01-16 02:16:17','2026-01-16 02:16:17'),(2457,1017,8,0.00,100000.00,'Simpanan Wajib','2026-01-16 02:16:17','2026-01-16 02:16:17'),(2458,1018,2,100000.00,0.00,'Bank masuk (Transfer)','2026-01-16 02:16:17','2026-01-16 02:16:17'),(2459,1018,8,0.00,100000.00,'Simpanan Wajib','2026-01-16 02:16:17','2026-01-16 02:16:17'),(2460,1019,2,100000.00,0.00,'Bank masuk (Transfer)','2026-01-16 02:16:17','2026-01-16 02:16:17'),(2461,1019,8,0.00,100000.00,'Simpanan Wajib','2026-01-16 02:16:17','2026-01-16 02:16:17'),(2462,1020,2,100000.00,0.00,'Bank masuk (Transfer)','2026-01-16 02:16:17','2026-01-16 02:16:17'),(2463,1020,8,0.00,100000.00,'Simpanan Wajib','2026-01-16 02:16:17','2026-01-16 02:16:17'),(2464,1021,2,100000.00,0.00,'Bank masuk (Transfer)','2026-01-16 02:16:17','2026-01-16 02:16:17'),(2465,1021,8,0.00,100000.00,'Simpanan Wajib','2026-01-16 02:16:17','2026-01-16 02:16:17'),(2466,1022,2,100000.00,0.00,'Bank masuk (Transfer)','2026-01-16 02:16:17','2026-01-16 02:16:17'),(2467,1022,8,0.00,100000.00,'Simpanan Wajib','2026-01-16 02:16:17','2026-01-16 02:16:17'),(2468,1023,2,100000.00,0.00,'Bank masuk (Transfer)','2026-01-16 02:16:17','2026-01-16 02:16:17'),(2469,1023,8,0.00,100000.00,'Simpanan Wajib','2026-01-16 02:16:17','2026-01-16 02:16:17'),(2470,1024,2,100000.00,0.00,'Bank masuk (Transfer)','2026-01-16 02:16:17','2026-01-16 02:16:17'),(2471,1024,8,0.00,100000.00,'Simpanan Wajib','2026-01-16 02:16:17','2026-01-16 02:16:17'),(2472,1025,2,100000.00,0.00,'Bank masuk (Transfer)','2026-01-16 02:16:17','2026-01-16 02:16:17'),(2473,1025,8,0.00,100000.00,'Simpanan Wajib','2026-01-16 02:16:17','2026-01-16 02:16:17'),(2482,1030,1,80000.00,0.00,'Kas masuk','2026-01-16 04:45:48','2026-01-16 04:45:48'),(2483,1030,9,0.00,80000.00,'Simpanan Sukarela','2026-01-16 04:45:48','2026-01-16 04:45:48'),(2484,1031,20,80000.00,0.00,'HPP Konsinyasi ()','2026-01-16 04:45:48','2026-01-16 04:45:48'),(2485,1031,1,0.00,80000.00,'Pembayaran Settlement','2026-01-16 04:45:48','2026-01-16 04:45:48'),(2486,1032,1,100000.00,0.00,'Kas masuk','2026-01-16 04:52:57','2026-01-16 04:52:57'),(2487,1032,9,0.00,100000.00,'Simpanan Sukarela','2026-01-16 04:52:57','2026-01-16 04:52:57'),(2488,1033,20,100000.00,0.00,'HPP Konsinyasi (Nata Surya Permana)','2026-01-16 04:52:57','2026-01-16 04:52:57'),(2489,1033,1,0.00,100000.00,'Pembayaran Settlement','2026-01-16 04:52:57','2026-01-16 04:52:57'),(2490,1034,4,94000.00,0.00,'Piutang dagang','2026-01-16 22:54:42','2026-01-16 22:54:42'),(2491,1034,17,0.00,94000.00,'Pendapatan penjualan','2026-01-16 22:54:42','2026-01-16 22:54:42'),(2492,1034,23,78000.00,0.00,'Harga pokok penjualan','2026-01-16 22:54:42','2026-01-16 22:54:42'),(2493,1034,5,0.00,78000.00,'Persediaan keluar','2026-01-16 22:54:42','2026-01-16 22:54:42');
/*!40000 ALTER TABLE `journal_entry_lines` ENABLE KEYS */;
UNLOCK TABLES;

--
-- Table structure for table `loan_payments`
--

DROP TABLE IF EXISTS `loan_payments`;
/*!40101 SET @saved_cs_client     = @@character_set_client */;
/*!50503 SET character_set_client = utf8mb4 */;
CREATE TABLE `loan_payments` (
  `id` bigint unsigned NOT NULL AUTO_INCREMENT,
  `loan_id` bigint unsigned NOT NULL,
  `payment_number` varchar(255) CHARACTER SET utf8mb4 COLLATE utf8mb4_unicode_ci NOT NULL,
  `installment_number` int NOT NULL,
  `amount` decimal(15,2) NOT NULL,
  `principal_amount` decimal(15,2) NOT NULL,
  `interest_amount` decimal(15,2) NOT NULL,
  `due_date` date NOT NULL,
  `payment_date` date DEFAULT NULL,
  `status` enum('pending','paid','overdue','partial') CHARACTER SET utf8mb4 COLLATE utf8mb4_unicode_ci NOT NULL DEFAULT 'pending',
  `payment_method` enum('cash','transfer','salary_deduction') CHARACTER SET utf8mb4 COLLATE utf8mb4_unicode_ci DEFAULT NULL,
  `notes` text CHARACTER SET utf8mb4 COLLATE utf8mb4_unicode_ci,
  `received_by` bigint unsigned DEFAULT NULL,
  `created_at` timestamp NULL DEFAULT NULL,
  `updated_at` timestamp NULL DEFAULT NULL,
  PRIMARY KEY (`id`),
  KEY `loan_payments_loan_id_foreign` (`loan_id`),
  KEY `loan_payments_received_by_foreign` (`received_by`),
  CONSTRAINT `loan_payments_loan_id_foreign` FOREIGN KEY (`loan_id`) REFERENCES `loans` (`id`) ON DELETE CASCADE,
  CONSTRAINT `loan_payments_received_by_foreign` FOREIGN KEY (`received_by`) REFERENCES `users` (`id`)
) ENGINE=InnoDB DEFAULT CHARSET=utf8mb4 COLLATE=utf8mb4_unicode_ci;
/*!40101 SET character_set_client = @saved_cs_client */;

--
-- Dumping data for table `loan_payments`
--

LOCK TABLES `loan_payments` WRITE;
/*!40000 ALTER TABLE `loan_payments` DISABLE KEYS */;
/*!40000 ALTER TABLE `loan_payments` ENABLE KEYS */;
UNLOCK TABLES;

--
-- Table structure for table `loans`
--

DROP TABLE IF EXISTS `loans`;
/*!40101 SET @saved_cs_client     = @@character_set_client */;
/*!50503 SET character_set_client = utf8mb4 */;
CREATE TABLE `loans` (
  `id` bigint unsigned NOT NULL AUTO_INCREMENT,
  `member_id` bigint unsigned NOT NULL,
  `loan_number` varchar(255) CHARACTER SET utf8mb4 COLLATE utf8mb4_unicode_ci NOT NULL,
  `loan_type` enum('regular','emergency','education','special') CHARACTER SET utf8mb4 COLLATE utf8mb4_unicode_ci NOT NULL DEFAULT 'regular',
  `amount` decimal(15,2) NOT NULL,
  `interest_rate` decimal(5,2) NOT NULL DEFAULT '1.00',
  `duration_months` int NOT NULL,
  `monthly_installment` decimal(15,2) NOT NULL,
  `total_amount` decimal(15,2) NOT NULL,
  `remaining_amount` decimal(15,2) NOT NULL,
  `status` enum('pending','approved','rejected','active','completed','defaulted') CHARACTER SET utf8mb4 COLLATE utf8mb4_unicode_ci NOT NULL DEFAULT 'pending',
  `signature` varchar(255) CHARACTER SET utf8mb4 COLLATE utf8mb4_unicode_ci DEFAULT NULL,
  `signed_at` timestamp NULL DEFAULT NULL,
  `application_date` date NOT NULL,
  `approval_date` date DEFAULT NULL,
  `disbursement_date` date DEFAULT NULL,
  `due_date` date DEFAULT NULL,
  `purpose` text CHARACTER SET utf8mb4 COLLATE utf8mb4_unicode_ci,
  `notes` text CHARACTER SET utf8mb4 COLLATE utf8mb4_unicode_ci,
  `approved_by` bigint unsigned DEFAULT NULL,
  `created_by` bigint unsigned DEFAULT NULL,
  `created_at` timestamp NULL DEFAULT NULL,
  `updated_at` timestamp NULL DEFAULT NULL,
  PRIMARY KEY (`id`),
  UNIQUE KEY `loans_loan_number_unique` (`loan_number`),
  KEY `loans_member_id_foreign` (`member_id`),
  KEY `loans_approved_by_foreign` (`approved_by`),
  KEY `loans_created_by_foreign` (`created_by`),
  CONSTRAINT `loans_approved_by_foreign` FOREIGN KEY (`approved_by`) REFERENCES `users` (`id`),
  CONSTRAINT `loans_created_by_foreign` FOREIGN KEY (`created_by`) REFERENCES `users` (`id`),
  CONSTRAINT `loans_member_id_foreign` FOREIGN KEY (`member_id`) REFERENCES `members` (`id`) ON DELETE CASCADE
) ENGINE=InnoDB DEFAULT CHARSET=utf8mb4 COLLATE=utf8mb4_unicode_ci;
/*!40101 SET character_set_client = @saved_cs_client */;

--
-- Dumping data for table `loans`
--

LOCK TABLES `loans` WRITE;
/*!40000 ALTER TABLE `loans` DISABLE KEYS */;
/*!40000 ALTER TABLE `loans` ENABLE KEYS */;
UNLOCK TABLES;

--
-- Table structure for table `meetings`
--

DROP TABLE IF EXISTS `meetings`;
/*!40101 SET @saved_cs_client     = @@character_set_client */;
/*!50503 SET character_set_client = utf8mb4 */;
CREATE TABLE `meetings` (
  `id` bigint unsigned NOT NULL AUTO_INCREMENT,
  `title` varchar(255) COLLATE utf8mb4_unicode_ci NOT NULL,
  `type` varchar(255) COLLATE utf8mb4_unicode_ci NOT NULL,
  `scheduled_at` datetime NOT NULL,
  `location` varchar(255) COLLATE utf8mb4_unicode_ci DEFAULT NULL,
  `agenda` text COLLATE utf8mb4_unicode_ci,
  `notes` text COLLATE utf8mb4_unicode_ci,
  `status` varchar(255) COLLATE utf8mb4_unicode_ci NOT NULL DEFAULT 'scheduled',
  `attendance_list` json DEFAULT NULL,
  `attachment_path` varchar(255) COLLATE utf8mb4_unicode_ci DEFAULT NULL,
  `created_by` bigint unsigned NOT NULL,
  `created_at` timestamp NULL DEFAULT NULL,
  `updated_at` timestamp NULL DEFAULT NULL,
  `deleted_at` timestamp NULL DEFAULT NULL,
  PRIMARY KEY (`id`),
  KEY `meetings_created_by_foreign` (`created_by`),
  CONSTRAINT `meetings_created_by_foreign` FOREIGN KEY (`created_by`) REFERENCES `users` (`id`)
) ENGINE=InnoDB AUTO_INCREMENT=2 DEFAULT CHARSET=utf8mb4 COLLATE=utf8mb4_unicode_ci;
/*!40101 SET character_set_client = @saved_cs_client */;

--
-- Dumping data for table `meetings`
--

LOCK TABLES `meetings` WRITE;
/*!40000 ALTER TABLE `meetings` DISABLE KEYS */;
INSERT INTO `meetings` VALUES (1,'Rapat Trial Sistem Koperasi','Rapat Pengurus Harian','2026-01-19 16:00:00','Ruang Sumbawa','Trial Aplikasi Sistem Koperasi\r\nSimulasi Aktivitas Operasional dengan Sistem Koperasi\r\nVerifikasi Fungsional Aplikasi Sistem Koperasi',NULL,'scheduled',NULL,NULL,1,'2026-01-17 03:36:07','2026-01-17 03:36:07',NULL);
/*!40000 ALTER TABLE `meetings` ENABLE KEYS */;
UNLOCK TABLES;

--
-- Table structure for table `member_aspirations`
--

DROP TABLE IF EXISTS `member_aspirations`;
/*!40101 SET @saved_cs_client     = @@character_set_client */;
/*!50503 SET character_set_client = utf8mb4 */;
CREATE TABLE `member_aspirations` (
  `id` bigint unsigned NOT NULL AUTO_INCREMENT,
  `member_id` bigint unsigned NOT NULL,
  `type` varchar(255) COLLATE utf8mb4_unicode_ci NOT NULL,
  `data` json NOT NULL,
  `created_at` timestamp NULL DEFAULT NULL,
  `updated_at` timestamp NULL DEFAULT NULL,
  PRIMARY KEY (`id`),
  KEY `member_aspirations_member_id_foreign` (`member_id`),
  CONSTRAINT `member_aspirations_member_id_foreign` FOREIGN KEY (`member_id`) REFERENCES `members` (`id`) ON DELETE CASCADE
) ENGINE=InnoDB DEFAULT CHARSET=utf8mb4 COLLATE=utf8mb4_unicode_ci;
/*!40101 SET character_set_client = @saved_cs_client */;

--
-- Dumping data for table `member_aspirations`
--

LOCK TABLES `member_aspirations` WRITE;
/*!40000 ALTER TABLE `member_aspirations` DISABLE KEYS */;
/*!40000 ALTER TABLE `member_aspirations` ENABLE KEYS */;
UNLOCK TABLES;

--
-- Table structure for table `members`
--

DROP TABLE IF EXISTS `members`;
/*!40101 SET @saved_cs_client     = @@character_set_client */;
/*!50503 SET character_set_client = utf8mb4 */;
CREATE TABLE `members` (
  `id` bigint unsigned NOT NULL AUTO_INCREMENT,
  `user_id` bigint unsigned NOT NULL,
  `member_id` varchar(255) CHARACTER SET utf8mb4 COLLATE utf8mb4_unicode_ci NOT NULL,
  `employee_id` varchar(255) CHARACTER SET utf8mb4 COLLATE utf8mb4_unicode_ci DEFAULT NULL,
  `department` varchar(255) CHARACTER SET utf8mb4 COLLATE utf8mb4_unicode_ci DEFAULT NULL,
  `position` varchar(255) CHARACTER SET utf8mb4 COLLATE utf8mb4_unicode_ci DEFAULT NULL,
  `join_date` date NOT NULL,
  `status` enum('active','inactive','resigned') CHARACTER SET utf8mb4 COLLATE utf8mb4_unicode_ci NOT NULL DEFAULT 'active',
  `points` int NOT NULL DEFAULT '0',
  `credit_limit` decimal(15,2) NOT NULL DEFAULT '500000.00',
  `address` text CHARACTER SET utf8mb4 COLLATE utf8mb4_unicode_ci,
  `id_card_number` varchar(255) CHARACTER SET utf8mb4 COLLATE utf8mb4_unicode_ci DEFAULT NULL,
  `birth_date` date DEFAULT NULL,
  `gender` enum('male','female') CHARACTER SET utf8mb4 COLLATE utf8mb4_unicode_ci DEFAULT NULL,
  `photo` varchar(255) CHARACTER SET utf8mb4 COLLATE utf8mb4_unicode_ci DEFAULT NULL,
  `created_at` timestamp NULL DEFAULT NULL,
  `updated_at` timestamp NULL DEFAULT NULL,
  PRIMARY KEY (`id`),
  UNIQUE KEY `members_member_id_unique` (`member_id`),
  KEY `members_user_id_foreign` (`user_id`),
  KEY `members_department_index` (`department`),
  KEY `members_position_index` (`position`),
  CONSTRAINT `members_user_id_foreign` FOREIGN KEY (`user_id`) REFERENCES `users` (`id`) ON DELETE CASCADE
) ENGINE=InnoDB AUTO_INCREMENT=668 DEFAULT CHARSET=utf8mb4 COLLATE=utf8mb4_unicode_ci;
/*!40101 SET character_set_client = @saved_cs_client */;

--
-- Dumping data for table `members`
--

LOCK TABLES `members` WRITE;
/*!40000 ALTER TABLE `members` DISABLE KEYS */;
INSERT INTO `members` VALUES (555,556,'SKF0001','KA 062','Warehouse','Staff','2025-12-24','active',21,500000.00,'Kosambi','3215052405810004','1981-12-29','male','members/photos/DpuONXOlJqGf0Iwlnnqsn0dkLbuK4qSjmpwq8Hlj.jpg','2025-12-24 00:05:57','2026-01-15 23:34:11'),(556,557,'SKF0002','KA 073','PPIC','Kasie','2025-12-24','active',131,500000.00,'Jl.Baru Cilalawak RT014/006 \r\nDs.Cikaobandung - Kec.Jatiluhur\r\nKab.Purwakarta','3215010101990001','1989-12-10','male','members/photos/Hk6eDq5Kuqqr4h1d2Rh5aolW3g7SHJaRu66YhQVT.jpg','2025-12-24 00:05:57','2026-01-16 22:54:42'),(557,558,'SKF0003','KA 114','QAQC','Asst. Kadep','2025-12-24','active',0,500000.00,'Dusun Cariu 3 RT.13 RW.05 No.46 Desa Cariumulya Kec.Telagasari Kab.Karawang','3175025005920008','1992-05-10','female','members/photos/55QETtYUNz1JAWpeqVhxbP3PceAUoVyVhNPy7Y3g.jpg','2025-12-24 00:05:58','2026-01-07 06:52:51'),(558,559,'SKF0004','KA 057',NULL,'Staff','2025-12-24','active',0,500000.00,NULL,NULL,NULL,'female',NULL,'2025-12-24 00:05:58','2025-12-24 00:05:58'),(559,560,'SKF0005','KA 109',NULL,'Staff','2025-12-24','active',0,500000.00,NULL,NULL,NULL,'female',NULL,'2025-12-24 00:05:59','2025-12-24 00:05:59'),(560,561,'SKF0006','KA 181','Warehouse','Staff','2025-12-24','active',487,500000.00,'karawang','3215010101990001','2025-10-07','male','members/photos/CVNgiFEDFwezCSQGhxBf3iUB3qV6rIhcobdECwCp.png','2025-12-24 00:05:59','2026-01-15 03:42:16'),(561,562,'SKF0007','KA 040',NULL,'Staff','2025-12-24','active',0,500000.00,NULL,NULL,NULL,'male',NULL,'2025-12-24 00:05:59','2025-12-24 00:05:59'),(562,563,'SKF0008','KA 029',NULL,'Staff','2025-12-24','active',0,500000.00,NULL,NULL,NULL,'female',NULL,'2025-12-24 00:06:00','2025-12-24 00:06:00'),(563,564,'SKF0009','KA 107',NULL,'Staff','2025-12-24','active',0,500000.00,NULL,NULL,NULL,'female',NULL,'2025-12-24 00:06:00','2025-12-24 00:06:00'),(564,565,'SKF0010','KA 096',NULL,'Staff','2025-12-24','active',0,500000.00,NULL,NULL,NULL,'male',NULL,'2025-12-24 00:06:01','2025-12-24 00:06:01'),(566,567,'SKF0012','KA 116',NULL,'Staff','2025-12-24','active',0,500000.00,NULL,NULL,NULL,'male',NULL,'2025-12-24 00:06:01','2025-12-24 00:06:01'),(567,569,'SKF0013','KA 059',NULL,'Staff','2025-12-24','active',0,500000.00,NULL,NULL,NULL,'male',NULL,'2025-12-24 00:06:02','2025-12-24 00:06:02'),(568,570,'SKF0014','KA 035',NULL,'Staff','2025-12-24','active',0,500000.00,NULL,NULL,NULL,'male',NULL,'2025-12-24 00:06:02','2025-12-24 00:06:02'),(569,571,'SKF0015','KA 046',NULL,'Staff','2025-12-24','active',0,500000.00,NULL,NULL,NULL,'male',NULL,'2025-12-24 00:06:03','2025-12-24 00:06:03'),(570,572,'SKF0016','KA 021',NULL,'Staff','2025-12-24','active',0,500000.00,NULL,NULL,NULL,'male',NULL,'2025-12-24 00:06:03','2025-12-24 00:06:03'),(571,573,'SKF0017','KA 031',NULL,'Staff','2025-12-24','active',0,500000.00,NULL,NULL,NULL,'male',NULL,'2025-12-24 00:06:03','2025-12-24 00:06:03'),(572,574,'SKF0018','KA 008',NULL,'Staff','2025-12-24','active',0,500000.00,NULL,NULL,NULL,'male',NULL,'2025-12-24 00:06:04','2025-12-24 00:06:04'),(573,575,'SKF0019','KA 024',NULL,'Staff','2025-12-24','active',0,500000.00,NULL,NULL,NULL,'male',NULL,'2025-12-24 00:06:04','2025-12-24 00:06:04'),(574,576,'SKF0020','KA 070',NULL,'Staff','2025-12-24','active',0,500000.00,NULL,NULL,NULL,'male',NULL,'2025-12-24 00:06:04','2025-12-24 00:06:04'),(575,577,'SKF0021','KA 054',NULL,'Staff','2025-12-24','active',0,500000.00,NULL,NULL,NULL,'male',NULL,'2025-12-24 00:06:05','2025-12-24 00:06:05'),(576,578,'SKF0022','KA 033',NULL,'Staff','2025-12-24','active',0,500000.00,NULL,NULL,NULL,'male',NULL,'2025-12-24 00:06:05','2025-12-24 00:06:05'),(577,579,'SKF0023','KA 072',NULL,'Staff','2025-12-24','active',0,500000.00,NULL,NULL,NULL,'male',NULL,'2025-12-24 00:06:06','2025-12-24 00:06:06'),(578,580,'SKF0024','KA 071',NULL,'Staff','2025-12-24','active',0,500000.00,NULL,NULL,NULL,'male',NULL,'2025-12-24 00:06:06','2025-12-24 00:06:06'),(579,581,'SKF0025','KA 044',NULL,'Staff','2025-12-24','active',0,500000.00,NULL,NULL,NULL,'male',NULL,'2025-12-24 00:06:06','2025-12-24 00:06:06'),(580,582,'SKF0026','KA 067',NULL,'Staff','2025-12-24','active',0,500000.00,NULL,NULL,NULL,'male',NULL,'2025-12-24 00:06:07','2025-12-24 00:06:07'),(581,583,'SKF0027','KA 068',NULL,'Staff','2025-12-24','active',0,500000.00,NULL,NULL,NULL,'male',NULL,'2025-12-24 00:06:07','2025-12-24 00:06:07'),(582,584,'SKF0028','KA 075',NULL,'Staff','2025-12-24','active',0,500000.00,NULL,NULL,NULL,'male',NULL,'2025-12-24 00:06:07','2025-12-24 00:06:07'),(583,585,'SKF0029','KA 017',NULL,'Staff','2025-12-24','active',0,500000.00,NULL,NULL,NULL,'male',NULL,'2025-12-24 00:06:08','2025-12-24 00:06:08'),(584,586,'SKF0030','KA 063',NULL,'Staff','2025-12-24','active',0,500000.00,NULL,NULL,NULL,'male',NULL,'2025-12-24 00:06:08','2025-12-24 00:06:08'),(585,587,'SKF0031','KA 097',NULL,'Staff','2025-12-24','active',0,500000.00,NULL,NULL,NULL,'male',NULL,'2025-12-24 00:06:09','2025-12-24 00:06:09'),(586,588,'SKF0032','KA 125',NULL,'Staff','2025-12-24','active',0,500000.00,NULL,NULL,NULL,'male',NULL,'2025-12-24 00:06:09','2025-12-24 00:06:09'),(587,589,'SKF0033','KA 105',NULL,'Staff','2025-12-24','active',0,500000.00,NULL,NULL,NULL,'male',NULL,'2025-12-24 00:06:09','2025-12-24 00:06:09'),(588,590,'SKF0034','KA 089',NULL,'Staff','2025-12-24','active',0,500000.00,NULL,NULL,NULL,'male',NULL,'2025-12-24 00:06:10','2025-12-24 00:06:10'),(589,591,'SKF0035','KA 155',NULL,'Staff','2025-12-24','active',0,500000.00,NULL,NULL,NULL,'male',NULL,'2025-12-24 00:06:10','2025-12-24 00:06:10'),(590,592,'SKF0036','KA 085',NULL,'Staff','2025-12-24','active',0,500000.00,NULL,NULL,NULL,'male',NULL,'2025-12-24 00:06:11','2025-12-24 00:06:11'),(591,593,'SKF0037','KA 127',NULL,'Staff','2025-12-24','active',0,500000.00,NULL,NULL,NULL,'male',NULL,'2025-12-24 00:06:11','2025-12-24 00:06:11'),(592,594,'SKF0038','KA 009',NULL,'Staff','2025-12-24','active',0,500000.00,NULL,NULL,NULL,'male',NULL,'2025-12-24 00:06:11','2025-12-24 00:06:11'),(593,595,'SKF0039','KA 087',NULL,'Staff','2025-12-24','active',0,500000.00,NULL,NULL,NULL,'female',NULL,'2025-12-24 00:06:12','2025-12-24 00:06:12'),(594,596,'SKF0040','KA 091',NULL,'Staff','2025-12-24','active',0,500000.00,NULL,NULL,NULL,'female',NULL,'2025-12-24 00:06:12','2025-12-24 00:06:12'),(595,597,'SKF0041','KA 061',NULL,'Staff','2025-12-24','active',0,500000.00,NULL,NULL,NULL,'male',NULL,'2025-12-24 00:06:12','2025-12-24 00:06:12'),(596,598,'SKF0042','KA 102',NULL,'Staff','2025-12-24','active',0,500000.00,NULL,NULL,NULL,'male',NULL,'2025-12-24 00:06:13','2025-12-24 00:06:13'),(597,599,'SKF0043','KA 104',NULL,'Staff','2025-12-24','active',0,500000.00,NULL,NULL,NULL,'male',NULL,'2025-12-24 00:06:13','2025-12-24 00:06:13'),(598,600,'SKF0044','KA 041',NULL,'Staff','2025-12-24','active',0,500000.00,NULL,NULL,NULL,'male',NULL,'2025-12-24 00:06:14','2025-12-24 00:06:14'),(599,601,'SKF0045','KA 152',NULL,'Staff','2025-12-24','active',0,500000.00,NULL,NULL,NULL,'male',NULL,'2025-12-24 00:06:14','2025-12-24 00:06:14'),(600,602,'SKF0046','KA 161',NULL,'Staff','2025-12-24','active',0,500000.00,NULL,NULL,NULL,'male',NULL,'2025-12-24 00:06:14','2025-12-24 00:06:14'),(602,604,'SKF0048','KA 150',NULL,'Staff','2025-12-24','active',0,500000.00,NULL,NULL,NULL,'male',NULL,'2025-12-24 00:06:15','2025-12-24 00:06:15'),(603,605,'SKF0049','KA 171',NULL,'Staff','2025-12-24','active',0,500000.00,NULL,NULL,NULL,'male',NULL,'2025-12-24 00:06:16','2025-12-24 00:06:16'),(604,606,'SKF0050','KA 028',NULL,'Staff','2025-12-24','active',0,500000.00,NULL,NULL,NULL,'male',NULL,'2025-12-24 00:06:16','2025-12-24 00:06:16'),(605,607,'SKF0051','KA 094',NULL,'Staff','2025-12-24','active',0,500000.00,NULL,NULL,NULL,'male',NULL,'2025-12-24 00:06:16','2025-12-24 00:06:16'),(606,608,'SKF0052','KA 123',NULL,'Staff','2025-12-24','active',0,500000.00,NULL,NULL,NULL,'male',NULL,'2025-12-24 00:06:17','2025-12-24 00:06:17'),(607,609,'SKF0053','KA 124',NULL,'Staff','2025-12-24','active',0,500000.00,NULL,NULL,NULL,'male',NULL,'2025-12-24 00:06:17','2025-12-24 00:06:17'),(608,610,'SKF0054','KA 131',NULL,'Staff','2025-12-24','active',0,500000.00,NULL,NULL,NULL,'male',NULL,'2025-12-24 00:06:18','2025-12-24 00:06:18'),(609,611,'SKF0055','KA 038',NULL,'Staff','2025-12-24','active',0,500000.00,NULL,NULL,NULL,'male',NULL,'2025-12-24 00:06:18','2025-12-24 00:06:18'),(610,612,'SKF0056','KA 134',NULL,'Staff','2025-12-24','active',0,500000.00,NULL,NULL,NULL,'male',NULL,'2025-12-24 00:06:19','2025-12-24 00:06:19'),(611,613,'SKF0057','KA 079',NULL,'Staff','2025-12-24','active',0,500000.00,NULL,NULL,NULL,'male',NULL,'2025-12-24 00:06:19','2025-12-24 00:06:19'),(612,614,'SKF0058','KA 012',NULL,'Staff','2025-12-24','active',0,500000.00,NULL,NULL,NULL,'male',NULL,'2025-12-24 00:06:20','2025-12-24 00:06:20'),(613,615,'SKF0059','KA 132',NULL,'Staff','2025-12-24','active',0,500000.00,NULL,NULL,NULL,'male',NULL,'2025-12-24 00:06:20','2025-12-24 00:06:20'),(614,616,'SKF0060','KA 043',NULL,'Staff','2025-12-24','active',0,500000.00,NULL,NULL,NULL,'male',NULL,'2025-12-24 00:06:20','2025-12-24 00:06:20'),(615,617,'SKF0061','KA 049',NULL,'Staff','2025-12-24','active',0,500000.00,NULL,NULL,NULL,'male',NULL,'2025-12-24 00:06:21','2025-12-24 00:06:21'),(616,618,'SKF0062','KA 010',NULL,'Staff','2025-12-24','active',0,500000.00,NULL,NULL,NULL,'male',NULL,'2025-12-24 00:06:21','2025-12-24 00:06:21'),(617,619,'SKF0063','KA 027',NULL,'Staff','2025-12-24','active',0,500000.00,NULL,NULL,NULL,'male',NULL,'2025-12-24 00:06:22','2025-12-24 00:06:22'),(618,620,'SKF0064','KA 032',NULL,'Staff','2025-12-24','active',0,500000.00,NULL,NULL,NULL,'male',NULL,'2025-12-24 00:06:22','2025-12-24 00:06:22'),(619,621,'SKF0065','KA 060',NULL,'Staff','2025-12-24','active',0,500000.00,NULL,NULL,NULL,'male',NULL,'2025-12-24 00:06:22','2025-12-24 00:06:22'),(620,622,'SKF0066','KA 065',NULL,'Staff','2025-12-24','active',0,500000.00,NULL,NULL,NULL,'male',NULL,'2025-12-24 00:06:23','2025-12-24 00:06:23'),(621,623,'SKF0067','KA 066',NULL,'Staff','2025-12-24','active',0,500000.00,NULL,NULL,NULL,'male',NULL,'2025-12-24 00:06:23','2025-12-24 00:06:23'),(622,624,'SKF0068','KA 045',NULL,'Staff','2025-12-24','active',0,500000.00,NULL,NULL,NULL,'male',NULL,'2025-12-24 00:06:24','2025-12-24 00:06:24'),(623,625,'SKF0069','KA 092',NULL,'Staff','2025-12-24','active',0,500000.00,NULL,NULL,NULL,'male',NULL,'2025-12-24 00:06:24','2025-12-24 00:06:24'),(624,626,'SKF0070','KA 090',NULL,'Staff','2025-12-24','active',0,500000.00,NULL,NULL,NULL,'male',NULL,'2025-12-24 00:06:24','2025-12-24 00:06:24'),(625,627,'SKF0071','KA 019',NULL,'Staff','2025-12-24','active',0,500000.00,NULL,NULL,NULL,'male',NULL,'2025-12-24 00:06:25','2025-12-24 00:06:25'),(626,628,'SKF0072','KA 039',NULL,'Staff','2025-12-24','active',0,500000.00,NULL,NULL,NULL,'male',NULL,'2025-12-24 00:06:25','2025-12-24 00:06:25'),(627,629,'SKF0073','KA 025',NULL,'Staff','2025-12-24','active',0,500000.00,NULL,NULL,NULL,'male',NULL,'2025-12-24 00:06:26','2025-12-24 00:06:26'),(628,630,'SKF0074','KA 086',NULL,'Staff','2025-12-24','active',0,500000.00,NULL,NULL,NULL,'male',NULL,'2025-12-24 00:06:26','2025-12-24 00:06:26'),(629,631,'SKF0075','KA 081',NULL,'Staff','2025-12-24','active',0,500000.00,NULL,NULL,NULL,'male',NULL,'2025-12-24 00:06:26','2025-12-24 00:06:26'),(630,632,'SKF0076','KA 095',NULL,'Staff','2025-12-24','active',0,500000.00,NULL,NULL,NULL,'male',NULL,'2025-12-24 00:06:27','2025-12-24 00:06:27'),(631,633,'SKF0077','KA 098',NULL,'Staff','2025-12-24','active',0,500000.00,NULL,NULL,NULL,'male',NULL,'2025-12-24 00:06:27','2025-12-24 00:06:27'),(632,634,'SKF0078','KA 013',NULL,'Staff','2025-12-24','active',0,500000.00,NULL,NULL,NULL,'male',NULL,'2025-12-24 00:06:28','2025-12-24 00:06:28'),(633,635,'SKF0079','KA 037',NULL,'Staff','2025-12-24','active',0,500000.00,NULL,NULL,NULL,'male',NULL,'2025-12-24 00:06:28','2025-12-24 00:06:28'),(634,636,'SKF0080','KA 108',NULL,'Staff','2025-12-24','active',0,500000.00,NULL,NULL,NULL,'male',NULL,'2025-12-24 00:06:28','2025-12-24 00:06:28'),(635,637,'SKF0081','KA 115',NULL,'Staff','2025-12-24','active',0,500000.00,NULL,NULL,NULL,'male',NULL,'2025-12-24 00:06:29','2025-12-24 00:06:29'),(636,638,'SKF0082','KA 119',NULL,'Staff','2025-12-24','active',0,500000.00,NULL,NULL,NULL,'male',NULL,'2025-12-24 00:06:29','2025-12-24 00:06:29'),(637,639,'SKF0083','KA 120',NULL,'Staff','2025-12-24','active',0,500000.00,NULL,NULL,NULL,'male',NULL,'2025-12-24 00:06:30','2025-12-24 00:06:30'),(638,640,'SKF0084','KA 129',NULL,'Staff','2025-12-24','active',0,500000.00,NULL,NULL,NULL,'male',NULL,'2025-12-24 00:06:30','2025-12-24 00:06:30'),(639,641,'SKF0085','KA 133',NULL,'Staff','2025-12-24','active',0,500000.00,NULL,NULL,NULL,'male',NULL,'2025-12-24 00:06:31','2025-12-24 00:06:31'),(640,642,'SKF0086','KA 135',NULL,'Staff','2025-12-24','active',0,500000.00,NULL,NULL,NULL,'male',NULL,'2025-12-24 00:06:31','2025-12-24 00:06:31'),(641,643,'SKF0087','KA 136',NULL,'Staff','2025-12-24','active',0,500000.00,NULL,NULL,NULL,'male',NULL,'2025-12-24 00:06:31','2025-12-24 00:06:31'),(642,644,'SKF0088','KA 139',NULL,'Staff','2025-12-24','active',0,500000.00,NULL,NULL,NULL,'male',NULL,'2025-12-24 00:06:32','2025-12-24 00:06:32'),(643,645,'SKF0089','KA 141',NULL,'Staff','2025-12-24','active',0,500000.00,NULL,NULL,NULL,'male',NULL,'2025-12-24 00:06:32','2025-12-24 00:06:32'),(644,646,'SKF0090','KA 144',NULL,'Staff','2025-12-24','active',0,500000.00,NULL,NULL,NULL,'male',NULL,'2025-12-24 00:06:33','2025-12-24 00:06:33'),(645,647,'SKF0091','KA 146',NULL,'Staff','2025-12-24','active',0,500000.00,NULL,NULL,NULL,'male',NULL,'2025-12-24 00:06:33','2025-12-24 00:06:33'),(646,648,'SKF0092','KA 147',NULL,'Staff','2025-12-24','active',0,500000.00,NULL,NULL,NULL,'male',NULL,'2025-12-24 00:06:33','2025-12-24 00:06:33'),(647,649,'SKF0093','KA 151',NULL,'Staff','2025-12-24','active',0,500000.00,NULL,NULL,NULL,'male',NULL,'2025-12-24 00:06:34','2025-12-24 00:06:34'),(648,650,'SKF0094','KA 167',NULL,'Staff','2025-12-24','active',0,500000.00,NULL,NULL,NULL,'male',NULL,'2025-12-24 00:06:34','2025-12-24 00:06:34'),(649,651,'SKF0095','KA 174',NULL,'Staff','2025-12-24','active',0,500000.00,NULL,NULL,NULL,'male',NULL,'2025-12-24 00:06:35','2025-12-24 00:06:35'),(650,652,'SKF0096','KA 179',NULL,'Staff','2025-12-24','active',0,500000.00,NULL,NULL,NULL,'male',NULL,'2025-12-24 00:06:35','2025-12-24 00:06:35'),(651,653,'SKF0097','KA 180',NULL,'Staff','2025-12-24','active',0,500000.00,NULL,NULL,NULL,'male',NULL,'2025-12-24 00:06:35','2025-12-24 00:06:35'),(652,654,'SKF0098','KA 183',NULL,'Staff','2025-12-24','active',0,500000.00,NULL,NULL,NULL,'male',NULL,'2025-12-24 00:06:36','2025-12-24 00:06:36'),(653,655,'SKF0099','KA 077','MPD','Supervisor','2025-12-24','active',0,500000.00,NULL,NULL,NULL,'female',NULL,'2025-12-24 00:06:36','2025-12-24 03:34:54'),(654,656,'SKF0100','KA 103',NULL,'Staff','2025-12-24','active',0,500000.00,NULL,NULL,NULL,'male',NULL,'2025-12-24 00:06:37','2025-12-24 00:06:37'),(655,657,'SKF0101','KA 015',NULL,'Staff','2025-12-24','active',0,500000.00,NULL,NULL,NULL,'male',NULL,'2025-12-24 00:06:37','2025-12-24 00:06:37'),(656,658,'SKF0102','KA 014',NULL,'Staff','2025-12-24','active',0,500000.00,NULL,NULL,NULL,'female',NULL,'2025-12-24 00:06:37','2025-12-24 00:06:37'),(657,659,'SKF0103','KA 034',NULL,'Staff','2025-12-24','active',0,500000.00,NULL,NULL,NULL,'male',NULL,'2025-12-24 00:06:38','2025-12-24 00:06:38'),(658,660,'SKF0104','KA 117',NULL,'Staff','2025-12-24','active',0,500000.00,NULL,NULL,NULL,'male',NULL,'2025-12-24 00:06:38','2025-12-24 00:06:38');
/*!40000 ALTER TABLE `members` ENABLE KEYS */;
UNLOCK TABLES;

--
-- Table structure for table `migrations`
--

DROP TABLE IF EXISTS `migrations`;
/*!40101 SET @saved_cs_client     = @@character_set_client */;
/*!50503 SET character_set_client = utf8mb4 */;
CREATE TABLE `migrations` (
  `id` int unsigned NOT NULL AUTO_INCREMENT,
  `migration` varchar(255) CHARACTER SET utf8mb4 COLLATE utf8mb4_unicode_ci NOT NULL,
  `batch` int NOT NULL,
  PRIMARY KEY (`id`)
) ENGINE=InnoDB AUTO_INCREMENT=66 DEFAULT CHARSET=utf8mb4 COLLATE=utf8mb4_unicode_ci;
/*!40101 SET character_set_client = @saved_cs_client */;

--
-- Dumping data for table `migrations`
--

LOCK TABLES `migrations` WRITE;
/*!40000 ALTER TABLE `migrations` DISABLE KEYS */;
INSERT INTO `migrations` VALUES (1,'0001_01_01_000000_create_users_table',1),(2,'0001_01_01_000001_create_cache_table',1),(3,'0001_01_01_000002_create_jobs_table',1),(4,'2025_12_20_095049_create_members_table',1),(5,'2025_12_20_095051_create_savings_table',1),(6,'2025_12_20_095053_create_loans_table',1),(7,'2025_12_20_095054_create_loan_payments_table',1),(8,'2025_12_20_095056_create_settings_table',1),(9,'2025_12_20_095058_create_announcements_table',1),(10,'2025_12_20_150649_add_signature_to_loans_table',1),(11,'2025_12_21_042200_create_departments_and_positions_tables',1),(12,'2025_12_21_043436_create_departments_and_positions_tables',1),(13,'2025_12_21_065827_create_categories_table',1),(14,'2025_12_21_065830_create_products_table',1),(15,'2025_12_21_065833_create_transactions_table',1),(16,'2025_12_21_065836_create_transaction_items_table',1),(17,'2025_12_21_090824_add_credit_status_to_transactions_table',1),(18,'2025_12_21_091214_add_credit_limit_to_members_table',1),(19,'2025_12_21_125442_create_vouchers_table',1),(20,'2025_12_21_125925_create_reviews_table',1),(21,'2025_12_21_150956_add_points_to_members_table',1),(22,'2025_12_21_151326_add_preorder_fields_to_products_table',1),(23,'2025_12_22_054549_create_team_members_table',1),(24,'2025_12_22_074142_create_work_programs_table',1),(25,'2025_12_22_082949_create_performance_histories_table',1),(26,'2025_12_22_100343_create_audit_logs_table',1),(27,'2025_12_22_101841_create_withdrawal_requests_table',1),(28,'2025_12_22_103248_create_shu_distributions_table',1),(29,'2025_12_22_104411_create_shu_settings_table',1),(30,'2025_12_22_135236_add_min_stock_to_products_table',1),(31,'2025_12_22_140249_create_suppliers_table',1),(32,'2025_12_22_140252_create_purchases_table',1),(33,'2025_12_22_140255_create_purchase_items_table',1),(34,'2025_12_22_145231_create_expense_categories_table',1),(35,'2025_12_22_145234_create_expenses_table',1),(36,'2025_12_22_162141_create_account_categories_table',1),(37,'2025_12_22_162144_create_accounts_table',1),(38,'2025_12_22_162500_create_journal_entries_table',1),(39,'2025_12_22_162502_create_journal_entry_lines_table',1),(40,'2025_12_22_233506_add_optimization_indexes_to_accounting_table',2),(41,'2025_12_23_051220_create_ai_settings_table',3),(42,'2025_12_25_085349_create_stock_opnames_table',4),(43,'2026_01_07_144649_create_document_templates_table',5),(44,'2026_01_07_152409_create_polls_table',6),(45,'2026_01_07_152411_create_poll_options_table',6),(46,'2026_01_07_152413_create_poll_votes_table',6),(47,'2026_01_15_013612_create_member_aspirations_table',7),(48,'2026_01_16_041519_create_bank_transactions_table',8),(49,'2026_01_16_114300_update_transaction_status_enum',9),(50,'2026_01_16_125300_fix_transaction_status_enum_add_credit',10),(51,'2026_01_16_130300_add_delivered_to_transaction_status',11),(52,'2026_01_16_142500_add_unit_to_products_table',12),(53,'2026_01_16_143700_add_unit_conversion_to_products',13),(54,'2026_01_16_153200_add_price_change_tracking_to_products',14),(55,'2026_01_16_173000_add_consignment_columns_to_products_table',15),(56,'2026_01_16_173500_create_consignment_settlements_table',15),(57,'2026_01_16_180000_create_consignment_inbounds_table',16),(58,'2026_01_17_011528_create_notifications_table',17),(59,'2026_01_17_011600_seed_test_notification',18),(60,'2026_01_17_085200_apply_20_percent_margin_to_products',19),(61,'2026_01_17_060823_create_generated_documents_table',20),(62,'2026_01_17_070251_add_reference_columns_to_generated_documents_table',21),(63,'2026_01_17_101853_create_organization_profiles_table',22),(64,'2026_01_17_101855_create_meetings_table',22),(65,'2026_01_17_101857_create_assets_table',22);
/*!40000 ALTER TABLE `migrations` ENABLE KEYS */;
UNLOCK TABLES;

--
-- Table structure for table `notifications`
--

DROP TABLE IF EXISTS `notifications`;
/*!40101 SET @saved_cs_client     = @@character_set_client */;
/*!50503 SET character_set_client = utf8mb4 */;
CREATE TABLE `notifications` (
  `id` char(36) COLLATE utf8mb4_unicode_ci NOT NULL,
  `type` varchar(255) COLLATE utf8mb4_unicode_ci NOT NULL,
  `notifiable_type` varchar(255) COLLATE utf8mb4_unicode_ci NOT NULL,
  `notifiable_id` bigint unsigned NOT NULL,
  `data` text COLLATE utf8mb4_unicode_ci NOT NULL,
  `read_at` timestamp NULL DEFAULT NULL,
  `created_at` timestamp NULL DEFAULT NULL,
  `updated_at` timestamp NULL DEFAULT NULL,
  PRIMARY KEY (`id`),
  KEY `notifications_notifiable_type_notifiable_id_index` (`notifiable_type`,`notifiable_id`)
) ENGINE=InnoDB DEFAULT CHARSET=utf8mb4 COLLATE=utf8mb4_unicode_ci;
/*!40101 SET character_set_client = @saved_cs_client */;

--
-- Dumping data for table `notifications`
--

LOCK TABLES `notifications` WRITE;
/*!40000 ALTER TABLE `notifications` DISABLE KEYS */;
INSERT INTO `notifications` VALUES ('3b836c31-1efb-407a-9f10-2ee291023e05','App\\Notifications\\NewOnlineOrderNotification','App\\Models\\User',2,'{\"transaction_id\":32,\"invoice_number\":\"INV-20260117-H56H\",\"total_amount\":\"94000.00\",\"member_name\":\"Nata Surya Permana\",\"message\":\"Pesanan baru dari Nata Surya Permana senilai Rp 94.000\",\"type\":\"new_online_order\"}',NULL,'2026-01-16 22:54:42','2026-01-16 22:54:42'),('8a4069eb-5819-433e-8e52-fb47d3e9c970','App\\Notifications\\NewOnlineOrderNotification','App\\Models\\User',629,'{\"transaction_id\":32,\"invoice_number\":\"INV-20260117-H56H\",\"total_amount\":\"94000.00\",\"member_name\":\"Nata Surya Permana\",\"message\":\"Pesanan baru dari Nata Surya Permana senilai Rp 94.000\",\"type\":\"new_online_order\"}',NULL,'2026-01-16 22:54:42','2026-01-16 22:54:42'),('a3066c74-bbdc-4dc8-b557-13f4326fc5a9','App\\Notifications\\NewOnlineOrderNotification','App\\Models\\User',1,'{\"transaction_id\":32,\"invoice_number\":\"INV-20260117-H56H\",\"total_amount\":\"94000.00\",\"member_name\":\"Nata Surya Permana\",\"message\":\"Pesanan baru dari Nata Surya Permana senilai Rp 94.000\",\"type\":\"new_online_order\"}','2026-01-16 22:58:37','2026-01-16 22:54:42','2026-01-16 22:58:37'),('ad656e9b-e5a5-4b85-a9ef-f486b591efb5','App\\Notifications\\NewOnlineOrderNotification','App\\Models\\User',561,'{\"transaction_id\":32,\"invoice_number\":\"INV-20260117-H56H\",\"total_amount\":\"94000.00\",\"member_name\":\"Nata Surya Permana\",\"message\":\"Pesanan baru dari Nata Surya Permana senilai Rp 94.000\",\"type\":\"new_online_order\"}',NULL,'2026-01-16 22:54:42','2026-01-16 22:54:42'),('c1a07ee0-63f9-48a0-8a1b-88f97ccedbcd','App\\Notifications\\NewOnlineOrderNotification','App\\Models\\User',556,'{\"transaction_id\":32,\"invoice_number\":\"INV-20260117-H56H\",\"total_amount\":\"94000.00\",\"member_name\":\"Nata Surya Permana\",\"message\":\"Pesanan baru dari Nata Surya Permana senilai Rp 94.000\",\"type\":\"new_online_order\"}',NULL,'2026-01-16 22:54:42','2026-01-16 22:54:42'),('e177c05e-19ac-4d8b-a5af-19864ed2fd6f','App\\Notifications\\NewOnlineOrderNotification','App\\Models\\User',559,'{\"transaction_id\":32,\"invoice_number\":\"INV-20260117-H56H\",\"total_amount\":\"94000.00\",\"member_name\":\"Nata Surya Permana\",\"message\":\"Pesanan baru dari Nata Surya Permana senilai Rp 94.000\",\"type\":\"new_online_order\"}',NULL,'2026-01-16 22:54:42','2026-01-16 22:54:42'),('ef73d68c-d3aa-423b-b19f-ed1c6186ca07','App\\Notifications\\LowStockNotification','App\\Models\\User',1,'{\"product_id\":1,\"product_name\":\"Produk Uji Coba\",\"stock\":3,\"min_stock\":10,\"message\":\"Stok Produk Uji Coba tinggal 3 unit.\",\"type\":\"low_stock\"}','2026-01-16 18:21:19','2026-01-16 18:20:58','2026-01-16 18:21:19'),('f18742c1-7845-4ca9-92ea-64caf4bc72ca','App\\Notifications\\NewOnlineOrderNotification','App\\Models\\User',558,'{\"transaction_id\":32,\"invoice_number\":\"INV-20260117-H56H\",\"total_amount\":\"94000.00\",\"member_name\":\"Nata Surya Permana\",\"message\":\"Pesanan baru dari Nata Surya Permana senilai Rp 94.000\",\"type\":\"new_online_order\"}',NULL,'2026-01-16 22:54:42','2026-01-16 22:54:42');
/*!40000 ALTER TABLE `notifications` ENABLE KEYS */;
UNLOCK TABLES;

--
-- Table structure for table `organization_profiles`
--

DROP TABLE IF EXISTS `organization_profiles`;
/*!40101 SET @saved_cs_client     = @@character_set_client */;
/*!50503 SET character_set_client = utf8mb4 */;
CREATE TABLE `organization_profiles` (
  `id` bigint unsigned NOT NULL AUTO_INCREMENT,
  `user_id` bigint unsigned NOT NULL,
  `position` varchar(255) COLLATE utf8mb4_unicode_ci NOT NULL,
  `department` varchar(255) COLLATE utf8mb4_unicode_ci DEFAULT NULL,
  `start_date` date NOT NULL,
  `end_date` date DEFAULT NULL,
  `period` varchar(255) COLLATE utf8mb4_unicode_ci DEFAULT NULL,
  `status` varchar(255) COLLATE utf8mb4_unicode_ci NOT NULL DEFAULT 'active',
  `notes` text COLLATE utf8mb4_unicode_ci,
  `created_at` timestamp NULL DEFAULT NULL,
  `updated_at` timestamp NULL DEFAULT NULL,
  `deleted_at` timestamp NULL DEFAULT NULL,
  PRIMARY KEY (`id`),
  KEY `organization_profiles_user_id_foreign` (`user_id`),
  CONSTRAINT `organization_profiles_user_id_foreign` FOREIGN KEY (`user_id`) REFERENCES `users` (`id`) ON DELETE CASCADE
) ENGINE=InnoDB AUTO_INCREMENT=9 DEFAULT CHARSET=utf8mb4 COLLATE=utf8mb4_unicode_ci;
/*!40101 SET character_set_client = @saved_cs_client */;

--
-- Dumping data for table `organization_profiles`
--

LOCK TABLES `organization_profiles` WRITE;
/*!40000 ALTER TABLE `organization_profiles` DISABLE KEYS */;
INSERT INTO `organization_profiles` VALUES (1,629,'Pengawas','Serikat Pekerja','2026-01-01',NULL,'2025 - 2030','active',NULL,'2026-01-17 03:29:55','2026-01-17 03:44:39',NULL),(2,556,'Ketua','Operasional','2026-01-01',NULL,'2025 - 2030','active',NULL,'2026-01-17 03:30:19','2026-01-17 03:30:19',NULL),(3,557,'Wakil Ketua','Operasional','2026-01-01',NULL,'2025 - 2030','active',NULL,'2026-01-17 03:30:42','2026-01-17 03:30:42',NULL),(4,558,'Sekretaris','Administrasi','2026-01-01',NULL,'2025 - 2030','active',NULL,'2026-01-17 03:31:28','2026-01-17 03:31:28',NULL),(5,559,'Bendahara','Keuangan','2026-01-01',NULL,'2025 - 2030','active',NULL,'2026-01-17 03:32:11','2026-01-17 03:32:11',NULL),(6,561,'Manager','Operasional','2026-01-01',NULL,'2025 - 2030','active',NULL,'2026-01-17 03:32:43','2026-01-17 03:32:43',NULL),(7,660,'Pengawas','Management','2026-01-01',NULL,'2025 - 2030','active',NULL,'2026-01-17 03:39:57','2026-01-17 03:44:59',NULL),(8,658,'Pengawas','Management','2026-01-01',NULL,'2025 - 2030','active',NULL,'2026-01-17 03:40:19','2026-01-17 03:40:19',NULL);
/*!40000 ALTER TABLE `organization_profiles` ENABLE KEYS */;
UNLOCK TABLES;

--
-- Table structure for table `password_reset_tokens`
--

DROP TABLE IF EXISTS `password_reset_tokens`;
/*!40101 SET @saved_cs_client     = @@character_set_client */;
/*!50503 SET character_set_client = utf8mb4 */;
CREATE TABLE `password_reset_tokens` (
  `email` varchar(255) CHARACTER SET utf8mb4 COLLATE utf8mb4_unicode_ci NOT NULL,
  `token` varchar(255) CHARACTER SET utf8mb4 COLLATE utf8mb4_unicode_ci NOT NULL,
  `created_at` timestamp NULL DEFAULT NULL,
  PRIMARY KEY (`email`)
) ENGINE=InnoDB DEFAULT CHARSET=utf8mb4 COLLATE=utf8mb4_unicode_ci;
/*!40101 SET character_set_client = @saved_cs_client */;

--
-- Dumping data for table `password_reset_tokens`
--

LOCK TABLES `password_reset_tokens` WRITE;
/*!40000 ALTER TABLE `password_reset_tokens` DISABLE KEYS */;
INSERT INTO `password_reset_tokens` VALUES ('natasuryapermana@kopkarskf.com','$2y$12$iasgf1UmX9Yu80spG85iGeKsrhc9h.IsAKD8ETWvBL8CNxCYYDqHO','2026-01-18 03:27:34');
/*!40000 ALTER TABLE `password_reset_tokens` ENABLE KEYS */;
UNLOCK TABLES;

--
-- Table structure for table `performance_histories`
--

DROP TABLE IF EXISTS `performance_histories`;
/*!40101 SET @saved_cs_client     = @@character_set_client */;
/*!50503 SET character_set_client = utf8mb4 */;
CREATE TABLE `performance_histories` (
  `id` bigint unsigned NOT NULL AUTO_INCREMENT,
  `user_id` bigint unsigned NOT NULL,
  `points_change` int NOT NULL,
  `type` enum('add','deduct') CHARACTER SET utf8mb4 COLLATE utf8mb4_unicode_ci NOT NULL DEFAULT 'add',
  `reason` varchar(255) CHARACTER SET utf8mb4 COLLATE utf8mb4_unicode_ci NOT NULL,
  `admin_id` bigint unsigned DEFAULT NULL,
  `created_at` timestamp NULL DEFAULT NULL,
  `updated_at` timestamp NULL DEFAULT NULL,
  PRIMARY KEY (`id`),
  KEY `performance_histories_user_id_foreign` (`user_id`),
  KEY `performance_histories_admin_id_foreign` (`admin_id`),
  CONSTRAINT `performance_histories_admin_id_foreign` FOREIGN KEY (`admin_id`) REFERENCES `users` (`id`) ON DELETE SET NULL,
  CONSTRAINT `performance_histories_user_id_foreign` FOREIGN KEY (`user_id`) REFERENCES `users` (`id`) ON DELETE CASCADE
) ENGINE=InnoDB DEFAULT CHARSET=utf8mb4 COLLATE=utf8mb4_unicode_ci;
/*!40101 SET character_set_client = @saved_cs_client */;

--
-- Dumping data for table `performance_histories`
--

LOCK TABLES `performance_histories` WRITE;
/*!40000 ALTER TABLE `performance_histories` DISABLE KEYS */;
/*!40000 ALTER TABLE `performance_histories` ENABLE KEYS */;
UNLOCK TABLES;

--
-- Table structure for table `poll_options`
--

DROP TABLE IF EXISTS `poll_options`;
/*!40101 SET @saved_cs_client     = @@character_set_client */;
/*!50503 SET character_set_client = utf8mb4 */;
CREATE TABLE `poll_options` (
  `id` bigint unsigned NOT NULL AUTO_INCREMENT,
  `poll_id` bigint unsigned NOT NULL,
  `candidate_name` varchar(255) COLLATE utf8mb4_unicode_ci NOT NULL,
  `candidate_photo` varchar(255) COLLATE utf8mb4_unicode_ci DEFAULT NULL,
  `vision_mission` text COLLATE utf8mb4_unicode_ci,
  `created_at` timestamp NULL DEFAULT NULL,
  `updated_at` timestamp NULL DEFAULT NULL,
  PRIMARY KEY (`id`),
  KEY `poll_options_poll_id_foreign` (`poll_id`),
  CONSTRAINT `poll_options_poll_id_foreign` FOREIGN KEY (`poll_id`) REFERENCES `polls` (`id`) ON DELETE CASCADE
) ENGINE=InnoDB DEFAULT CHARSET=utf8mb4 COLLATE=utf8mb4_unicode_ci;
/*!40101 SET character_set_client = @saved_cs_client */;

--
-- Dumping data for table `poll_options`
--

LOCK TABLES `poll_options` WRITE;
/*!40000 ALTER TABLE `poll_options` DISABLE KEYS */;
/*!40000 ALTER TABLE `poll_options` ENABLE KEYS */;
UNLOCK TABLES;

--
-- Table structure for table `poll_votes`
--

DROP TABLE IF EXISTS `poll_votes`;
/*!40101 SET @saved_cs_client     = @@character_set_client */;
/*!50503 SET character_set_client = utf8mb4 */;
CREATE TABLE `poll_votes` (
  `id` bigint unsigned NOT NULL AUTO_INCREMENT,
  `poll_id` bigint unsigned NOT NULL,
  `user_id` bigint unsigned NOT NULL,
  `poll_option_id` bigint unsigned NOT NULL,
  `created_at` timestamp NULL DEFAULT NULL,
  `updated_at` timestamp NULL DEFAULT NULL,
  PRIMARY KEY (`id`),
  UNIQUE KEY `poll_votes_poll_id_user_id_unique` (`poll_id`,`user_id`),
  KEY `poll_votes_user_id_foreign` (`user_id`),
  KEY `poll_votes_poll_option_id_foreign` (`poll_option_id`),
  CONSTRAINT `poll_votes_poll_id_foreign` FOREIGN KEY (`poll_id`) REFERENCES `polls` (`id`) ON DELETE CASCADE,
  CONSTRAINT `poll_votes_poll_option_id_foreign` FOREIGN KEY (`poll_option_id`) REFERENCES `poll_options` (`id`) ON DELETE CASCADE,
  CONSTRAINT `poll_votes_user_id_foreign` FOREIGN KEY (`user_id`) REFERENCES `users` (`id`) ON DELETE CASCADE
) ENGINE=InnoDB DEFAULT CHARSET=utf8mb4 COLLATE=utf8mb4_unicode_ci;
/*!40101 SET character_set_client = @saved_cs_client */;

--
-- Dumping data for table `poll_votes`
--

LOCK TABLES `poll_votes` WRITE;
/*!40000 ALTER TABLE `poll_votes` DISABLE KEYS */;
/*!40000 ALTER TABLE `poll_votes` ENABLE KEYS */;
UNLOCK TABLES;

--
-- Table structure for table `polls`
--

DROP TABLE IF EXISTS `polls`;
/*!40101 SET @saved_cs_client     = @@character_set_client */;
/*!50503 SET character_set_client = utf8mb4 */;
CREATE TABLE `polls` (
  `id` bigint unsigned NOT NULL AUTO_INCREMENT,
  `title` varchar(255) COLLATE utf8mb4_unicode_ci NOT NULL,
  `description` text COLLATE utf8mb4_unicode_ci,
  `start_date` datetime NOT NULL,
  `end_date` datetime NOT NULL,
  `status` enum('draft','active','closed') COLLATE utf8mb4_unicode_ci NOT NULL DEFAULT 'draft',
  `created_at` timestamp NULL DEFAULT NULL,
  `updated_at` timestamp NULL DEFAULT NULL,
  PRIMARY KEY (`id`)
) ENGINE=InnoDB DEFAULT CHARSET=utf8mb4 COLLATE=utf8mb4_unicode_ci;
/*!40101 SET character_set_client = @saved_cs_client */;

--
-- Dumping data for table `polls`
--

LOCK TABLES `polls` WRITE;
/*!40000 ALTER TABLE `polls` DISABLE KEYS */;
/*!40000 ALTER TABLE `polls` ENABLE KEYS */;
UNLOCK TABLES;

--
-- Table structure for table `positions`
--

DROP TABLE IF EXISTS `positions`;
/*!40101 SET @saved_cs_client     = @@character_set_client */;
/*!50503 SET character_set_client = utf8mb4 */;
CREATE TABLE `positions` (
  `id` bigint unsigned NOT NULL AUTO_INCREMENT,
  `name` varchar(255) CHARACTER SET utf8mb4 COLLATE utf8mb4_unicode_ci NOT NULL,
  `code` varchar(255) CHARACTER SET utf8mb4 COLLATE utf8mb4_unicode_ci DEFAULT NULL,
  `description` text CHARACTER SET utf8mb4 COLLATE utf8mb4_unicode_ci,
  `is_active` tinyint(1) NOT NULL DEFAULT '1',
  `created_at` timestamp NULL DEFAULT NULL,
  `updated_at` timestamp NULL DEFAULT NULL,
  PRIMARY KEY (`id`),
  UNIQUE KEY `positions_name_unique` (`name`),
  UNIQUE KEY `positions_code_unique` (`code`)
) ENGINE=InnoDB AUTO_INCREMENT=10 DEFAULT CHARSET=utf8mb4 COLLATE=utf8mb4_unicode_ci;
/*!40101 SET character_set_client = @saved_cs_client */;

--
-- Dumping data for table `positions`
--

LOCK TABLES `positions` WRITE;
/*!40000 ALTER TABLE `positions` DISABLE KEYS */;
INSERT INTO `positions` VALUES (1,'Manager','MAN69',NULL,1,'2025-12-22 16:37:05','2025-12-22 16:37:05'),(2,'Asisten Manager','ASI94',NULL,1,'2025-12-22 16:37:05','2025-12-22 16:37:05'),(3,'Supervisor','SUP62',NULL,1,'2025-12-22 16:37:05','2025-12-22 16:37:05'),(4,'Staff','STA68',NULL,1,'2025-12-22 16:37:05','2025-12-22 16:37:05'),(5,'Operator','OPE75',NULL,1,'2025-12-22 16:37:05','2025-12-22 16:37:05'),(6,'Admin','ADM27',NULL,1,'2025-12-22 16:37:05','2025-12-22 16:37:05'),(7,'Driver','DRI26',NULL,1,'2025-12-22 16:37:05','2025-12-22 16:37:05'),(8,'Security','SEC59',NULL,1,'2025-12-22 16:37:05','2025-12-22 16:37:05'),(9,'Karu','KRU01',NULL,1,'2025-12-24 08:14:25','2025-12-24 08:14:25');
/*!40000 ALTER TABLE `positions` ENABLE KEYS */;
UNLOCK TABLES;

--
-- Table structure for table `products`
--

DROP TABLE IF EXISTS `products`;
/*!40101 SET @saved_cs_client     = @@character_set_client */;
/*!50503 SET character_set_client = utf8mb4 */;
CREATE TABLE `products` (
  `id` bigint unsigned NOT NULL AUTO_INCREMENT,
  `category_id` bigint unsigned NOT NULL,
  `code` varchar(255) CHARACTER SET utf8mb4 COLLATE utf8mb4_unicode_ci NOT NULL,
  `name` varchar(255) CHARACTER SET utf8mb4 COLLATE utf8mb4_unicode_ci NOT NULL,
  `description` text CHARACTER SET utf8mb4 COLLATE utf8mb4_unicode_ci,
  `is_consignment` tinyint(1) NOT NULL DEFAULT '0',
  `consignor_type` varchar(255) COLLATE utf8mb4_unicode_ci DEFAULT NULL,
  `consignor_id` bigint unsigned DEFAULT NULL,
  `consignment_price` decimal(15,2) DEFAULT NULL,
  `consignment_profit_percent` decimal(5,2) DEFAULT NULL,
  `price` decimal(15,2) NOT NULL,
  `cost` decimal(15,2) NOT NULL DEFAULT '0.00',
  `previous_cost` decimal(15,2) DEFAULT NULL,
  `stock_at_old_cost` int NOT NULL DEFAULT '0',
  `cost_changed_at` timestamp NULL DEFAULT NULL,
  `stock` int NOT NULL DEFAULT '0',
  `unit` varchar(50) COLLATE utf8mb4_unicode_ci NOT NULL DEFAULT 'pcs',
  `purchase_unit` varchar(50) COLLATE utf8mb4_unicode_ci NOT NULL DEFAULT 'pcs',
  `conversion_factor` int NOT NULL DEFAULT '1',
  `margin_percent` decimal(5,2) NOT NULL DEFAULT '0.00',
  `min_stock` int unsigned NOT NULL DEFAULT '10',
  `image` varchar(255) CHARACTER SET utf8mb4 COLLATE utf8mb4_unicode_ci DEFAULT NULL,
  `is_preorder` tinyint(1) NOT NULL DEFAULT '0',
  `preorder_eta` varchar(255) CHARACTER SET utf8mb4 COLLATE utf8mb4_unicode_ci DEFAULT NULL,
  `is_active` tinyint(1) NOT NULL DEFAULT '1',
  `created_at` timestamp NULL DEFAULT NULL,
  `updated_at` timestamp NULL DEFAULT NULL,
  PRIMARY KEY (`id`),
  UNIQUE KEY `products_code_unique` (`code`),
  KEY `products_category_id_foreign` (`category_id`),
  KEY `products_consignor_type_consignor_id_index` (`consignor_type`,`consignor_id`),
  CONSTRAINT `products_category_id_foreign` FOREIGN KEY (`category_id`) REFERENCES `categories` (`id`) ON DELETE CASCADE
) ENGINE=InnoDB AUTO_INCREMENT=58 DEFAULT CHARSET=utf8mb4 COLLATE=utf8mb4_unicode_ci;
/*!40101 SET character_set_client = @saved_cs_client */;

--
-- Dumping data for table `products`
--

LOCK TABLES `products` WRITE;
/*!40000 ALTER TABLE `products` DISABLE KEYS */;
INSERT INTO `products` VALUES (1,1,'MR001','Chitato Sapi Panggang 68g','Deskripsi untuk Chitato Sapi Panggang 68g',0,NULL,NULL,NULL,NULL,12000.00,10000.00,NULL,0,NULL,0,'pcs','pcs',1,20.00,10,'products/vHAJzj39PcjKrqNAoRZoOHRvj5UMM0j9C4hl4gMz.png',1,NULL,1,'2025-12-22 10:16:17','2026-01-16 18:53:21'),(2,1,'MR002','Oreo Original 133g','Deskripsi untuk Oreo Original 133g',0,NULL,NULL,NULL,NULL,10000.00,8000.00,NULL,0,NULL,0,'pcs','pcs',1,20.00,10,'products/MyEWnbrCKFODYGB1pBPklXzlqYpsvIebdQzvDYFP.png',1,NULL,1,'2025-12-22 10:16:17','2026-01-16 18:53:21'),(3,1,'MR003','Qtela Singkong Balado','Deskripsi untuk Qtela Singkong Balado',0,NULL,NULL,NULL,NULL,17000.00,13500.00,NULL,0,NULL,0,'pcs','pcs',1,20.00,10,'products/aI30Gt4QYM7B3PwuTgx7SNL4mIvbLa5bEVIrg6MF.png',1,NULL,1,'2025-12-22 10:16:17','2026-01-16 18:53:21'),(4,1,'MR004','Beng Beng Wafer','Deskripsi untuk Beng Beng Wafer',0,NULL,NULL,NULL,NULL,3000.00,2000.00,NULL,0,NULL,0,'pcs','pcs',1,20.00,10,'products/bVVcUiVATdhWdl3C3taa6y0PzHmW6YjMbVZLU4wf.png',0,NULL,1,'2025-12-22 10:16:17','2026-01-16 18:53:21'),(5,1,'MR005','Silverqueen Chunky Bar','Deskripsi untuk Silverqueen Chunky Bar',0,NULL,NULL,NULL,NULL,22000.00,18000.00,NULL,0,NULL,0,'pcs','pcs',1,20.00,10,'products/YjQYNT4KsMh8i5RkKd2VCJNISgopLEN74UzQgXEF.png',0,NULL,1,'2025-12-22 10:16:17','2026-01-16 18:53:21'),(6,2,'MN001','Teh Botol Sosro 450ml','Deskripsi untuk Teh Botol Sosro 450ml',0,NULL,NULL,NULL,NULL,6000.00,4500.00,NULL,0,NULL,0,'pcs','pcs',1,20.00,10,'products/S0Rj8bUC8GGmyevrnP4DUIHx0sqhR7tKDVwTMAMm.png',0,NULL,1,'2025-12-22 10:16:17','2026-01-16 18:53:21'),(7,2,'MN002','Aqua Botol 600ml','Deskripsi untuk Aqua Botol 600ml',0,NULL,NULL,NULL,NULL,4000.00,3000.00,NULL,0,NULL,980,'pcs','pcs',1,20.00,10,'products/T2dw65D0X1RUjJPmYyiMhhXDpMxnW0iM3NJVHYGM.png',0,NULL,1,'2025-12-22 10:16:17','2026-01-16 18:53:21'),(8,2,'MN003','Coca Cola 390ml','Deskripsi untuk Coca Cola 390ml',0,NULL,NULL,NULL,NULL,6000.00,4200.00,NULL,0,NULL,0,'pcs','pcs',1,20.00,10,'products/ocb4hWL2ZCmPTBYCH74P04EpZvG5TbtEx3N1jYir.png',0,NULL,1,'2025-12-22 10:16:17','2026-01-16 18:53:21'),(9,2,'MN004','Pocari Sweat 500ml','Deskripsi untuk Pocari Sweat 500ml',0,NULL,NULL,NULL,NULL,8000.00,6500.00,NULL,0,NULL,0,'pcs','pcs',1,20.00,10,'products/gXJvLb3YzoLqjW9045TCVXlpmUqGJVuVkq2YlslQ.png',0,NULL,1,'2025-12-22 10:16:17','2026-01-16 18:53:21'),(10,2,'MN005','Kopi Kapal Api Botol','Deskripsi untuk Kopi Kapal Api Botol',0,NULL,NULL,NULL,NULL,5000.00,3800.00,NULL,0,NULL,0,'pcs','pcs',1,20.00,10,'products/Sy5ttGPj4Sh42gkwcnotnEWWT0A7tjxqCSWYCgRa.png',0,NULL,1,'2025-12-22 10:16:17','2026-01-16 18:53:21'),(11,2,'MN006','Susu Bear Brand','Deskripsi untuk Susu Bear Brand',0,NULL,NULL,NULL,NULL,13000.00,10500.00,NULL,0,NULL,0,'pcs','pcs',1,20.00,10,'products/HyWWcfEOPhsQRYLAa0k4FZoYSUpEryYYxSM6V0EC.png',0,NULL,1,'2025-12-22 10:16:17','2026-01-16 18:53:21'),(12,3,'SB001','Beras Pandan Wangi 5kg','Deskripsi untuk Beras Pandan Wangi 5kg',0,NULL,NULL,NULL,NULL,94000.00,78000.00,NULL,0,NULL,88,'pcs','pcs',1,20.00,10,'products/EZrz8sPBjqAPofaNt1KErfn0tsN1xYgBSo6YtAM4.png',0,NULL,1,'2025-12-22 10:16:17','2026-01-16 22:54:42'),(13,3,'SB002','Minyak Goreng Sania 2L','Deskripsi untuk Minyak Goreng Sania 2L',0,NULL,NULL,NULL,NULL,42000.00,35000.00,NULL,0,NULL,0,'pcs','pcs',1,20.00,10,'products/tvdQB5EK5poQPOtsevDAWTmAOxMHbNkNoSjVgnWi.png',0,NULL,1,'2025-12-22 10:16:17','2026-01-16 18:53:21'),(14,3,'SB003','Gula Pasir Gulaku 1kg','Deskripsi untuk Gula Pasir Gulaku 1kg',0,NULL,NULL,NULL,NULL,18000.00,15000.00,NULL,0,NULL,0,'pcs','pcs',1,20.00,10,'products/8SxHhr3NF2OCnzrd9dY8MpQjbaTq8cTlO2QzYukV.png',0,NULL,1,'2025-12-22 10:16:17','2026-01-16 18:53:21'),(15,3,'SB004','Telur Ayam 1kg','Deskripsi untuk Telur Ayam 1kg',0,NULL,NULL,NULL,NULL,30000.00,25000.00,NULL,0,NULL,0,'pcs','pcs',1,20.00,10,'products/bBCP9ZOQhq7tgvcMwUbkkX5cjhZw8hVQD6a7ufBb.png',0,NULL,1,'2025-12-22 10:16:17','2026-01-16 18:53:21'),(16,3,'SB005','Kecap Bango Manis 550ml','Deskripsi untuk Kecap Bango Manis 550ml',0,NULL,NULL,NULL,NULL,26000.00,21000.00,NULL,0,NULL,0,'pcs','pcs',1,20.00,10,'products/JCT2Yb6meh3fGMPkZVhWAziaKW3PGBPxSvgBAN2l.png',0,NULL,1,'2025-12-22 10:16:17','2026-01-16 18:53:21'),(17,3,'SB006','Indomie Goreng (Kardus)','Deskripsi untuk Indomie Goreng (Kardus)',0,NULL,NULL,NULL,NULL,126000.00,105000.00,NULL,0,NULL,5,'pcs','pcs',1,20.00,10,NULL,0,NULL,1,'2025-12-22 10:16:17','2026-01-16 18:53:21'),(22,5,'KB001','Rinso Anti Noda 700g','Deskripsi untuk Rinso Anti Noda 700g',0,NULL,NULL,NULL,NULL,23000.00,19000.00,NULL,0,NULL,0,'pcs','pcs',1,20.00,10,NULL,0,NULL,1,'2025-12-22 10:16:17','2026-01-16 18:53:21'),(23,5,'KB002','Sunlight Jeruk Nipis 780ml','Deskripsi untuk Sunlight Jeruk Nipis 780ml',0,NULL,NULL,NULL,NULL,15000.00,12500.00,NULL,0,NULL,0,'pcs','pcs',1,20.00,10,NULL,0,NULL,1,'2025-12-22 10:16:17','2026-01-16 18:53:21'),(24,5,'KB003','Lifebuoy Body Wash 450ml','Deskripsi untuk Lifebuoy Body Wash 450ml',0,NULL,NULL,NULL,NULL,26000.00,21000.00,NULL,0,NULL,0,'pcs','pcs',1,20.00,10,NULL,0,NULL,1,'2025-12-22 10:16:17','2026-01-16 18:53:21'),(25,5,'KB004','Pasta Gigi Pepsodent 120g','Deskripsi untuk Pasta Gigi Pepsodent 120g',0,NULL,NULL,NULL,NULL,11000.00,9000.00,NULL,0,NULL,0,'pcs','pcs',1,20.00,10,NULL,0,NULL,1,'2025-12-22 10:16:17','2026-01-16 18:53:21'),(26,2,'8996006142511','Teh botol kotak 250 ml',NULL,0,NULL,NULL,NULL,NULL,3000.00,2354.00,NULL,0,NULL,0,'pcs','pcs',1,20.00,10,'products/BDVOOswgMWiPM8FIST6hFMtDnz906pIGi2TMsT1i.jpg',0,NULL,1,'2026-01-12 22:55:25','2026-01-16 18:53:21'),(27,8,'BARANG001','Aspro Fltr Bpld20\'S','',0,NULL,NULL,NULL,NULL,32000.00,26450.00,NULL,0,NULL,0,'pcs','pcs',1,20.00,10,NULL,0,NULL,1,'2026-01-16 00:18:16','2026-01-16 18:53:21'),(28,8,'BARANG002','Gg Filter Merah 12\'S','',0,NULL,NULL,NULL,NULL,30000.00,25000.00,NULL,0,NULL,0,'pcs','pcs',1,20.00,10,NULL,0,NULL,1,'2026-01-16 00:18:16','2026-01-16 18:53:21'),(29,8,'BARANG003','Sampoerna Mild 16\'S','',0,NULL,NULL,NULL,NULL,41000.00,34100.00,NULL,0,NULL,0,'pcs','pcs',1,20.00,10,NULL,0,NULL,1,'2026-01-16 00:18:16','2026-01-16 18:53:21'),(30,8,'BARANG004','234 Krt 12/Pcs','',0,NULL,NULL,NULL,NULL,24000.00,19300.00,NULL,0,NULL,0,'pcs','pcs',1,20.00,10,NULL,0,NULL,1,'2026-01-16 00:18:16','2026-01-16 18:53:21'),(31,8,'BARANG005','Djarum Krt Skt 12/Pcs','',0,NULL,NULL,NULL,NULL,20000.00,16340.00,NULL,0,NULL,0,'pcs','pcs',1,20.00,10,NULL,0,NULL,1,'2026-01-16 00:18:16','2026-01-16 18:53:21'),(32,8,'BARANG006','Djarum Super Filter12','',0,NULL,NULL,NULL,NULL,28000.00,22830.00,NULL,0,NULL,0,'pcs','pcs',1,20.00,10,NULL,0,NULL,1,'2026-01-16 00:18:16','2026-01-16 18:53:21'),(33,1,'BARANG007','Chtato Lite Nori 14G','',0,NULL,NULL,NULL,NULL,3000.00,1842.00,NULL,0,NULL,0,'pcs','pcs',1,20.00,10,NULL,0,NULL,1,'2026-01-16 00:18:16','2026-01-16 18:53:21'),(34,1,'BARANG008','Pop Mie Ayam 75G','',0,NULL,NULL,NULL,NULL,6000.00,4271.00,NULL,0,NULL,0,'pcs','pcs',1,20.00,10,NULL,0,NULL,1,'2026-01-16 00:18:16','2026-01-16 18:53:21'),(35,1,'BARANG009','G/Day Mcfrio Sct 30G','',0,NULL,NULL,NULL,NULL,3000.00,2275.00,NULL,0,NULL,0,'pcs','pcs',1,20.00,10,NULL,0,NULL,1,'2026-01-16 00:18:16','2026-01-16 18:53:21'),(36,1,'BARANG010','Taro Snack Barbq 32G','',0,NULL,NULL,NULL,NULL,6000.00,4267.00,NULL,0,NULL,0,'pcs','pcs',1,20.00,10,NULL,0,NULL,1,'2026-01-16 00:18:16','2026-01-16 18:53:21'),(37,1,'BARANG011','Dua Kelinci Kcng 13G','',0,NULL,NULL,NULL,NULL,2000.00,840.00,NULL,0,NULL,0,'pcs','pcs',1,20.00,10,NULL,0,NULL,1,'2026-01-16 00:18:16','2026-01-16 18:53:21'),(38,1,'BARANG012','Dua /K Kcg Sukro 16Gr','',0,NULL,NULL,NULL,NULL,1000.00,783.00,NULL,0,NULL,0,'pcs','pcs',1,20.00,10,NULL,0,NULL,1,'2026-01-16 00:18:16','2026-01-16 18:53:21'),(39,1,'BARANG013','G/D 3In1 Mccino 10\'S','',0,NULL,NULL,NULL,NULL,2000.00,1280.00,NULL,0,NULL,0,'pcs','pcs',1,20.00,10,NULL,0,NULL,1,'2026-01-16 00:18:16','2026-01-16 18:53:21'),(40,1,'BARANG014','Kpl Api Sp Mx Rcg10S','',0,NULL,NULL,NULL,NULL,3000.00,1675.00,NULL,0,NULL,0,'pcs','pcs',1,20.00,10,NULL,0,NULL,1,'2026-01-16 00:18:16','2026-01-16 18:53:21'),(41,1,'BARANG015','Chitato Sapi Pgg 15G','',0,NULL,NULL,NULL,NULL,3000.00,1842.00,NULL,0,NULL,0,'pcs','pcs',1,20.00,10,NULL,0,NULL,1,'2026-01-16 00:18:16','2026-01-16 18:53:21'),(42,2,'BARANG016','Hydro Coco 250Ml','',0,NULL,NULL,NULL,NULL,8000.00,6521.00,NULL,0,NULL,0,'pcs','pcs',1,20.00,10,NULL,0,NULL,1,'2026-01-16 00:18:16','2026-01-16 18:53:21'),(43,2,'BARANG017','Pocari Sweat 500Ml','',0,NULL,NULL,NULL,NULL,8000.00,6354.00,NULL,0,NULL,0,'pcs','pcs',1,20.00,10,NULL,0,NULL,1,'2026-01-16 00:18:16','2026-01-16 18:53:21'),(44,1,'BARANG018','Abc Kp&Gula+Ss 10X30','',0,NULL,NULL,NULL,NULL,2000.00,1515.00,NULL,0,NULL,0,'pcs','pcs',1,20.00,10,NULL,0,NULL,1,'2026-01-16 00:18:16','2026-01-16 18:53:21'),(45,1,'BARANG019','Roma Malkist Cklt 18G','',0,NULL,NULL,NULL,NULL,1000.00,430.00,NULL,0,NULL,0,'pcs','pcs',1,20.00,10,NULL,0,NULL,1,'2026-01-16 00:18:16','2026-01-16 18:53:21'),(46,1,'BARANG020','Roma Malkist Pck 21','',0,NULL,NULL,NULL,NULL,2000.00,860.00,NULL,0,NULL,0,'pcs','pcs',1,20.00,10,NULL,0,NULL,1,'2026-01-16 00:18:16','2026-01-16 18:53:21'),(47,2,'BARANG021','Sosro The Kotak B250','',0,NULL,NULL,NULL,NULL,3000.00,2354.00,NULL,0,NULL,0,'pcs','pcs',1,20.00,10,NULL,0,NULL,1,'2026-01-16 00:18:16','2026-01-16 18:53:21'),(48,2,'BARANG022','Aquaviva Btl 700Ml','',0,NULL,NULL,NULL,NULL,3000.00,1900.00,NULL,0,NULL,0,'pcs','pcs',1,20.00,10,NULL,0,NULL,1,'2026-01-16 00:18:16','2026-01-16 18:53:21'),(49,2,'BARANG023','Floridina Orange 350','',0,NULL,NULL,NULL,NULL,4000.00,2625.00,NULL,0,NULL,0,'pcs','pcs',1,20.00,10,NULL,0,NULL,1,'2026-01-16 00:18:16','2026-01-16 18:53:21'),(50,2,'BARANG024','Pucuk /H The Melati350','',0,NULL,NULL,NULL,NULL,3000.00,2488.00,NULL,0,NULL,0,'pcs','pcs',1,20.00,10,NULL,0,NULL,1,'2026-01-16 00:18:16','2026-01-16 18:53:21'),(56,1,'CS-NGAFIF-001','Keripik Singkong (Trial Ngafif)',NULL,1,'member',555,8000.00,20.00,0.00,0.00,NULL,0,NULL,10,'pcs','pcs',1,20.00,10,NULL,0,NULL,1,'2026-01-16 04:45:48','2026-01-16 18:53:21'),(57,1,'CS-NATA-001','Kopi Bubuk (Trial Nata)',NULL,1,'member',556,20000.00,20.00,0.00,0.00,NULL,0,NULL,25,'pcs','pcs',1,20.00,10,NULL,0,NULL,1,'2026-01-16 04:45:48','2026-01-16 18:53:21');
/*!40000 ALTER TABLE `products` ENABLE KEYS */;
UNLOCK TABLES;

--
-- Table structure for table `purchase_items`
--

DROP TABLE IF EXISTS `purchase_items`;
/*!40101 SET @saved_cs_client     = @@character_set_client */;
/*!50503 SET character_set_client = utf8mb4 */;
CREATE TABLE `purchase_items` (
  `id` bigint unsigned NOT NULL AUTO_INCREMENT,
  `purchase_id` bigint unsigned NOT NULL,
  `product_id` bigint unsigned NOT NULL,
  `quantity` int NOT NULL,
  `cost` decimal(15,2) NOT NULL,
  `subtotal` decimal(15,2) NOT NULL,
  `created_at` timestamp NULL DEFAULT NULL,
  `updated_at` timestamp NULL DEFAULT NULL,
  PRIMARY KEY (`id`),
  KEY `purchase_items_purchase_id_foreign` (`purchase_id`),
  KEY `purchase_items_product_id_foreign` (`product_id`),
  CONSTRAINT `purchase_items_product_id_foreign` FOREIGN KEY (`product_id`) REFERENCES `products` (`id`) ON DELETE CASCADE,
  CONSTRAINT `purchase_items_purchase_id_foreign` FOREIGN KEY (`purchase_id`) REFERENCES `purchases` (`id`) ON DELETE CASCADE
) ENGINE=InnoDB AUTO_INCREMENT=4 DEFAULT CHARSET=utf8mb4 COLLATE=utf8mb4_unicode_ci;
/*!40101 SET character_set_client = @saved_cs_client */;

--
-- Dumping data for table `purchase_items`
--

LOCK TABLES `purchase_items` WRITE;
/*!40000 ALTER TABLE `purchase_items` DISABLE KEYS */;
/*!40000 ALTER TABLE `purchase_items` ENABLE KEYS */;
UNLOCK TABLES;

--
-- Table structure for table `purchases`
--

DROP TABLE IF EXISTS `purchases`;
/*!40101 SET @saved_cs_client     = @@character_set_client */;
/*!50503 SET character_set_client = utf8mb4 */;
CREATE TABLE `purchases` (
  `id` bigint unsigned NOT NULL AUTO_INCREMENT,
  `supplier_id` bigint unsigned NOT NULL,
  `reference_number` varchar(255) CHARACTER SET utf8mb4 COLLATE utf8mb4_unicode_ci NOT NULL,
  `purchase_date` date NOT NULL,
  `total_amount` decimal(15,2) NOT NULL DEFAULT '0.00',
  `status` enum('pending','completed','cancelled') CHARACTER SET utf8mb4 COLLATE utf8mb4_unicode_ci NOT NULL DEFAULT 'pending',
  `note` text CHARACTER SET utf8mb4 COLLATE utf8mb4_unicode_ci,
  `created_by` bigint unsigned NOT NULL,
  `completed_at` timestamp NULL DEFAULT NULL,
  `created_at` timestamp NULL DEFAULT NULL,
  `updated_at` timestamp NULL DEFAULT NULL,
  PRIMARY KEY (`id`),
  UNIQUE KEY `purchases_reference_number_unique` (`reference_number`),
  KEY `purchases_supplier_id_foreign` (`supplier_id`),
  KEY `purchases_created_by_foreign` (`created_by`),
  CONSTRAINT `purchases_created_by_foreign` FOREIGN KEY (`created_by`) REFERENCES `users` (`id`),
  CONSTRAINT `purchases_supplier_id_foreign` FOREIGN KEY (`supplier_id`) REFERENCES `suppliers` (`id`) ON DELETE CASCADE
) ENGINE=InnoDB AUTO_INCREMENT=2 DEFAULT CHARSET=utf8mb4 COLLATE=utf8mb4_unicode_ci;
/*!40101 SET character_set_client = @saved_cs_client */;

--
-- Dumping data for table `purchases`
--

LOCK TABLES `purchases` WRITE;
/*!40000 ALTER TABLE `purchases` DISABLE KEYS */;
/*!40000 ALTER TABLE `purchases` ENABLE KEYS */;
UNLOCK TABLES;

--
-- Table structure for table `reviews`
--

DROP TABLE IF EXISTS `reviews`;
/*!40101 SET @saved_cs_client     = @@character_set_client */;
/*!50503 SET character_set_client = utf8mb4 */;
CREATE TABLE `reviews` (
  `id` bigint unsigned NOT NULL AUTO_INCREMENT,
  `product_id` bigint unsigned NOT NULL,
  `user_id` bigint unsigned NOT NULL,
  `rating` int NOT NULL DEFAULT '5',
  `comment` text CHARACTER SET utf8mb4 COLLATE utf8mb4_unicode_ci,
  `is_visible` tinyint(1) NOT NULL DEFAULT '1',
  `created_at` timestamp NULL DEFAULT NULL,
  `updated_at` timestamp NULL DEFAULT NULL,
  PRIMARY KEY (`id`),
  KEY `reviews_product_id_foreign` (`product_id`),
  KEY `reviews_user_id_foreign` (`user_id`),
  CONSTRAINT `reviews_product_id_foreign` FOREIGN KEY (`product_id`) REFERENCES `products` (`id`) ON DELETE CASCADE,
  CONSTRAINT `reviews_user_id_foreign` FOREIGN KEY (`user_id`) REFERENCES `users` (`id`) ON DELETE CASCADE
) ENGINE=InnoDB AUTO_INCREMENT=2 DEFAULT CHARSET=utf8mb4 COLLATE=utf8mb4_unicode_ci;
/*!40101 SET character_set_client = @saved_cs_client */;

--
-- Dumping data for table `reviews`
--

LOCK TABLES `reviews` WRITE;
/*!40000 ALTER TABLE `reviews` DISABLE KEYS */;
INSERT INTO `reviews` VALUES (1,11,223,5,'bagus sekali barangnya',1,'2025-12-22 18:31:28','2025-12-22 18:31:28');
/*!40000 ALTER TABLE `reviews` ENABLE KEYS */;
UNLOCK TABLES;

--
-- Table structure for table `savings`
--

DROP TABLE IF EXISTS `savings`;
/*!40101 SET @saved_cs_client     = @@character_set_client */;
/*!50503 SET character_set_client = utf8mb4 */;
CREATE TABLE `savings` (
  `id` bigint unsigned NOT NULL AUTO_INCREMENT,
  `member_id` bigint unsigned NOT NULL,
  `type` enum('pokok','wajib','sukarela') CHARACTER SET utf8mb4 COLLATE utf8mb4_unicode_ci NOT NULL,
  `transaction_type` enum('deposit','withdrawal') CHARACTER SET utf8mb4 COLLATE utf8mb4_unicode_ci NOT NULL DEFAULT 'deposit',
  `amount` decimal(15,2) NOT NULL,
  `transaction_date` date NOT NULL,
  `reference_number` varchar(255) CHARACTER SET utf8mb4 COLLATE utf8mb4_unicode_ci DEFAULT NULL,
  `description` text CHARACTER SET utf8mb4 COLLATE utf8mb4_unicode_ci,
  `created_by` bigint unsigned DEFAULT NULL,
  `created_at` timestamp NULL DEFAULT NULL,
  `updated_at` timestamp NULL DEFAULT NULL,
  PRIMARY KEY (`id`),
  KEY `savings_member_id_foreign` (`member_id`),
  KEY `savings_created_by_foreign` (`created_by`),
  KEY `savings_type_index` (`type`),
  KEY `savings_transaction_type_index` (`transaction_type`),
  CONSTRAINT `savings_created_by_foreign` FOREIGN KEY (`created_by`) REFERENCES `users` (`id`),
  CONSTRAINT `savings_member_id_foreign` FOREIGN KEY (`member_id`) REFERENCES `members` (`id`) ON DELETE CASCADE
) ENGINE=InnoDB AUTO_INCREMENT=619 DEFAULT CHARSET=utf8mb4 COLLATE=utf8mb4_unicode_ci;
/*!40101 SET character_set_client = @saved_cs_client */;

--
-- Dumping data for table `savings`
--

LOCK TABLES `savings` WRITE;
/*!40000 ALTER TABLE `savings` DISABLE KEYS */;
INSERT INTO `savings` VALUES (410,555,'pokok','deposit',150000.00,'2026-01-02','SAV002','Setoran pokok wajib',NULL,'2026-01-16 02:16:14','2026-01-16 02:16:14'),(411,556,'pokok','deposit',150000.00,'2026-01-02','SAV002','Setoran pokok wajib',NULL,'2026-01-16 02:16:14','2026-01-16 02:16:14'),(412,557,'pokok','deposit',150000.00,'2026-01-02','SAV002','Setoran pokok wajib',NULL,'2026-01-16 02:16:14','2026-01-16 02:16:14'),(413,558,'pokok','deposit',150000.00,'2026-01-02','SAV002','Setoran pokok wajib',NULL,'2026-01-16 02:16:14','2026-01-16 02:16:14'),(414,559,'pokok','deposit',150000.00,'2026-01-02','SAV002','Setoran pokok wajib',NULL,'2026-01-16 02:16:14','2026-01-16 02:16:14'),(415,560,'pokok','deposit',150000.00,'2026-01-02','SAV002','Setoran pokok wajib',NULL,'2026-01-16 02:16:14','2026-01-16 02:16:14'),(416,561,'pokok','deposit',150000.00,'2026-01-02','SAV002','Setoran pokok wajib',NULL,'2026-01-16 02:16:14','2026-01-16 02:16:14'),(417,562,'pokok','deposit',150000.00,'2026-01-02','SAV002','Setoran pokok wajib',NULL,'2026-01-16 02:16:14','2026-01-16 02:16:14'),(418,563,'pokok','deposit',150000.00,'2026-01-02','SAV002','Setoran pokok wajib',NULL,'2026-01-16 02:16:14','2026-01-16 02:16:14'),(419,564,'pokok','deposit',150000.00,'2026-01-02','SAV002','Setoran pokok wajib',NULL,'2026-01-16 02:16:14','2026-01-16 02:16:14'),(420,566,'pokok','deposit',150000.00,'2026-01-02','SAV002','Setoran pokok wajib',NULL,'2026-01-16 02:16:14','2026-01-16 02:16:14'),(421,567,'pokok','deposit',150000.00,'2026-01-02','SAV002','Setoran pokok wajib',NULL,'2026-01-16 02:16:14','2026-01-16 02:16:14'),(422,568,'pokok','deposit',150000.00,'2026-01-02','SAV002','Setoran pokok wajib',NULL,'2026-01-16 02:16:14','2026-01-16 02:16:14'),(423,569,'pokok','deposit',150000.00,'2026-01-02','SAV002','Setoran pokok wajib',NULL,'2026-01-16 02:16:14','2026-01-16 02:16:14'),(424,570,'pokok','deposit',150000.00,'2026-01-02','SAV002','Setoran pokok wajib',NULL,'2026-01-16 02:16:14','2026-01-16 02:16:14'),(425,571,'pokok','deposit',150000.00,'2026-01-02','SAV002','Setoran pokok wajib',NULL,'2026-01-16 02:16:14','2026-01-16 02:16:14'),(426,572,'pokok','deposit',150000.00,'2026-01-02','SAV002','Setoran pokok wajib',NULL,'2026-01-16 02:16:14','2026-01-16 02:16:14'),(427,573,'pokok','deposit',150000.00,'2026-01-02','SAV002','Setoran pokok wajib',NULL,'2026-01-16 02:16:14','2026-01-16 02:16:14'),(428,574,'pokok','deposit',150000.00,'2026-01-02','SAV002','Setoran pokok wajib',NULL,'2026-01-16 02:16:14','2026-01-16 02:16:14'),(429,575,'pokok','deposit',150000.00,'2026-01-02','SAV002','Setoran pokok wajib',NULL,'2026-01-16 02:16:14','2026-01-16 02:16:14'),(430,576,'pokok','deposit',150000.00,'2026-01-02','SAV002','Setoran pokok wajib',NULL,'2026-01-16 02:16:14','2026-01-16 02:16:14'),(431,577,'pokok','deposit',150000.00,'2026-01-02','SAV002','Setoran pokok wajib',NULL,'2026-01-16 02:16:14','2026-01-16 02:16:14'),(432,578,'pokok','deposit',150000.00,'2026-01-02','SAV002','Setoran pokok wajib',NULL,'2026-01-16 02:16:14','2026-01-16 02:16:14'),(433,579,'pokok','deposit',150000.00,'2026-01-02','SAV002','Setoran pokok wajib',NULL,'2026-01-16 02:16:14','2026-01-16 02:16:14'),(434,580,'pokok','deposit',150000.00,'2026-01-02','SAV002','Setoran pokok wajib',NULL,'2026-01-16 02:16:14','2026-01-16 02:16:14'),(435,581,'pokok','deposit',150000.00,'2026-01-02','SAV002','Setoran pokok wajib',NULL,'2026-01-16 02:16:14','2026-01-16 02:16:14'),(436,582,'pokok','deposit',150000.00,'2026-01-02','SAV002','Setoran pokok wajib',NULL,'2026-01-16 02:16:14','2026-01-16 02:16:14'),(437,583,'pokok','deposit',150000.00,'2026-01-02','SAV002','Setoran pokok wajib',NULL,'2026-01-16 02:16:14','2026-01-16 02:16:14'),(438,584,'pokok','deposit',150000.00,'2026-01-02','SAV002','Setoran pokok wajib',NULL,'2026-01-16 02:16:14','2026-01-16 02:16:14'),(439,585,'pokok','deposit',150000.00,'2026-01-02','SAV002','Setoran pokok wajib',NULL,'2026-01-16 02:16:14','2026-01-16 02:16:14'),(440,586,'pokok','deposit',150000.00,'2026-01-02','SAV002','Setoran pokok wajib',NULL,'2026-01-16 02:16:14','2026-01-16 02:16:14'),(441,587,'pokok','deposit',150000.00,'2026-01-02','SAV002','Setoran pokok wajib',NULL,'2026-01-16 02:16:14','2026-01-16 02:16:14'),(442,588,'pokok','deposit',150000.00,'2026-01-02','SAV002','Setoran pokok wajib',NULL,'2026-01-16 02:16:14','2026-01-16 02:16:14'),(443,589,'pokok','deposit',150000.00,'2026-01-02','SAV002','Setoran pokok wajib',NULL,'2026-01-16 02:16:14','2026-01-16 02:16:14'),(444,590,'pokok','deposit',150000.00,'2026-01-02','SAV002','Setoran pokok wajib',NULL,'2026-01-16 02:16:14','2026-01-16 02:16:14'),(445,591,'pokok','deposit',150000.00,'2026-01-02','SAV002','Setoran pokok wajib',NULL,'2026-01-16 02:16:14','2026-01-16 02:16:14'),(446,592,'pokok','deposit',150000.00,'2026-01-02','SAV002','Setoran pokok wajib',NULL,'2026-01-16 02:16:14','2026-01-16 02:16:14'),(447,593,'pokok','deposit',150000.00,'2026-01-02','SAV002','Setoran pokok wajib',NULL,'2026-01-16 02:16:14','2026-01-16 02:16:14'),(448,594,'pokok','deposit',150000.00,'2026-01-02','SAV002','Setoran pokok wajib',NULL,'2026-01-16 02:16:14','2026-01-16 02:16:14'),(449,595,'pokok','deposit',150000.00,'2026-01-02','SAV002','Setoran pokok wajib',NULL,'2026-01-16 02:16:14','2026-01-16 02:16:14'),(450,596,'pokok','deposit',150000.00,'2026-01-02','SAV002','Setoran pokok wajib',NULL,'2026-01-16 02:16:14','2026-01-16 02:16:14'),(451,597,'pokok','deposit',150000.00,'2026-01-02','SAV002','Setoran pokok wajib',NULL,'2026-01-16 02:16:14','2026-01-16 02:16:14'),(452,598,'pokok','deposit',150000.00,'2026-01-02','SAV002','Setoran pokok wajib',NULL,'2026-01-16 02:16:14','2026-01-16 02:16:14'),(453,599,'pokok','deposit',150000.00,'2026-01-02','SAV002','Setoran pokok wajib',NULL,'2026-01-16 02:16:15','2026-01-16 02:16:15'),(454,600,'pokok','deposit',150000.00,'2026-01-02','SAV002','Setoran pokok wajib',NULL,'2026-01-16 02:16:15','2026-01-16 02:16:15'),(455,602,'pokok','deposit',150000.00,'2026-01-02','SAV002','Setoran pokok wajib',NULL,'2026-01-16 02:16:15','2026-01-16 02:16:15'),(456,603,'pokok','deposit',150000.00,'2026-01-02','SAV002','Setoran pokok wajib',NULL,'2026-01-16 02:16:15','2026-01-16 02:16:15'),(457,604,'pokok','deposit',150000.00,'2026-01-02','SAV002','Setoran pokok wajib',NULL,'2026-01-16 02:16:15','2026-01-16 02:16:15'),(458,605,'pokok','deposit',150000.00,'2026-01-02','SAV002','Setoran pokok wajib',NULL,'2026-01-16 02:16:15','2026-01-16 02:16:15'),(459,606,'pokok','deposit',150000.00,'2026-01-02','SAV002','Setoran pokok wajib',NULL,'2026-01-16 02:16:15','2026-01-16 02:16:15'),(460,607,'pokok','deposit',150000.00,'2026-01-02','SAV002','Setoran pokok wajib',NULL,'2026-01-16 02:16:15','2026-01-16 02:16:15'),(461,608,'pokok','deposit',150000.00,'2026-01-02','SAV002','Setoran pokok wajib',NULL,'2026-01-16 02:16:15','2026-01-16 02:16:15'),(462,609,'pokok','deposit',150000.00,'2026-01-02','SAV002','Setoran pokok wajib',NULL,'2026-01-16 02:16:15','2026-01-16 02:16:15'),(463,610,'pokok','deposit',150000.00,'2026-01-02','SAV002','Setoran pokok wajib',NULL,'2026-01-16 02:16:15','2026-01-16 02:16:15'),(464,611,'pokok','deposit',150000.00,'2026-01-02','SAV002','Setoran pokok wajib',NULL,'2026-01-16 02:16:15','2026-01-16 02:16:15'),(465,612,'pokok','deposit',150000.00,'2026-01-02','SAV002','Setoran pokok wajib',NULL,'2026-01-16 02:16:15','2026-01-16 02:16:15'),(466,613,'pokok','deposit',150000.00,'2026-01-02','SAV002','Setoran pokok wajib',NULL,'2026-01-16 02:16:15','2026-01-16 02:16:15'),(467,614,'pokok','deposit',150000.00,'2026-01-02','SAV002','Setoran pokok wajib',NULL,'2026-01-16 02:16:15','2026-01-16 02:16:15'),(468,615,'pokok','deposit',150000.00,'2026-01-02','SAV002','Setoran pokok wajib',NULL,'2026-01-16 02:16:15','2026-01-16 02:16:15'),(469,616,'pokok','deposit',150000.00,'2026-01-02','SAV002','Setoran pokok wajib',NULL,'2026-01-16 02:16:15','2026-01-16 02:16:15'),(470,617,'pokok','deposit',150000.00,'2026-01-02','SAV002','Setoran pokok wajib',NULL,'2026-01-16 02:16:15','2026-01-16 02:16:15'),(471,618,'pokok','deposit',150000.00,'2026-01-02','SAV002','Setoran pokok wajib',NULL,'2026-01-16 02:16:15','2026-01-16 02:16:15'),(472,619,'pokok','deposit',150000.00,'2026-01-02','SAV002','Setoran pokok wajib',NULL,'2026-01-16 02:16:15','2026-01-16 02:16:15'),(473,620,'pokok','deposit',150000.00,'2026-01-02','SAV002','Setoran pokok wajib',NULL,'2026-01-16 02:16:15','2026-01-16 02:16:15'),(474,621,'pokok','deposit',150000.00,'2026-01-02','SAV002','Setoran pokok wajib',NULL,'2026-01-16 02:16:15','2026-01-16 02:16:15'),(475,622,'pokok','deposit',150000.00,'2026-01-02','SAV002','Setoran pokok wajib',NULL,'2026-01-16 02:16:15','2026-01-16 02:16:15'),(476,623,'pokok','deposit',150000.00,'2026-01-02','SAV002','Setoran pokok wajib',NULL,'2026-01-16 02:16:15','2026-01-16 02:16:15'),(477,624,'pokok','deposit',150000.00,'2026-01-02','SAV002','Setoran pokok wajib',NULL,'2026-01-16 02:16:15','2026-01-16 02:16:15'),(478,625,'pokok','deposit',150000.00,'2026-01-02','SAV002','Setoran pokok wajib',NULL,'2026-01-16 02:16:15','2026-01-16 02:16:15'),(479,626,'pokok','deposit',150000.00,'2026-01-02','SAV002','Setoran pokok wajib',NULL,'2026-01-16 02:16:15','2026-01-16 02:16:15'),(480,627,'pokok','deposit',150000.00,'2026-01-02','SAV002','Setoran pokok wajib',NULL,'2026-01-16 02:16:15','2026-01-16 02:16:15'),(481,628,'pokok','deposit',150000.00,'2026-01-02','SAV002','Setoran pokok wajib',NULL,'2026-01-16 02:16:15','2026-01-16 02:16:15'),(482,629,'pokok','deposit',150000.00,'2026-01-02','SAV002','Setoran pokok wajib',NULL,'2026-01-16 02:16:15','2026-01-16 02:16:15'),(483,630,'pokok','deposit',150000.00,'2026-01-02','SAV002','Setoran pokok wajib',NULL,'2026-01-16 02:16:15','2026-01-16 02:16:15'),(484,631,'pokok','deposit',150000.00,'2026-01-02','SAV002','Setoran pokok wajib',NULL,'2026-01-16 02:16:15','2026-01-16 02:16:15'),(485,632,'pokok','deposit',150000.00,'2026-01-02','SAV002','Setoran pokok wajib',NULL,'2026-01-16 02:16:15','2026-01-16 02:16:15'),(486,633,'pokok','deposit',150000.00,'2026-01-02','SAV002','Setoran pokok wajib',NULL,'2026-01-16 02:16:15','2026-01-16 02:16:15'),(487,634,'pokok','deposit',150000.00,'2026-01-02','SAV002','Setoran pokok wajib',NULL,'2026-01-16 02:16:15','2026-01-16 02:16:15'),(488,635,'pokok','deposit',150000.00,'2026-01-02','SAV002','Setoran pokok wajib',NULL,'2026-01-16 02:16:15','2026-01-16 02:16:15'),(489,636,'pokok','deposit',150000.00,'2026-01-02','SAV002','Setoran pokok wajib',NULL,'2026-01-16 02:16:15','2026-01-16 02:16:15'),(490,637,'pokok','deposit',150000.00,'2026-01-02','SAV002','Setoran pokok wajib',NULL,'2026-01-16 02:16:15','2026-01-16 02:16:15'),(491,638,'pokok','deposit',150000.00,'2026-01-02','SAV002','Setoran pokok wajib',NULL,'2026-01-16 02:16:15','2026-01-16 02:16:15'),(492,639,'pokok','deposit',150000.00,'2026-01-02','SAV002','Setoran pokok wajib',NULL,'2026-01-16 02:16:15','2026-01-16 02:16:15'),(493,640,'pokok','deposit',150000.00,'2026-01-02','SAV002','Setoran pokok wajib',NULL,'2026-01-16 02:16:15','2026-01-16 02:16:15'),(494,641,'pokok','deposit',150000.00,'2026-01-02','SAV002','Setoran pokok wajib',NULL,'2026-01-16 02:16:15','2026-01-16 02:16:15'),(495,642,'pokok','deposit',150000.00,'2026-01-02','SAV002','Setoran pokok wajib',NULL,'2026-01-16 02:16:15','2026-01-16 02:16:15'),(496,643,'pokok','deposit',150000.00,'2026-01-02','SAV002','Setoran pokok wajib',NULL,'2026-01-16 02:16:15','2026-01-16 02:16:15'),(497,644,'pokok','deposit',150000.00,'2026-01-02','SAV002','Setoran pokok wajib',NULL,'2026-01-16 02:16:15','2026-01-16 02:16:15'),(498,645,'pokok','deposit',150000.00,'2026-01-02','SAV002','Setoran pokok wajib',NULL,'2026-01-16 02:16:15','2026-01-16 02:16:15'),(499,646,'pokok','deposit',150000.00,'2026-01-02','SAV002','Setoran pokok wajib',NULL,'2026-01-16 02:16:15','2026-01-16 02:16:15'),(500,647,'pokok','deposit',150000.00,'2026-01-02','SAV002','Setoran pokok wajib',NULL,'2026-01-16 02:16:15','2026-01-16 02:16:15'),(501,648,'pokok','deposit',150000.00,'2026-01-02','SAV002','Setoran pokok wajib',NULL,'2026-01-16 02:16:15','2026-01-16 02:16:15'),(502,649,'pokok','deposit',150000.00,'2026-01-02','SAV002','Setoran pokok wajib',NULL,'2026-01-16 02:16:15','2026-01-16 02:16:15'),(503,650,'pokok','deposit',150000.00,'2026-01-02','SAV002','Setoran pokok wajib',NULL,'2026-01-16 02:16:15','2026-01-16 02:16:15'),(504,651,'pokok','deposit',150000.00,'2026-01-02','SAV002','Setoran pokok wajib',NULL,'2026-01-16 02:16:15','2026-01-16 02:16:15'),(505,652,'pokok','deposit',150000.00,'2026-01-02','SAV002','Setoran pokok wajib',NULL,'2026-01-16 02:16:15','2026-01-16 02:16:15'),(506,653,'pokok','deposit',150000.00,'2026-01-02','SAV002','Setoran pokok wajib',NULL,'2026-01-16 02:16:15','2026-01-16 02:16:15'),(507,654,'pokok','deposit',150000.00,'2026-01-02','SAV002','Setoran pokok wajib',NULL,'2026-01-16 02:16:15','2026-01-16 02:16:15'),(508,655,'pokok','deposit',150000.00,'2026-01-02','SAV002','Setoran pokok wajib',NULL,'2026-01-16 02:16:15','2026-01-16 02:16:15'),(509,656,'pokok','deposit',150000.00,'2026-01-02','SAV002','Setoran pokok wajib',NULL,'2026-01-16 02:16:15','2026-01-16 02:16:15'),(510,657,'pokok','deposit',150000.00,'2026-01-02','SAV002','Setoran pokok wajib',NULL,'2026-01-16 02:16:15','2026-01-16 02:16:15'),(511,658,'pokok','deposit',150000.00,'2026-01-02','SAV002','Setoran pokok wajib',NULL,'2026-01-16 02:16:15','2026-01-16 02:16:15'),(512,555,'wajib','deposit',100000.00,'2026-01-02','SAV002','Setoran Wajib Januari 2026',NULL,'2026-01-16 02:16:15','2026-01-16 02:16:15'),(513,556,'wajib','deposit',100000.00,'2026-01-02','SAV002','Setoran Wajib Januari 2026',NULL,'2026-01-16 02:16:15','2026-01-16 02:16:15'),(514,557,'wajib','deposit',100000.00,'2026-01-02','SAV002','Setoran Wajib Januari 2026',NULL,'2026-01-16 02:16:15','2026-01-16 02:16:15'),(515,558,'wajib','deposit',100000.00,'2026-01-02','SAV002','Setoran Wajib Januari 2026',NULL,'2026-01-16 02:16:15','2026-01-16 02:16:15'),(516,559,'wajib','deposit',100000.00,'2026-01-02','SAV002','Setoran Wajib Januari 2026',NULL,'2026-01-16 02:16:15','2026-01-16 02:16:15'),(517,560,'wajib','deposit',100000.00,'2026-01-02','SAV002','Setoran Wajib Januari 2026',NULL,'2026-01-16 02:16:15','2026-01-16 02:16:15'),(518,561,'wajib','deposit',100000.00,'2026-01-02','SAV002','Setoran Wajib Januari 2026',NULL,'2026-01-16 02:16:15','2026-01-16 02:16:15'),(519,562,'wajib','deposit',100000.00,'2026-01-02','SAV002','Setoran Wajib Januari 2026',NULL,'2026-01-16 02:16:15','2026-01-16 02:16:15'),(520,563,'wajib','deposit',100000.00,'2026-01-02','SAV002','Setoran Wajib Januari 2026',NULL,'2026-01-16 02:16:15','2026-01-16 02:16:15'),(521,564,'wajib','deposit',100000.00,'2026-01-02','SAV002','Setoran Wajib Januari 2026',NULL,'2026-01-16 02:16:15','2026-01-16 02:16:15'),(522,566,'wajib','deposit',100000.00,'2026-01-02','SAV002','Setoran Wajib Januari 2026',NULL,'2026-01-16 02:16:15','2026-01-16 02:16:15'),(523,567,'wajib','deposit',100000.00,'2026-01-02','SAV002','Setoran Wajib Januari 2026',NULL,'2026-01-16 02:16:15','2026-01-16 02:16:15'),(524,568,'wajib','deposit',100000.00,'2026-01-02','SAV002','Setoran Wajib Januari 2026',NULL,'2026-01-16 02:16:15','2026-01-16 02:16:15'),(525,569,'wajib','deposit',100000.00,'2026-01-02','SAV002','Setoran Wajib Januari 2026',NULL,'2026-01-16 02:16:15','2026-01-16 02:16:15'),(526,570,'wajib','deposit',100000.00,'2026-01-02','SAV002','Setoran Wajib Januari 2026',NULL,'2026-01-16 02:16:15','2026-01-16 02:16:15'),(527,571,'wajib','deposit',100000.00,'2026-01-02','SAV002','Setoran Wajib Januari 2026',NULL,'2026-01-16 02:16:16','2026-01-16 02:16:16'),(528,572,'wajib','deposit',100000.00,'2026-01-02','SAV002','Setoran Wajib Januari 2026',NULL,'2026-01-16 02:16:16','2026-01-16 02:16:16'),(529,573,'wajib','deposit',100000.00,'2026-01-02','SAV002','Setoran Wajib Januari 2026',NULL,'2026-01-16 02:16:16','2026-01-16 02:16:16'),(530,574,'wajib','deposit',100000.00,'2026-01-02','SAV002','Setoran Wajib Januari 2026',NULL,'2026-01-16 02:16:16','2026-01-16 02:16:16'),(531,575,'wajib','deposit',100000.00,'2026-01-02','SAV002','Setoran Wajib Januari 2026',NULL,'2026-01-16 02:16:16','2026-01-16 02:16:16'),(532,576,'wajib','deposit',100000.00,'2026-01-02','SAV002','Setoran Wajib Januari 2026',NULL,'2026-01-16 02:16:16','2026-01-16 02:16:16'),(533,577,'wajib','deposit',100000.00,'2026-01-02','SAV002','Setoran Wajib Januari 2026',NULL,'2026-01-16 02:16:16','2026-01-16 02:16:16'),(534,578,'wajib','deposit',100000.00,'2026-01-02','SAV002','Setoran Wajib Januari 2026',NULL,'2026-01-16 02:16:16','2026-01-16 02:16:16'),(535,579,'wajib','deposit',100000.00,'2026-01-02','SAV002','Setoran Wajib Januari 2026',NULL,'2026-01-16 02:16:16','2026-01-16 02:16:16'),(536,580,'wajib','deposit',100000.00,'2026-01-02','SAV002','Setoran Wajib Januari 2026',NULL,'2026-01-16 02:16:16','2026-01-16 02:16:16'),(537,581,'wajib','deposit',100000.00,'2026-01-02','SAV002','Setoran Wajib Januari 2026',NULL,'2026-01-16 02:16:16','2026-01-16 02:16:16'),(538,582,'wajib','deposit',100000.00,'2026-01-02','SAV002','Setoran Wajib Januari 2026',NULL,'2026-01-16 02:16:16','2026-01-16 02:16:16'),(539,583,'wajib','deposit',100000.00,'2026-01-02','SAV002','Setoran Wajib Januari 2026',NULL,'2026-01-16 02:16:16','2026-01-16 02:16:16'),(540,584,'wajib','deposit',100000.00,'2026-01-02','SAV002','Setoran Wajib Januari 2026',NULL,'2026-01-16 02:16:16','2026-01-16 02:16:16'),(541,585,'wajib','deposit',100000.00,'2026-01-02','SAV002','Setoran Wajib Januari 2026',NULL,'2026-01-16 02:16:16','2026-01-16 02:16:16'),(542,586,'wajib','deposit',100000.00,'2026-01-02','SAV002','Setoran Wajib Januari 2026',NULL,'2026-01-16 02:16:16','2026-01-16 02:16:16'),(543,587,'wajib','deposit',100000.00,'2026-01-02','SAV002','Setoran Wajib Januari 2026',NULL,'2026-01-16 02:16:16','2026-01-16 02:16:16'),(544,588,'wajib','deposit',100000.00,'2026-01-02','SAV002','Setoran Wajib Januari 2026',NULL,'2026-01-16 02:16:16','2026-01-16 02:16:16'),(545,589,'wajib','deposit',100000.00,'2026-01-02','SAV002','Setoran Wajib Januari 2026',NULL,'2026-01-16 02:16:16','2026-01-16 02:16:16'),(546,590,'wajib','deposit',100000.00,'2026-01-02','SAV002','Setoran Wajib Januari 2026',NULL,'2026-01-16 02:16:16','2026-01-16 02:16:16'),(547,591,'wajib','deposit',100000.00,'2026-01-02','SAV002','Setoran Wajib Januari 2026',NULL,'2026-01-16 02:16:16','2026-01-16 02:16:16'),(548,592,'wajib','deposit',100000.00,'2026-01-02','SAV002','Setoran Wajib Januari 2026',NULL,'2026-01-16 02:16:16','2026-01-16 02:16:16'),(549,593,'wajib','deposit',100000.00,'2026-01-02','SAV002','Setoran Wajib Januari 2026',NULL,'2026-01-16 02:16:16','2026-01-16 02:16:16'),(550,594,'wajib','deposit',100000.00,'2026-01-02','SAV002','Setoran Wajib Januari 2026',NULL,'2026-01-16 02:16:16','2026-01-16 02:16:16'),(551,595,'wajib','deposit',100000.00,'2026-01-02','SAV002','Setoran Wajib Januari 2026',NULL,'2026-01-16 02:16:16','2026-01-16 02:16:16'),(552,596,'wajib','deposit',100000.00,'2026-01-02','SAV002','Setoran Wajib Januari 2026',NULL,'2026-01-16 02:16:16','2026-01-16 02:16:16'),(553,597,'wajib','deposit',100000.00,'2026-01-02','SAV002','Setoran Wajib Januari 2026',NULL,'2026-01-16 02:16:16','2026-01-16 02:16:16'),(554,598,'wajib','deposit',100000.00,'2026-01-02','SAV002','Setoran Wajib Januari 2026',NULL,'2026-01-16 02:16:16','2026-01-16 02:16:16'),(555,599,'wajib','deposit',100000.00,'2026-01-02','SAV002','Setoran Wajib Januari 2026',NULL,'2026-01-16 02:16:16','2026-01-16 02:16:16'),(556,600,'wajib','deposit',100000.00,'2026-01-02','SAV002','Setoran Wajib Januari 2026',NULL,'2026-01-16 02:16:16','2026-01-16 02:16:16'),(557,602,'wajib','deposit',100000.00,'2026-01-02','SAV002','Setoran Wajib Januari 2026',NULL,'2026-01-16 02:16:16','2026-01-16 02:16:16'),(558,603,'wajib','deposit',100000.00,'2026-01-02','SAV002','Setoran Wajib Januari 2026',NULL,'2026-01-16 02:16:16','2026-01-16 02:16:16'),(559,604,'wajib','deposit',100000.00,'2026-01-02','SAV002','Setoran Wajib Januari 2026',NULL,'2026-01-16 02:16:16','2026-01-16 02:16:16'),(560,605,'wajib','deposit',100000.00,'2026-01-02','SAV002','Setoran Wajib Januari 2026',NULL,'2026-01-16 02:16:16','2026-01-16 02:16:16'),(561,606,'wajib','deposit',100000.00,'2026-01-02','SAV002','Setoran Wajib Januari 2026',NULL,'2026-01-16 02:16:16','2026-01-16 02:16:16'),(562,607,'wajib','deposit',100000.00,'2026-01-02','SAV002','Setoran Wajib Januari 2026',NULL,'2026-01-16 02:16:16','2026-01-16 02:16:16'),(563,608,'wajib','deposit',100000.00,'2026-01-02','SAV002','Setoran Wajib Januari 2026',NULL,'2026-01-16 02:16:16','2026-01-16 02:16:16'),(564,609,'wajib','deposit',100000.00,'2026-01-02','SAV002','Setoran Wajib Januari 2026',NULL,'2026-01-16 02:16:16','2026-01-16 02:16:16'),(565,610,'wajib','deposit',100000.00,'2026-01-02','SAV002','Setoran Wajib Januari 2026',NULL,'2026-01-16 02:16:16','2026-01-16 02:16:16'),(566,611,'wajib','deposit',100000.00,'2026-01-02','SAV002','Setoran Wajib Januari 2026',NULL,'2026-01-16 02:16:16','2026-01-16 02:16:16'),(567,612,'wajib','deposit',100000.00,'2026-01-02','SAV002','Setoran Wajib Januari 2026',NULL,'2026-01-16 02:16:16','2026-01-16 02:16:16'),(568,613,'wajib','deposit',100000.00,'2026-01-02','SAV002','Setoran Wajib Januari 2026',NULL,'2026-01-16 02:16:16','2026-01-16 02:16:16'),(569,614,'wajib','deposit',100000.00,'2026-01-02','SAV002','Setoran Wajib Januari 2026',NULL,'2026-01-16 02:16:16','2026-01-16 02:16:16'),(570,615,'wajib','deposit',100000.00,'2026-01-02','SAV002','Setoran Wajib Januari 2026',NULL,'2026-01-16 02:16:16','2026-01-16 02:16:16'),(571,616,'wajib','deposit',100000.00,'2026-01-02','SAV002','Setoran Wajib Januari 2026',NULL,'2026-01-16 02:16:16','2026-01-16 02:16:16'),(572,617,'wajib','deposit',100000.00,'2026-01-02','SAV002','Setoran Wajib Januari 2026',NULL,'2026-01-16 02:16:16','2026-01-16 02:16:16'),(573,618,'wajib','deposit',100000.00,'2026-01-02','SAV002','Setoran Wajib Januari 2026',NULL,'2026-01-16 02:16:16','2026-01-16 02:16:16'),(574,619,'wajib','deposit',100000.00,'2026-01-02','SAV002','Setoran Wajib Januari 2026',NULL,'2026-01-16 02:16:16','2026-01-16 02:16:16'),(575,620,'wajib','deposit',100000.00,'2026-01-02','SAV002','Setoran Wajib Januari 2026',NULL,'2026-01-16 02:16:16','2026-01-16 02:16:16'),(576,621,'wajib','deposit',100000.00,'2026-01-02','SAV002','Setoran Wajib Januari 2026',NULL,'2026-01-16 02:16:16','2026-01-16 02:16:16'),(577,622,'wajib','deposit',100000.00,'2026-01-02','SAV002','Setoran Wajib Januari 2026',NULL,'2026-01-16 02:16:16','2026-01-16 02:16:16'),(578,623,'wajib','deposit',100000.00,'2026-01-02','SAV002','Setoran Wajib Januari 2026',NULL,'2026-01-16 02:16:16','2026-01-16 02:16:16'),(579,624,'wajib','deposit',100000.00,'2026-01-02','SAV002','Setoran Wajib Januari 2026',NULL,'2026-01-16 02:16:16','2026-01-16 02:16:16'),(580,625,'wajib','deposit',100000.00,'2026-01-02','SAV002','Setoran Wajib Januari 2026',NULL,'2026-01-16 02:16:16','2026-01-16 02:16:16'),(581,626,'wajib','deposit',100000.00,'2026-01-02','SAV002','Setoran Wajib Januari 2026',NULL,'2026-01-16 02:16:16','2026-01-16 02:16:16'),(582,627,'wajib','deposit',100000.00,'2026-01-02','SAV002','Setoran Wajib Januari 2026',NULL,'2026-01-16 02:16:16','2026-01-16 02:16:16'),(583,628,'wajib','deposit',100000.00,'2026-01-02','SAV002','Setoran Wajib Januari 2026',NULL,'2026-01-16 02:16:16','2026-01-16 02:16:16'),(584,629,'wajib','deposit',100000.00,'2026-01-02','SAV002','Setoran Wajib Januari 2026',NULL,'2026-01-16 02:16:16','2026-01-16 02:16:16'),(585,630,'wajib','deposit',100000.00,'2026-01-02','SAV002','Setoran Wajib Januari 2026',NULL,'2026-01-16 02:16:16','2026-01-16 02:16:16'),(586,631,'wajib','deposit',100000.00,'2026-01-02','SAV002','Setoran Wajib Januari 2026',NULL,'2026-01-16 02:16:16','2026-01-16 02:16:16'),(587,632,'wajib','deposit',100000.00,'2026-01-02','SAV002','Setoran Wajib Januari 2026',NULL,'2026-01-16 02:16:16','2026-01-16 02:16:16'),(588,633,'wajib','deposit',100000.00,'2026-01-02','SAV002','Setoran Wajib Januari 2026',NULL,'2026-01-16 02:16:16','2026-01-16 02:16:16'),(589,634,'wajib','deposit',100000.00,'2026-01-02','SAV002','Setoran Wajib Januari 2026',NULL,'2026-01-16 02:16:16','2026-01-16 02:16:16'),(590,635,'wajib','deposit',100000.00,'2026-01-02','SAV002','Setoran Wajib Januari 2026',NULL,'2026-01-16 02:16:16','2026-01-16 02:16:16'),(591,636,'wajib','deposit',100000.00,'2026-01-02','SAV002','Setoran Wajib Januari 2026',NULL,'2026-01-16 02:16:16','2026-01-16 02:16:16'),(592,637,'wajib','deposit',100000.00,'2026-01-02','SAV002','Setoran Wajib Januari 2026',NULL,'2026-01-16 02:16:16','2026-01-16 02:16:16'),(593,638,'wajib','deposit',100000.00,'2026-01-02','SAV002','Setoran Wajib Januari 2026',NULL,'2026-01-16 02:16:16','2026-01-16 02:16:16'),(594,639,'wajib','deposit',100000.00,'2026-01-02','SAV002','Setoran Wajib Januari 2026',NULL,'2026-01-16 02:16:16','2026-01-16 02:16:16'),(595,640,'wajib','deposit',100000.00,'2026-01-02','SAV002','Setoran Wajib Januari 2026',NULL,'2026-01-16 02:16:16','2026-01-16 02:16:16'),(596,641,'wajib','deposit',100000.00,'2026-01-02','SAV002','Setoran Wajib Januari 2026',NULL,'2026-01-16 02:16:16','2026-01-16 02:16:16'),(597,642,'wajib','deposit',100000.00,'2026-01-02','SAV002','Setoran Wajib Januari 2026',NULL,'2026-01-16 02:16:16','2026-01-16 02:16:16'),(598,643,'wajib','deposit',100000.00,'2026-01-02','SAV002','Setoran Wajib Januari 2026',NULL,'2026-01-16 02:16:16','2026-01-16 02:16:16'),(599,644,'wajib','deposit',100000.00,'2026-01-02','SAV002','Setoran Wajib Januari 2026',NULL,'2026-01-16 02:16:16','2026-01-16 02:16:16'),(600,645,'wajib','deposit',100000.00,'2026-01-02','SAV002','Setoran Wajib Januari 2026',NULL,'2026-01-16 02:16:16','2026-01-16 02:16:16'),(601,646,'wajib','deposit',100000.00,'2026-01-02','SAV002','Setoran Wajib Januari 2026',NULL,'2026-01-16 02:16:17','2026-01-16 02:16:17'),(602,647,'wajib','deposit',100000.00,'2026-01-02','SAV002','Setoran Wajib Januari 2026',NULL,'2026-01-16 02:16:17','2026-01-16 02:16:17'),(603,648,'wajib','deposit',100000.00,'2026-01-02','SAV002','Setoran Wajib Januari 2026',NULL,'2026-01-16 02:16:17','2026-01-16 02:16:17'),(604,649,'wajib','deposit',100000.00,'2026-01-02','SAV002','Setoran Wajib Januari 2026',NULL,'2026-01-16 02:16:17','2026-01-16 02:16:17'),(605,650,'wajib','deposit',100000.00,'2026-01-02','SAV002','Setoran Wajib Januari 2026',NULL,'2026-01-16 02:16:17','2026-01-16 02:16:17'),(606,651,'wajib','deposit',100000.00,'2026-01-02','SAV002','Setoran Wajib Januari 2026',NULL,'2026-01-16 02:16:17','2026-01-16 02:16:17'),(607,652,'wajib','deposit',100000.00,'2026-01-02','SAV002','Setoran Wajib Januari 2026',NULL,'2026-01-16 02:16:17','2026-01-16 02:16:17'),(608,653,'wajib','deposit',100000.00,'2026-01-02','SAV002','Setoran Wajib Januari 2026',NULL,'2026-01-16 02:16:17','2026-01-16 02:16:17'),(609,654,'wajib','deposit',100000.00,'2026-01-02','SAV002','Setoran Wajib Januari 2026',NULL,'2026-01-16 02:16:17','2026-01-16 02:16:17'),(610,655,'wajib','deposit',100000.00,'2026-01-02','SAV002','Setoran Wajib Januari 2026',NULL,'2026-01-16 02:16:17','2026-01-16 02:16:17'),(611,656,'wajib','deposit',100000.00,'2026-01-02','SAV002','Setoran Wajib Januari 2026',NULL,'2026-01-16 02:16:17','2026-01-16 02:16:17'),(612,657,'wajib','deposit',100000.00,'2026-01-02','SAV002','Setoran Wajib Januari 2026',NULL,'2026-01-16 02:16:17','2026-01-16 02:16:17'),(613,658,'wajib','deposit',100000.00,'2026-01-02','SAV002','Setoran Wajib Januari 2026',NULL,'2026-01-16 02:16:17','2026-01-16 02:16:17'),(617,555,'sukarela','deposit',80000.00,'2026-01-16','SAV-NGAFIF-001','Settlement Konsinyasi #STL-NGAFIF-001',1,'2026-01-16 04:45:48','2026-01-16 04:45:48'),(618,556,'sukarela','deposit',100000.00,'2026-01-16','SMP202601160001','Bagi Hasil Konsinyasi (Settlement #CS-20260116-8954)',556,'2026-01-16 04:52:57','2026-01-16 04:52:57');
/*!40000 ALTER TABLE `savings` ENABLE KEYS */;
UNLOCK TABLES;

--
-- Table structure for table `sessions`
--

DROP TABLE IF EXISTS `sessions`;
/*!40101 SET @saved_cs_client     = @@character_set_client */;
/*!50503 SET character_set_client = utf8mb4 */;
CREATE TABLE `sessions` (
  `id` varchar(255) CHARACTER SET utf8mb4 COLLATE utf8mb4_unicode_ci NOT NULL,
  `user_id` bigint unsigned DEFAULT NULL,
  `ip_address` varchar(45) CHARACTER SET utf8mb4 COLLATE utf8mb4_unicode_ci DEFAULT NULL,
  `user_agent` text CHARACTER SET utf8mb4 COLLATE utf8mb4_unicode_ci,
  `payload` longtext CHARACTER SET utf8mb4 COLLATE utf8mb4_unicode_ci NOT NULL,
  `last_activity` int NOT NULL,
  PRIMARY KEY (`id`),
  KEY `sessions_user_id_index` (`user_id`),
  KEY `sessions_last_activity_index` (`last_activity`)
) ENGINE=InnoDB DEFAULT CHARSET=utf8mb4 COLLATE=utf8mb4_unicode_ci;
/*!40101 SET character_set_client = @saved_cs_client */;

--
-- Dumping data for table `sessions`
--

LOCK TABLES `sessions` WRITE;
/*!40000 ALTER TABLE `sessions` DISABLE KEYS */;
INSERT INTO `sessions` VALUES ('AZ9LhIuPMutnYasEATXf0nOQ0HgQxVblovQc7tkZ',1,'66.96.225.125','Mozilla/5.0 (Windows NT 10.0; Win64; x64) AppleWebKit/537.36 (KHTML, like Gecko) Chrome/143.0.0.0 Safari/537.36','YTo1OntzOjY6Il90b2tlbiI7czo0MDoiSU5EUGxpdXVDZWZZRjJjRlM4MFRwRjdvc0J3Q0gzNFVGc2Q0OUQ5TSI7czo5OiJfcHJldmlvdXMiO2E6Mjp7czozOiJ1cmwiO3M6NDI6Imh0dHBzOi8va29wZXJhc2kubnNwLm15LmlkL3NldHRpbmdzL2JhY2t1cCI7czo1OiJyb3V0ZSI7czoxNToic2V0dGluZ3MuYmFja3VwIjt9czo2OiJfZmxhc2giO2E6Mjp7czozOiJvbGQiO2E6MDp7fXM6MzoibmV3IjthOjA6e319czo1MDoibG9naW5fd2ViXzU5YmEzNmFkZGMyYjJmOTQwMTU4MGYwMTRjN2Y1OGVhNGUzMDk4OWQiO2k6MTtzOjY6ImxvY2FsZSI7czoyOiJpZCI7fQ==',1768709908),('j0igLfWuohOaSsBmm3cAplOsi8AY6dJHXlnbfqBw',NULL,'127.0.0.1','Mozilla/5.0 (Windows NT 10.0; Win64; x64) AppleWebKit/537.36 (KHTML, like Gecko) Chrome/143.0.0.0 Safari/537.36','YTozOntzOjY6Il90b2tlbiI7czo0MDoiU3JVZ0dZSHNPdmIzNDZpWEc0dmcwcVdwYVVzSDBCaThpQVY3c0Z1RyI7czo2OiJfZmxhc2giO2E6Mjp7czozOiJvbGQiO2E6MDp7fXM6MzoibmV3IjthOjA6e319czo5OiJfcHJldmlvdXMiO2E6Mjp7czozOiJ1cmwiO3M6MzY6Imh0dHA6Ly9rb3BlcmFzaS50ZXN0L2ZvcmdvdC1wYXNzd29yZCI7czo1OiJyb3V0ZSI7czoxNjoicGFzc3dvcmQucmVxdWVzdCI7fX0=',1768709091),('lgrzanw6GvTUy0uY11rEs5M9lQMNcgoqHhNusKG8',NULL,'2402:8780:102a:9a5d:ebac:ea0f:28d8:c60f','Mozilla/5.0 (Linux; Android 10; K) AppleWebKit/537.36 (KHTML, like Gecko) Chrome/143.0.0.0 Mobile Safari/537.36','YTo0OntzOjY6Il90b2tlbiI7czo0MDoiVlFJNk0wWHlSSlFneVZQMnFuS2JQRGhlUG5ybnRJRUl3WGd2N3dlRyI7czo2OiJfZmxhc2giO2E6Mjp7czozOiJvbGQiO2E6MDp7fXM6MzoibmV3IjthOjA6e319czo5OiJfcHJldmlvdXMiO2E6Mjp7czozOiJ1cmwiO3M6MzI6Imh0dHBzOi8va29wZXJhc2kubnNwLm15LmlkL2xvZ2luIjtzOjU6InJvdXRlIjtzOjU6ImxvZ2luIjt9czozOiJ1cmwiO2E6MTp7czo4OiJpbnRlbmRlZCI7czozMDoiaHR0cHM6Ly9rb3BlcmFzaS5uc3AubXkuaWQvdWF0Ijt9fQ==',1768704750);
/*!40000 ALTER TABLE `sessions` ENABLE KEYS */;
UNLOCK TABLES;

--
-- Table structure for table `settings`
--

DROP TABLE IF EXISTS `settings`;
/*!40101 SET @saved_cs_client     = @@character_set_client */;
/*!50503 SET character_set_client = utf8mb4 */;
CREATE TABLE `settings` (
  `id` bigint unsigned NOT NULL AUTO_INCREMENT,
  `key` varchar(255) CHARACTER SET utf8mb4 COLLATE utf8mb4_unicode_ci NOT NULL,
  `value` text CHARACTER SET utf8mb4 COLLATE utf8mb4_unicode_ci,
  `group` varchar(255) CHARACTER SET utf8mb4 COLLATE utf8mb4_unicode_ci NOT NULL DEFAULT 'general',
  `type` varchar(255) CHARACTER SET utf8mb4 COLLATE utf8mb4_unicode_ci NOT NULL DEFAULT 'text',
  `description` text CHARACTER SET utf8mb4 COLLATE utf8mb4_unicode_ci,
  `created_at` timestamp NULL DEFAULT NULL,
  `updated_at` timestamp NULL DEFAULT NULL,
  PRIMARY KEY (`id`),
  UNIQUE KEY `settings_key_unique` (`key`)
) ENGINE=InnoDB AUTO_INCREMENT=65 DEFAULT CHARSET=utf8mb4 COLLATE=utf8mb4_unicode_ci;
/*!40101 SET character_set_client = @saved_cs_client */;

--
-- Dumping data for table `settings`
--

LOCK TABLES `settings` WRITE;
/*!40000 ALTER TABLE `settings` DISABLE KEYS */;
INSERT INTO `settings` VALUES (1,'coop_name','KOPERASI SKF','general','text','Nama Koperasi','2025-12-22 09:38:00','2025-12-22 10:29:06'),(2,'coop_address','Karawang, Jawa Barat','general','text','Alamat Koperasi','2025-12-22 09:38:00','2025-12-22 09:38:00'),(3,'coop_phone','081285468206','general','text','Nomor Telepon','2025-12-22 09:38:00','2025-12-22 18:28:09'),(4,'coop_email','spindo.skf@spindo.co.id','general','text','Email Koperasi','2025-12-22 09:38:00','2025-12-22 18:28:09'),(5,'simpanan_pokok_amount','100000','savings','number','Jumlah Simpanan Pokok','2025-12-22 09:38:00','2025-12-22 09:38:00'),(6,'simpanan_wajib_amount','50000','savings','number','Jumlah Simpanan Wajib Bulanan','2025-12-22 09:38:00','2025-12-22 09:38:00'),(7,'loan_interest_rate','1','loan','number','Bunga Pinjaman per Bulan (%)','2025-12-22 09:38:00','2025-12-22 09:38:00'),(8,'max_loan_amount','50000000','loan','number','Maksimal Jumlah Pinjaman','2025-12-22 09:38:00','2025-12-22 09:38:00'),(9,'max_loan_duration','24','loan','number','Maksimal Tenor Pinjaman (bulan)','2025-12-22 09:38:00','2025-12-22 09:38:00'),(10,'shu_jasa_simpanan','30','shu','number','Persentase SHU untuk Jasa Simpanan (%)','2025-12-22 09:38:00','2025-12-22 09:38:00'),(11,'shu_jasa_pinjaman','20','shu','number','Persentase SHU untuk Jasa Pinjaman (%)','2025-12-22 09:38:00','2025-12-22 09:38:00'),(12,'point_earn_rate','1000','general','number','Kelipatan belanja untuk 1 poin (Rp)','2025-12-22 09:38:00','2026-01-16 01:54:20'),(13,'point_conversion_rate','1','general','number','Nilai tukar 1 poin ke Rupiah','2025-12-22 09:38:00','2026-01-16 01:54:20'),(14,'app_url','https://koperasi.nsp.my.id','general','text',NULL,'2025-12-22 10:29:06','2025-12-22 18:28:09'),(15,'saving_principal','150000','savings','text',NULL,'2025-12-22 10:29:06','2025-12-22 18:28:25'),(16,'saving_mandatory','100000','savings','text',NULL,'2025-12-22 10:29:06','2025-12-22 18:28:50'),(17,'default_credit_limit','500000','general','text',NULL,'2025-12-22 10:29:06','2025-12-22 10:29:06'),(18,'loan_interest_regular','1','loan','text',NULL,'2025-12-22 10:29:06','2026-01-18 03:43:59'),(19,'loan_max_duration','12','loan','text',NULL,'2025-12-22 10:29:06','2026-01-18 03:43:59'),(20,'loan_limit_max','5000000','loan','text',NULL,'2025-12-22 10:29:06','2025-12-22 18:28:50'),(21,'bank_name','BCA','payment','text',NULL,'2025-12-22 10:29:06','2025-12-22 18:28:09'),(22,'bank_account','1092545625','payment','text',NULL,'2025-12-22 10:29:06','2025-12-22 18:28:09'),(23,'bank_holder','Koperasi PT. SPINDO - SKF','payment','text',NULL,'2025-12-22 10:29:06','2025-12-22 18:28:09'),(24,'coop_logo','settings/7oCVUH5SiaVZqnHds4KXxXmLiQo2NGucMfywOiss.png','general','text',NULL,'2025-12-22 16:30:14','2025-12-25 00:37:00'),(25,'payment_qris_image','settings/Jm47xGqBjBJlkhhheo9FfXBb6symnnhXfKdidVcp.png','payment','text',NULL,'2025-12-22 18:28:09','2025-12-25 00:37:00'),(26,'landing_about_image','settings/Ej245gnGhBSTgfvk2zBWfSyjKSYaKaYFM1XNdhlj.jpg','landing','text',NULL,'2025-12-22 20:39:55','2025-12-22 20:39:55'),(27,'landing_hero_title',NULL,'landing','text',NULL,'2025-12-22 20:39:55','2025-12-22 20:39:55'),(28,'landing_hero_subtitle',NULL,'landing','text',NULL,'2025-12-22 20:39:55','2025-12-22 20:39:55'),(29,'landing_feature1_title',NULL,'landing','text',NULL,'2025-12-22 20:39:55','2025-12-22 20:39:55'),(30,'landing_feature1_desc',NULL,'landing','text',NULL,'2025-12-22 20:39:55','2025-12-22 20:39:55'),(31,'landing_feature2_title',NULL,'landing','text',NULL,'2025-12-22 20:39:55','2025-12-22 20:39:55'),(32,'landing_feature2_desc',NULL,'landing','text',NULL,'2025-12-22 20:39:55','2025-12-22 20:39:55'),(33,'landing_feature3_title',NULL,'landing','text',NULL,'2025-12-22 20:39:55','2025-12-22 20:39:55'),(34,'landing_feature3_desc',NULL,'landing','text',NULL,'2025-12-22 20:39:55','2025-12-22 20:39:55'),(35,'landing_about_title',NULL,'landing','text',NULL,'2025-12-22 20:39:55','2025-12-22 20:39:55'),(36,'landing_about_text',NULL,'landing','text',NULL,'2025-12-22 20:39:55','2025-12-22 20:39:55'),(37,'landing_about_highlight1_title',NULL,'landing','text',NULL,'2025-12-22 20:39:55','2025-12-22 20:39:55'),(38,'landing_about_highlight1_desc',NULL,'landing','text',NULL,'2025-12-22 20:39:55','2025-12-22 20:39:55'),(39,'landing_about_highlight2_title',NULL,'landing','text',NULL,'2025-12-22 20:39:55','2025-12-22 20:39:55'),(40,'landing_about_highlight2_desc',NULL,'landing','text',NULL,'2025-12-22 20:39:55','2025-12-22 20:39:55'),(41,'landing_visi',NULL,'landing','text',NULL,'2025-12-22 20:39:55','2025-12-22 20:39:55'),(42,'landing_misi',NULL,'landing','text',NULL,'2025-12-22 20:39:55','2025-12-22 20:39:55'),(43,'landing_program_kerja',NULL,'landing','text',NULL,'2025-12-22 20:39:55','2025-12-22 20:39:55'),(44,'landing_cta_title',NULL,'landing','text',NULL,'2025-12-22 20:39:55','2025-12-22 20:39:55'),(45,'landing_cta_subtitle',NULL,'landing','text',NULL,'2025-12-22 20:39:55','2025-12-22 20:39:55'),(46,'landing_footer_desc',NULL,'landing','text',NULL,'2025-12-22 20:39:55','2025-12-22 20:39:55'),(47,'landing_social_twitter',NULL,'landing','text',NULL,'2025-12-22 20:39:55','2025-12-22 20:39:55'),(48,'landing_social_facebook',NULL,'landing','text',NULL,'2025-12-22 20:39:55','2025-12-22 20:39:55'),(49,'landing_social_instagram',NULL,'landing','text',NULL,'2025-12-22 20:39:55','2025-12-22 20:39:55'),(50,'whatsapp_number','6281119144287','general','text',NULL,'2025-12-23 05:26:15','2025-12-23 05:26:15'),(51,'whatsapp_message','Halo, saya butuh bantuan.','general','text',NULL,'2025-12-23 05:26:15','2025-12-23 05:26:15'),(52,'doc_logo_1','settings/9vCMKB3xWkcBhXP2EXq5Czwqoc5gwNhve005Yu0N.png','document','text',NULL,'2026-01-07 08:10:39','2026-01-07 08:10:39'),(53,'doc_logo_2','settings/XPEDEoe1LXG1cEnZ2Cv18GjvjVSLLm2h0lEDgF0d.png','document','text',NULL,'2026-01-07 08:10:39','2026-01-07 08:10:39'),(54,'inventory_costing_method','last_price','general','text',NULL,'2026-01-16 01:54:20','2026-01-16 01:54:20'),(55,'price_ceiling','500','general','number','Pembulatan harga jual ke kelipatan (Rp)','2026-01-16 19:19:25','2026-01-16 19:30:56'),(56,'default_margin','20','general','number','Default margin persen untuk produk baru','2026-01-16 19:19:25','2026-01-16 19:30:56'),(57,'mail_mailer','smtp','mail','text',NULL,'2026-01-18 03:43:59','2026-01-18 03:43:59'),(58,'mail_host',NULL,'mail','text',NULL,'2026-01-18 03:43:59','2026-01-18 03:43:59'),(59,'mail_port','587','mail','text',NULL,'2026-01-18 03:43:59','2026-01-18 03:43:59'),(60,'mail_encryption','tls','mail','text',NULL,'2026-01-18 03:43:59','2026-01-18 03:43:59'),(61,'mail_username','admin@kopkarskf.com','mail','text',NULL,'2026-01-18 03:43:59','2026-01-18 03:43:59'),(62,'mail_password','YangTauHanyaAdmin','mail','text',NULL,'2026-01-18 03:44:00','2026-01-18 03:44:00'),(63,'mail_from_address','noreply@koperasi.com','mail','text',NULL,'2026-01-18 03:44:00','2026-01-18 03:44:00'),(64,'mail_from_name','Koperasi SKF','mail','text',NULL,'2026-01-18 03:44:00','2026-01-18 03:44:00');
/*!40000 ALTER TABLE `settings` ENABLE KEYS */;
UNLOCK TABLES;

--
-- Table structure for table `shu_distributions`
--

DROP TABLE IF EXISTS `shu_distributions`;
/*!40101 SET @saved_cs_client     = @@character_set_client */;
/*!50503 SET character_set_client = utf8mb4 */;
CREATE TABLE `shu_distributions` (
  `id` bigint unsigned NOT NULL AUTO_INCREMENT,
  `period_year` year NOT NULL,
  `member_id` bigint unsigned NOT NULL,
  `total_savings` decimal(15,2) NOT NULL DEFAULT '0.00',
  `total_transactions` decimal(15,2) NOT NULL DEFAULT '0.00',
  `total_loans` decimal(15,2) NOT NULL DEFAULT '0.00',
  `shu_savings` decimal(15,2) NOT NULL DEFAULT '0.00',
  `shu_transactions` decimal(15,2) NOT NULL DEFAULT '0.00',
  `shu_jasa` decimal(15,2) NOT NULL DEFAULT '0.00',
  `total_shu` decimal(15,2) NOT NULL DEFAULT '0.00',
  `status` enum('calculated','distributed') CHARACTER SET utf8mb4 COLLATE utf8mb4_unicode_ci NOT NULL DEFAULT 'calculated',
  `distributed_at` timestamp NULL DEFAULT NULL,
  `calculated_by` bigint unsigned DEFAULT NULL,
  `created_at` timestamp NULL DEFAULT NULL,
  `updated_at` timestamp NULL DEFAULT NULL,
  PRIMARY KEY (`id`),
  UNIQUE KEY `shu_distributions_period_year_member_id_unique` (`period_year`,`member_id`),
  KEY `shu_distributions_member_id_foreign` (`member_id`),
  KEY `shu_distributions_calculated_by_foreign` (`calculated_by`),
  CONSTRAINT `shu_distributions_calculated_by_foreign` FOREIGN KEY (`calculated_by`) REFERENCES `users` (`id`) ON DELETE SET NULL,
  CONSTRAINT `shu_distributions_member_id_foreign` FOREIGN KEY (`member_id`) REFERENCES `members` (`id`) ON DELETE CASCADE
) ENGINE=InnoDB AUTO_INCREMENT=904 DEFAULT CHARSET=utf8mb4 COLLATE=utf8mb4_unicode_ci;
/*!40101 SET character_set_client = @saved_cs_client */;

--
-- Dumping data for table `shu_distributions`
--

LOCK TABLES `shu_distributions` WRITE;
/*!40000 ALTER TABLE `shu_distributions` DISABLE KEYS */;
INSERT INTO `shu_distributions` VALUES (166,2025,555,600000.00,0.00,0.00,700037.27,0.00,0.00,700037.27,'calculated',NULL,1,'2025-12-29 04:31:32','2025-12-29 04:31:32'),(167,2025,556,0.00,0.00,0.00,0.00,0.00,0.00,0.00,'calculated',NULL,1,'2025-12-29 04:31:32','2025-12-29 04:31:32'),(168,2025,557,0.00,0.00,0.00,0.00,0.00,0.00,0.00,'calculated',NULL,1,'2025-12-29 04:31:32','2025-12-29 04:31:32'),(169,2025,558,0.00,0.00,0.00,0.00,0.00,0.00,0.00,'calculated',NULL,1,'2025-12-29 04:31:32','2025-12-29 04:31:32'),(170,2025,559,0.00,0.00,0.00,0.00,0.00,0.00,0.00,'calculated',NULL,1,'2025-12-29 04:31:32','2025-12-29 04:31:32'),(171,2025,560,0.00,0.00,0.00,0.00,0.00,0.00,0.00,'calculated',NULL,1,'2025-12-29 04:31:32','2025-12-29 04:31:32'),(172,2025,561,0.00,0.00,0.00,0.00,0.00,0.00,0.00,'calculated',NULL,1,'2025-12-29 04:31:32','2025-12-29 04:31:32'),(173,2025,562,0.00,0.00,0.00,0.00,0.00,0.00,0.00,'calculated',NULL,1,'2025-12-29 04:31:32','2025-12-29 04:31:32'),(174,2025,563,0.00,0.00,0.00,0.00,0.00,0.00,0.00,'calculated',NULL,1,'2025-12-29 04:31:32','2025-12-29 04:31:32'),(175,2025,564,0.00,0.00,0.00,0.00,0.00,0.00,0.00,'calculated',NULL,1,'2025-12-29 04:31:32','2025-12-29 04:31:32'),(177,2025,566,0.00,0.00,0.00,0.00,0.00,0.00,0.00,'calculated',NULL,1,'2025-12-29 04:31:32','2025-12-29 04:31:32'),(178,2025,567,0.00,0.00,0.00,0.00,0.00,0.00,0.00,'calculated',NULL,1,'2025-12-29 04:31:32','2025-12-29 04:31:32'),(179,2025,568,0.00,0.00,0.00,0.00,0.00,0.00,0.00,'calculated',NULL,1,'2025-12-29 04:31:32','2025-12-29 04:31:32'),(180,2025,569,0.00,0.00,0.00,0.00,0.00,0.00,0.00,'calculated',NULL,1,'2025-12-29 04:31:32','2025-12-29 04:31:32'),(181,2025,570,0.00,0.00,0.00,0.00,0.00,0.00,0.00,'calculated',NULL,1,'2025-12-29 04:31:32','2025-12-29 04:31:32'),(182,2025,571,0.00,0.00,0.00,0.00,0.00,0.00,0.00,'calculated',NULL,1,'2025-12-29 04:31:32','2025-12-29 04:31:32'),(183,2025,572,0.00,0.00,0.00,0.00,0.00,0.00,0.00,'calculated',NULL,1,'2025-12-29 04:31:32','2025-12-29 04:31:32'),(184,2025,573,0.00,0.00,0.00,0.00,0.00,0.00,0.00,'calculated',NULL,1,'2025-12-29 04:31:32','2025-12-29 04:31:32'),(185,2025,574,0.00,0.00,0.00,0.00,0.00,0.00,0.00,'calculated',NULL,1,'2025-12-29 04:31:32','2025-12-29 04:31:32'),(186,2025,575,0.00,0.00,0.00,0.00,0.00,0.00,0.00,'calculated',NULL,1,'2025-12-29 04:31:32','2025-12-29 04:31:32'),(187,2025,576,0.00,0.00,0.00,0.00,0.00,0.00,0.00,'calculated',NULL,1,'2025-12-29 04:31:32','2025-12-29 04:31:32'),(188,2025,577,0.00,0.00,0.00,0.00,0.00,0.00,0.00,'calculated',NULL,1,'2025-12-29 04:31:32','2025-12-29 04:31:32'),(189,2025,578,0.00,0.00,0.00,0.00,0.00,0.00,0.00,'calculated',NULL,1,'2025-12-29 04:31:32','2025-12-29 04:31:32'),(190,2025,579,0.00,0.00,0.00,0.00,0.00,0.00,0.00,'calculated',NULL,1,'2025-12-29 04:31:32','2025-12-29 04:31:32'),(191,2025,580,0.00,0.00,0.00,0.00,0.00,0.00,0.00,'calculated',NULL,1,'2025-12-29 04:31:32','2025-12-29 04:31:32'),(192,2025,581,0.00,0.00,0.00,0.00,0.00,0.00,0.00,'calculated',NULL,1,'2025-12-29 04:31:32','2025-12-29 04:31:32'),(193,2025,582,0.00,0.00,0.00,0.00,0.00,0.00,0.00,'calculated',NULL,1,'2025-12-29 04:31:32','2025-12-29 04:31:32'),(194,2025,583,0.00,0.00,0.00,0.00,0.00,0.00,0.00,'calculated',NULL,1,'2025-12-29 04:31:32','2025-12-29 04:31:32'),(195,2025,584,0.00,0.00,0.00,0.00,0.00,0.00,0.00,'calculated',NULL,1,'2025-12-29 04:31:33','2025-12-29 04:31:33'),(196,2025,585,0.00,0.00,0.00,0.00,0.00,0.00,0.00,'calculated',NULL,1,'2025-12-29 04:31:33','2025-12-29 04:31:33'),(197,2025,586,0.00,0.00,0.00,0.00,0.00,0.00,0.00,'calculated',NULL,1,'2025-12-29 04:31:33','2025-12-29 04:31:33'),(198,2025,587,0.00,0.00,0.00,0.00,0.00,0.00,0.00,'calculated',NULL,1,'2025-12-29 04:31:33','2025-12-29 04:31:33'),(199,2025,588,0.00,0.00,0.00,0.00,0.00,0.00,0.00,'calculated',NULL,1,'2025-12-29 04:31:33','2025-12-29 04:31:33'),(200,2025,589,0.00,0.00,0.00,0.00,0.00,0.00,0.00,'calculated',NULL,1,'2025-12-29 04:31:33','2025-12-29 04:31:33'),(201,2025,590,0.00,0.00,0.00,0.00,0.00,0.00,0.00,'calculated',NULL,1,'2025-12-29 04:31:33','2025-12-29 04:31:33'),(202,2025,591,0.00,0.00,0.00,0.00,0.00,0.00,0.00,'calculated',NULL,1,'2025-12-29 04:31:33','2025-12-29 04:31:33'),(203,2025,592,0.00,0.00,0.00,0.00,0.00,0.00,0.00,'calculated',NULL,1,'2025-12-29 04:31:33','2025-12-29 04:31:33'),(204,2025,593,0.00,0.00,0.00,0.00,0.00,0.00,0.00,'calculated',NULL,1,'2025-12-29 04:31:33','2025-12-29 04:31:33'),(205,2025,594,0.00,0.00,0.00,0.00,0.00,0.00,0.00,'calculated',NULL,1,'2025-12-29 04:31:33','2025-12-29 04:31:33'),(206,2025,595,0.00,0.00,0.00,0.00,0.00,0.00,0.00,'calculated',NULL,1,'2025-12-29 04:31:33','2025-12-29 04:31:33'),(207,2025,596,0.00,0.00,0.00,0.00,0.00,0.00,0.00,'calculated',NULL,1,'2025-12-29 04:31:33','2025-12-29 04:31:33'),(208,2025,597,0.00,0.00,0.00,0.00,0.00,0.00,0.00,'calculated',NULL,1,'2025-12-29 04:31:33','2025-12-29 04:31:33'),(209,2025,598,0.00,0.00,0.00,0.00,0.00,0.00,0.00,'calculated',NULL,1,'2025-12-29 04:31:33','2025-12-29 04:31:33'),(210,2025,599,0.00,0.00,0.00,0.00,0.00,0.00,0.00,'calculated',NULL,1,'2025-12-29 04:31:33','2025-12-29 04:31:33'),(211,2025,600,0.00,0.00,0.00,0.00,0.00,0.00,0.00,'calculated',NULL,1,'2025-12-29 04:31:33','2025-12-29 04:31:33'),(213,2025,602,0.00,0.00,0.00,0.00,0.00,0.00,0.00,'calculated',NULL,1,'2025-12-29 04:31:33','2025-12-29 04:31:33'),(214,2025,603,0.00,0.00,0.00,0.00,0.00,0.00,0.00,'calculated',NULL,1,'2025-12-29 04:31:33','2025-12-29 04:31:33'),(215,2025,604,0.00,0.00,0.00,0.00,0.00,0.00,0.00,'calculated',NULL,1,'2025-12-29 04:31:33','2025-12-29 04:31:33'),(216,2025,605,0.00,0.00,0.00,0.00,0.00,0.00,0.00,'calculated',NULL,1,'2025-12-29 04:31:33','2025-12-29 04:31:33'),(217,2025,606,0.00,0.00,0.00,0.00,0.00,0.00,0.00,'calculated',NULL,1,'2025-12-29 04:31:33','2025-12-29 04:31:33'),(218,2025,607,0.00,0.00,0.00,0.00,0.00,0.00,0.00,'calculated',NULL,1,'2025-12-29 04:31:33','2025-12-29 04:31:33'),(219,2025,608,0.00,0.00,0.00,0.00,0.00,0.00,0.00,'calculated',NULL,1,'2025-12-29 04:31:33','2025-12-29 04:31:33'),(220,2025,609,0.00,0.00,0.00,0.00,0.00,0.00,0.00,'calculated',NULL,1,'2025-12-29 04:31:33','2025-12-29 04:31:33'),(221,2025,610,0.00,0.00,0.00,0.00,0.00,0.00,0.00,'calculated',NULL,1,'2025-12-29 04:31:33','2025-12-29 04:31:33'),(222,2025,611,0.00,0.00,0.00,0.00,0.00,0.00,0.00,'calculated',NULL,1,'2025-12-29 04:31:33','2025-12-29 04:31:33'),(223,2025,612,0.00,0.00,0.00,0.00,0.00,0.00,0.00,'calculated',NULL,1,'2025-12-29 04:31:33','2025-12-29 04:31:33'),(224,2025,613,0.00,0.00,0.00,0.00,0.00,0.00,0.00,'calculated',NULL,1,'2025-12-29 04:31:33','2025-12-29 04:31:33'),(225,2025,614,0.00,0.00,0.00,0.00,0.00,0.00,0.00,'calculated',NULL,1,'2025-12-29 04:31:33','2025-12-29 04:31:33'),(226,2025,615,0.00,0.00,0.00,0.00,0.00,0.00,0.00,'calculated',NULL,1,'2025-12-29 04:31:33','2025-12-29 04:31:33'),(227,2025,616,0.00,0.00,0.00,0.00,0.00,0.00,0.00,'calculated',NULL,1,'2025-12-29 04:31:33','2025-12-29 04:31:33'),(228,2025,617,0.00,0.00,0.00,0.00,0.00,0.00,0.00,'calculated',NULL,1,'2025-12-29 04:31:33','2025-12-29 04:31:33'),(229,2025,618,0.00,0.00,0.00,0.00,0.00,0.00,0.00,'calculated',NULL,1,'2025-12-29 04:31:33','2025-12-29 04:31:33'),(230,2025,619,0.00,0.00,0.00,0.00,0.00,0.00,0.00,'calculated',NULL,1,'2025-12-29 04:31:33','2025-12-29 04:31:33'),(231,2025,620,0.00,0.00,0.00,0.00,0.00,0.00,0.00,'calculated',NULL,1,'2025-12-29 04:31:33','2025-12-29 04:31:33'),(232,2025,621,0.00,0.00,0.00,0.00,0.00,0.00,0.00,'calculated',NULL,1,'2025-12-29 04:31:33','2025-12-29 04:31:33'),(233,2025,622,0.00,0.00,0.00,0.00,0.00,0.00,0.00,'calculated',NULL,1,'2025-12-29 04:31:33','2025-12-29 04:31:33'),(234,2025,623,0.00,0.00,0.00,0.00,0.00,0.00,0.00,'calculated',NULL,1,'2025-12-29 04:31:33','2025-12-29 04:31:33'),(235,2025,624,0.00,0.00,0.00,0.00,0.00,0.00,0.00,'calculated',NULL,1,'2025-12-29 04:31:33','2025-12-29 04:31:33'),(236,2025,625,0.00,0.00,0.00,0.00,0.00,0.00,0.00,'calculated',NULL,1,'2025-12-29 04:31:33','2025-12-29 04:31:33'),(237,2025,626,0.00,0.00,0.00,0.00,0.00,0.00,0.00,'calculated',NULL,1,'2025-12-29 04:31:33','2025-12-29 04:31:33'),(238,2025,627,0.00,0.00,0.00,0.00,0.00,0.00,0.00,'calculated',NULL,1,'2025-12-29 04:31:33','2025-12-29 04:31:33'),(239,2025,628,0.00,0.00,0.00,0.00,0.00,0.00,0.00,'calculated',NULL,1,'2025-12-29 04:31:33','2025-12-29 04:31:33'),(240,2025,629,0.00,0.00,0.00,0.00,0.00,0.00,0.00,'calculated',NULL,1,'2025-12-29 04:31:33','2025-12-29 04:31:33'),(241,2025,630,0.00,0.00,0.00,0.00,0.00,0.00,0.00,'calculated',NULL,1,'2025-12-29 04:31:33','2025-12-29 04:31:33'),(242,2025,631,0.00,0.00,0.00,0.00,0.00,0.00,0.00,'calculated',NULL,1,'2025-12-29 04:31:33','2025-12-29 04:31:33'),(243,2025,632,0.00,0.00,0.00,0.00,0.00,0.00,0.00,'calculated',NULL,1,'2025-12-29 04:31:33','2025-12-29 04:31:33'),(244,2025,633,0.00,0.00,0.00,0.00,0.00,0.00,0.00,'calculated',NULL,1,'2025-12-29 04:31:33','2025-12-29 04:31:33'),(245,2025,634,0.00,0.00,0.00,0.00,0.00,0.00,0.00,'calculated',NULL,1,'2025-12-29 04:31:33','2025-12-29 04:31:33'),(246,2025,635,0.00,0.00,0.00,0.00,0.00,0.00,0.00,'calculated',NULL,1,'2025-12-29 04:31:33','2025-12-29 04:31:33'),(247,2025,636,0.00,0.00,0.00,0.00,0.00,0.00,0.00,'calculated',NULL,1,'2025-12-29 04:31:33','2025-12-29 04:31:33'),(248,2025,637,0.00,0.00,0.00,0.00,0.00,0.00,0.00,'calculated',NULL,1,'2025-12-29 04:31:33','2025-12-29 04:31:33'),(249,2025,638,0.00,0.00,0.00,0.00,0.00,0.00,0.00,'calculated',NULL,1,'2025-12-29 04:31:33','2025-12-29 04:31:33'),(250,2025,639,0.00,0.00,0.00,0.00,0.00,0.00,0.00,'calculated',NULL,1,'2025-12-29 04:31:33','2025-12-29 04:31:33'),(251,2025,640,0.00,0.00,0.00,0.00,0.00,0.00,0.00,'calculated',NULL,1,'2025-12-29 04:31:33','2025-12-29 04:31:33'),(252,2025,641,0.00,0.00,0.00,0.00,0.00,0.00,0.00,'calculated',NULL,1,'2025-12-29 04:31:33','2025-12-29 04:31:33'),(253,2025,642,0.00,0.00,0.00,0.00,0.00,0.00,0.00,'calculated',NULL,1,'2025-12-29 04:31:33','2025-12-29 04:31:33'),(254,2025,643,0.00,0.00,0.00,0.00,0.00,0.00,0.00,'calculated',NULL,1,'2025-12-29 04:31:33','2025-12-29 04:31:33'),(255,2025,644,0.00,0.00,0.00,0.00,0.00,0.00,0.00,'calculated',NULL,1,'2025-12-29 04:31:33','2025-12-29 04:31:33'),(256,2025,645,0.00,0.00,0.00,0.00,0.00,0.00,0.00,'calculated',NULL,1,'2025-12-29 04:31:33','2025-12-29 04:31:33'),(257,2025,646,0.00,0.00,0.00,0.00,0.00,0.00,0.00,'calculated',NULL,1,'2025-12-29 04:31:33','2025-12-29 04:31:33'),(258,2025,647,0.00,0.00,0.00,0.00,0.00,0.00,0.00,'calculated',NULL,1,'2025-12-29 04:31:33','2025-12-29 04:31:33'),(259,2025,648,0.00,0.00,0.00,0.00,0.00,0.00,0.00,'calculated',NULL,1,'2025-12-29 04:31:33','2025-12-29 04:31:33'),(260,2025,649,0.00,0.00,0.00,0.00,0.00,0.00,0.00,'calculated',NULL,1,'2025-12-29 04:31:33','2025-12-29 04:31:33'),(261,2025,650,0.00,0.00,0.00,0.00,0.00,0.00,0.00,'calculated',NULL,1,'2025-12-29 04:31:33','2025-12-29 04:31:33'),(262,2025,651,0.00,0.00,0.00,0.00,0.00,0.00,0.00,'calculated',NULL,1,'2025-12-29 04:31:33','2025-12-29 04:31:33'),(263,2025,652,0.00,0.00,0.00,0.00,0.00,0.00,0.00,'calculated',NULL,1,'2025-12-29 04:31:33','2025-12-29 04:31:33'),(264,2025,653,0.00,0.00,0.00,0.00,0.00,0.00,0.00,'calculated',NULL,1,'2025-12-29 04:31:33','2025-12-29 04:31:33'),(265,2025,654,0.00,0.00,0.00,0.00,0.00,0.00,0.00,'calculated',NULL,1,'2025-12-29 04:31:33','2025-12-29 04:31:33'),(266,2025,655,0.00,0.00,0.00,0.00,0.00,0.00,0.00,'calculated',NULL,1,'2025-12-29 04:31:33','2025-12-29 04:31:33'),(267,2025,656,0.00,0.00,0.00,0.00,0.00,0.00,0.00,'calculated',NULL,1,'2025-12-29 04:31:33','2025-12-29 04:31:33'),(268,2025,657,0.00,0.00,0.00,0.00,0.00,0.00,0.00,'calculated',NULL,1,'2025-12-29 04:31:33','2025-12-29 04:31:33'),(269,2025,658,0.00,0.00,0.00,0.00,0.00,0.00,0.00,'calculated',NULL,1,'2025-12-29 04:31:33','2025-12-29 04:31:33'),(802,2026,555,0.00,0.00,0.00,0.00,0.00,0.00,0.00,'calculated',NULL,1,'2026-01-15 17:54:42','2026-01-15 17:54:42'),(803,2026,556,0.00,0.00,0.00,0.00,0.00,0.00,0.00,'calculated',NULL,1,'2026-01-15 17:54:42','2026-01-15 17:54:42'),(804,2026,557,0.00,0.00,0.00,0.00,0.00,0.00,0.00,'calculated',NULL,1,'2026-01-15 17:54:42','2026-01-15 17:54:42'),(805,2026,558,0.00,0.00,0.00,0.00,0.00,0.00,0.00,'calculated',NULL,1,'2026-01-15 17:54:42','2026-01-15 17:54:42'),(806,2026,559,0.00,0.00,0.00,0.00,0.00,0.00,0.00,'calculated',NULL,1,'2026-01-15 17:54:42','2026-01-15 17:54:42'),(807,2026,560,0.00,0.00,0.00,0.00,0.00,0.00,0.00,'calculated',NULL,1,'2026-01-15 17:54:42','2026-01-15 17:54:42'),(808,2026,561,0.00,0.00,0.00,0.00,0.00,0.00,0.00,'calculated',NULL,1,'2026-01-15 17:54:42','2026-01-15 17:54:42'),(809,2026,562,0.00,0.00,0.00,0.00,0.00,0.00,0.00,'calculated',NULL,1,'2026-01-15 17:54:42','2026-01-15 17:54:42'),(810,2026,563,0.00,0.00,0.00,0.00,0.00,0.00,0.00,'calculated',NULL,1,'2026-01-15 17:54:42','2026-01-15 17:54:42'),(811,2026,564,0.00,0.00,0.00,0.00,0.00,0.00,0.00,'calculated',NULL,1,'2026-01-15 17:54:42','2026-01-15 17:54:42'),(812,2026,566,0.00,0.00,0.00,0.00,0.00,0.00,0.00,'calculated',NULL,1,'2026-01-15 17:54:42','2026-01-15 17:54:42'),(813,2026,567,0.00,0.00,0.00,0.00,0.00,0.00,0.00,'calculated',NULL,1,'2026-01-15 17:54:42','2026-01-15 17:54:42'),(814,2026,568,0.00,0.00,0.00,0.00,0.00,0.00,0.00,'calculated',NULL,1,'2026-01-15 17:54:42','2026-01-15 17:54:42'),(815,2026,569,0.00,0.00,0.00,0.00,0.00,0.00,0.00,'calculated',NULL,1,'2026-01-15 17:54:42','2026-01-15 17:54:42'),(816,2026,570,0.00,0.00,0.00,0.00,0.00,0.00,0.00,'calculated',NULL,1,'2026-01-15 17:54:42','2026-01-15 17:54:42'),(817,2026,571,0.00,0.00,0.00,0.00,0.00,0.00,0.00,'calculated',NULL,1,'2026-01-15 17:54:42','2026-01-15 17:54:42'),(818,2026,572,0.00,0.00,0.00,0.00,0.00,0.00,0.00,'calculated',NULL,1,'2026-01-15 17:54:42','2026-01-15 17:54:42'),(819,2026,573,0.00,0.00,0.00,0.00,0.00,0.00,0.00,'calculated',NULL,1,'2026-01-15 17:54:42','2026-01-15 17:54:42'),(820,2026,574,0.00,0.00,0.00,0.00,0.00,0.00,0.00,'calculated',NULL,1,'2026-01-15 17:54:42','2026-01-15 17:54:42'),(821,2026,575,0.00,0.00,0.00,0.00,0.00,0.00,0.00,'calculated',NULL,1,'2026-01-15 17:54:42','2026-01-15 17:54:42'),(822,2026,576,0.00,0.00,0.00,0.00,0.00,0.00,0.00,'calculated',NULL,1,'2026-01-15 17:54:42','2026-01-15 17:54:42'),(823,2026,577,0.00,0.00,0.00,0.00,0.00,0.00,0.00,'calculated',NULL,1,'2026-01-15 17:54:42','2026-01-15 17:54:42'),(824,2026,578,0.00,0.00,0.00,0.00,0.00,0.00,0.00,'calculated',NULL,1,'2026-01-15 17:54:42','2026-01-15 17:54:42'),(825,2026,579,0.00,0.00,0.00,0.00,0.00,0.00,0.00,'calculated',NULL,1,'2026-01-15 17:54:42','2026-01-15 17:54:42'),(826,2026,580,0.00,0.00,0.00,0.00,0.00,0.00,0.00,'calculated',NULL,1,'2026-01-15 17:54:42','2026-01-15 17:54:42'),(827,2026,581,0.00,0.00,0.00,0.00,0.00,0.00,0.00,'calculated',NULL,1,'2026-01-15 17:54:42','2026-01-15 17:54:42'),(828,2026,582,0.00,0.00,0.00,0.00,0.00,0.00,0.00,'calculated',NULL,1,'2026-01-15 17:54:42','2026-01-15 17:54:42'),(829,2026,583,0.00,0.00,0.00,0.00,0.00,0.00,0.00,'calculated',NULL,1,'2026-01-15 17:54:42','2026-01-15 17:54:42'),(830,2026,584,0.00,0.00,0.00,0.00,0.00,0.00,0.00,'calculated',NULL,1,'2026-01-15 17:54:42','2026-01-15 17:54:42'),(831,2026,585,0.00,0.00,0.00,0.00,0.00,0.00,0.00,'calculated',NULL,1,'2026-01-15 17:54:42','2026-01-15 17:54:42'),(832,2026,586,0.00,0.00,0.00,0.00,0.00,0.00,0.00,'calculated',NULL,1,'2026-01-15 17:54:42','2026-01-15 17:54:42'),(833,2026,587,0.00,0.00,0.00,0.00,0.00,0.00,0.00,'calculated',NULL,1,'2026-01-15 17:54:42','2026-01-15 17:54:42'),(834,2026,588,0.00,0.00,0.00,0.00,0.00,0.00,0.00,'calculated',NULL,1,'2026-01-15 17:54:42','2026-01-15 17:54:42'),(835,2026,589,0.00,0.00,0.00,0.00,0.00,0.00,0.00,'calculated',NULL,1,'2026-01-15 17:54:42','2026-01-15 17:54:42'),(836,2026,590,0.00,0.00,0.00,0.00,0.00,0.00,0.00,'calculated',NULL,1,'2026-01-15 17:54:42','2026-01-15 17:54:42'),(837,2026,591,0.00,0.00,0.00,0.00,0.00,0.00,0.00,'calculated',NULL,1,'2026-01-15 17:54:42','2026-01-15 17:54:42'),(838,2026,592,0.00,0.00,0.00,0.00,0.00,0.00,0.00,'calculated',NULL,1,'2026-01-15 17:54:42','2026-01-15 17:54:42'),(839,2026,593,0.00,0.00,0.00,0.00,0.00,0.00,0.00,'calculated',NULL,1,'2026-01-15 17:54:42','2026-01-15 17:54:42'),(840,2026,594,0.00,0.00,0.00,0.00,0.00,0.00,0.00,'calculated',NULL,1,'2026-01-15 17:54:42','2026-01-15 17:54:42'),(841,2026,595,0.00,0.00,0.00,0.00,0.00,0.00,0.00,'calculated',NULL,1,'2026-01-15 17:54:42','2026-01-15 17:54:42'),(842,2026,596,0.00,0.00,0.00,0.00,0.00,0.00,0.00,'calculated',NULL,1,'2026-01-15 17:54:42','2026-01-15 17:54:42'),(843,2026,597,0.00,0.00,0.00,0.00,0.00,0.00,0.00,'calculated',NULL,1,'2026-01-15 17:54:42','2026-01-15 17:54:42'),(844,2026,598,0.00,0.00,0.00,0.00,0.00,0.00,0.00,'calculated',NULL,1,'2026-01-15 17:54:42','2026-01-15 17:54:42'),(845,2026,599,0.00,0.00,0.00,0.00,0.00,0.00,0.00,'calculated',NULL,1,'2026-01-15 17:54:42','2026-01-15 17:54:42'),(846,2026,600,0.00,0.00,0.00,0.00,0.00,0.00,0.00,'calculated',NULL,1,'2026-01-15 17:54:42','2026-01-15 17:54:42'),(847,2026,602,0.00,0.00,0.00,0.00,0.00,0.00,0.00,'calculated',NULL,1,'2026-01-15 17:54:42','2026-01-15 17:54:42'),(848,2026,603,0.00,0.00,0.00,0.00,0.00,0.00,0.00,'calculated',NULL,1,'2026-01-15 17:54:42','2026-01-15 17:54:42'),(849,2026,604,0.00,0.00,0.00,0.00,0.00,0.00,0.00,'calculated',NULL,1,'2026-01-15 17:54:42','2026-01-15 17:54:42'),(850,2026,605,0.00,0.00,0.00,0.00,0.00,0.00,0.00,'calculated',NULL,1,'2026-01-15 17:54:42','2026-01-15 17:54:42'),(851,2026,606,0.00,0.00,0.00,0.00,0.00,0.00,0.00,'calculated',NULL,1,'2026-01-15 17:54:42','2026-01-15 17:54:42'),(852,2026,607,0.00,0.00,0.00,0.00,0.00,0.00,0.00,'calculated',NULL,1,'2026-01-15 17:54:42','2026-01-15 17:54:42'),(853,2026,608,0.00,0.00,0.00,0.00,0.00,0.00,0.00,'calculated',NULL,1,'2026-01-15 17:54:42','2026-01-15 17:54:42'),(854,2026,609,0.00,0.00,0.00,0.00,0.00,0.00,0.00,'calculated',NULL,1,'2026-01-15 17:54:42','2026-01-15 17:54:42'),(855,2026,610,0.00,0.00,0.00,0.00,0.00,0.00,0.00,'calculated',NULL,1,'2026-01-15 17:54:42','2026-01-15 17:54:42'),(856,2026,611,0.00,0.00,0.00,0.00,0.00,0.00,0.00,'calculated',NULL,1,'2026-01-15 17:54:42','2026-01-15 17:54:42'),(857,2026,612,0.00,0.00,0.00,0.00,0.00,0.00,0.00,'calculated',NULL,1,'2026-01-15 17:54:42','2026-01-15 17:54:42'),(858,2026,613,0.00,0.00,0.00,0.00,0.00,0.00,0.00,'calculated',NULL,1,'2026-01-15 17:54:42','2026-01-15 17:54:42'),(859,2026,614,0.00,0.00,0.00,0.00,0.00,0.00,0.00,'calculated',NULL,1,'2026-01-15 17:54:42','2026-01-15 17:54:42'),(860,2026,615,0.00,0.00,0.00,0.00,0.00,0.00,0.00,'calculated',NULL,1,'2026-01-15 17:54:42','2026-01-15 17:54:42'),(861,2026,616,0.00,0.00,0.00,0.00,0.00,0.00,0.00,'calculated',NULL,1,'2026-01-15 17:54:42','2026-01-15 17:54:42'),(862,2026,617,0.00,0.00,0.00,0.00,0.00,0.00,0.00,'calculated',NULL,1,'2026-01-15 17:54:42','2026-01-15 17:54:42'),(863,2026,618,0.00,0.00,0.00,0.00,0.00,0.00,0.00,'calculated',NULL,1,'2026-01-15 17:54:42','2026-01-15 17:54:42'),(864,2026,619,0.00,0.00,0.00,0.00,0.00,0.00,0.00,'calculated',NULL,1,'2026-01-15 17:54:42','2026-01-15 17:54:42'),(865,2026,620,0.00,0.00,0.00,0.00,0.00,0.00,0.00,'calculated',NULL,1,'2026-01-15 17:54:42','2026-01-15 17:54:42'),(866,2026,621,0.00,0.00,0.00,0.00,0.00,0.00,0.00,'calculated',NULL,1,'2026-01-15 17:54:42','2026-01-15 17:54:42'),(867,2026,622,0.00,0.00,0.00,0.00,0.00,0.00,0.00,'calculated',NULL,1,'2026-01-15 17:54:42','2026-01-15 17:54:42'),(868,2026,623,0.00,0.00,0.00,0.00,0.00,0.00,0.00,'calculated',NULL,1,'2026-01-15 17:54:42','2026-01-15 17:54:42'),(869,2026,624,0.00,0.00,0.00,0.00,0.00,0.00,0.00,'calculated',NULL,1,'2026-01-15 17:54:42','2026-01-15 17:54:42'),(870,2026,625,0.00,0.00,0.00,0.00,0.00,0.00,0.00,'calculated',NULL,1,'2026-01-15 17:54:42','2026-01-15 17:54:42'),(871,2026,626,0.00,0.00,0.00,0.00,0.00,0.00,0.00,'calculated',NULL,1,'2026-01-15 17:54:42','2026-01-15 17:54:42'),(872,2026,627,0.00,0.00,0.00,0.00,0.00,0.00,0.00,'calculated',NULL,1,'2026-01-15 17:54:42','2026-01-15 17:54:42'),(873,2026,628,0.00,0.00,0.00,0.00,0.00,0.00,0.00,'calculated',NULL,1,'2026-01-15 17:54:42','2026-01-15 17:54:42'),(874,2026,629,0.00,0.00,0.00,0.00,0.00,0.00,0.00,'calculated',NULL,1,'2026-01-15 17:54:42','2026-01-15 17:54:42'),(875,2026,630,0.00,0.00,0.00,0.00,0.00,0.00,0.00,'calculated',NULL,1,'2026-01-15 17:54:42','2026-01-15 17:54:42'),(876,2026,631,0.00,0.00,0.00,0.00,0.00,0.00,0.00,'calculated',NULL,1,'2026-01-15 17:54:42','2026-01-15 17:54:42'),(877,2026,632,0.00,0.00,0.00,0.00,0.00,0.00,0.00,'calculated',NULL,1,'2026-01-15 17:54:42','2026-01-15 17:54:42'),(878,2026,633,0.00,0.00,0.00,0.00,0.00,0.00,0.00,'calculated',NULL,1,'2026-01-15 17:54:42','2026-01-15 17:54:42'),(879,2026,634,0.00,0.00,0.00,0.00,0.00,0.00,0.00,'calculated',NULL,1,'2026-01-15 17:54:42','2026-01-15 17:54:42'),(880,2026,635,0.00,0.00,0.00,0.00,0.00,0.00,0.00,'calculated',NULL,1,'2026-01-15 17:54:42','2026-01-15 17:54:42'),(881,2026,636,0.00,0.00,0.00,0.00,0.00,0.00,0.00,'calculated',NULL,1,'2026-01-15 17:54:42','2026-01-15 17:54:42'),(882,2026,637,0.00,0.00,0.00,0.00,0.00,0.00,0.00,'calculated',NULL,1,'2026-01-15 17:54:42','2026-01-15 17:54:42'),(883,2026,638,0.00,0.00,0.00,0.00,0.00,0.00,0.00,'calculated',NULL,1,'2026-01-15 17:54:42','2026-01-15 17:54:42'),(884,2026,639,0.00,0.00,0.00,0.00,0.00,0.00,0.00,'calculated',NULL,1,'2026-01-15 17:54:42','2026-01-15 17:54:42'),(885,2026,640,0.00,0.00,0.00,0.00,0.00,0.00,0.00,'calculated',NULL,1,'2026-01-15 17:54:42','2026-01-15 17:54:42'),(886,2026,641,0.00,0.00,0.00,0.00,0.00,0.00,0.00,'calculated',NULL,1,'2026-01-15 17:54:42','2026-01-15 17:54:42'),(887,2026,642,0.00,0.00,0.00,0.00,0.00,0.00,0.00,'calculated',NULL,1,'2026-01-15 17:54:42','2026-01-15 17:54:42'),(888,2026,643,0.00,0.00,0.00,0.00,0.00,0.00,0.00,'calculated',NULL,1,'2026-01-15 17:54:42','2026-01-15 17:54:42'),(889,2026,644,0.00,0.00,0.00,0.00,0.00,0.00,0.00,'calculated',NULL,1,'2026-01-15 17:54:42','2026-01-15 17:54:42'),(890,2026,645,0.00,0.00,0.00,0.00,0.00,0.00,0.00,'calculated',NULL,1,'2026-01-15 17:54:42','2026-01-15 17:54:42'),(891,2026,646,0.00,0.00,0.00,0.00,0.00,0.00,0.00,'calculated',NULL,1,'2026-01-15 17:54:42','2026-01-15 17:54:42'),(892,2026,647,0.00,0.00,0.00,0.00,0.00,0.00,0.00,'calculated',NULL,1,'2026-01-15 17:54:42','2026-01-15 17:54:42'),(893,2026,648,0.00,0.00,0.00,0.00,0.00,0.00,0.00,'calculated',NULL,1,'2026-01-15 17:54:42','2026-01-15 17:54:42'),(894,2026,649,0.00,0.00,0.00,0.00,0.00,0.00,0.00,'calculated',NULL,1,'2026-01-15 17:54:42','2026-01-15 17:54:42'),(895,2026,650,0.00,0.00,0.00,0.00,0.00,0.00,0.00,'calculated',NULL,1,'2026-01-15 17:54:42','2026-01-15 17:54:42'),(896,2026,651,0.00,0.00,0.00,0.00,0.00,0.00,0.00,'calculated',NULL,1,'2026-01-15 17:54:42','2026-01-15 17:54:42'),(897,2026,652,0.00,0.00,0.00,0.00,0.00,0.00,0.00,'calculated',NULL,1,'2026-01-15 17:54:42','2026-01-15 17:54:42'),(898,2026,653,0.00,0.00,0.00,0.00,0.00,0.00,0.00,'calculated',NULL,1,'2026-01-15 17:54:42','2026-01-15 17:54:42'),(899,2026,654,0.00,0.00,0.00,0.00,0.00,0.00,0.00,'calculated',NULL,1,'2026-01-15 17:54:42','2026-01-15 17:54:42'),(900,2026,655,0.00,0.00,0.00,0.00,0.00,0.00,0.00,'calculated',NULL,1,'2026-01-15 17:54:42','2026-01-15 17:54:42'),(901,2026,656,0.00,0.00,0.00,0.00,0.00,0.00,0.00,'calculated',NULL,1,'2026-01-15 17:54:42','2026-01-15 17:54:42'),(902,2026,657,0.00,0.00,0.00,0.00,0.00,0.00,0.00,'calculated',NULL,1,'2026-01-15 17:54:42','2026-01-15 17:54:42'),(903,2026,658,0.00,0.00,0.00,0.00,0.00,0.00,0.00,'calculated',NULL,1,'2026-01-15 17:54:42','2026-01-15 17:54:42');
/*!40000 ALTER TABLE `shu_distributions` ENABLE KEYS */;
UNLOCK TABLES;

--
-- Table structure for table `shu_settings`
--

DROP TABLE IF EXISTS `shu_settings`;
/*!40101 SET @saved_cs_client     = @@character_set_client */;
/*!50503 SET character_set_client = utf8mb4 */;
CREATE TABLE `shu_settings` (
  `id` bigint unsigned NOT NULL AUTO_INCREMENT,
  `period_year` year NOT NULL,
  `total_shu_pool` decimal(15,2) NOT NULL DEFAULT '0.00',
  `persen_cadangan` decimal(5,2) NOT NULL DEFAULT '25.00',
  `persen_jasa_modal` decimal(5,2) NOT NULL DEFAULT '30.00',
  `persen_jasa_usaha` decimal(5,2) NOT NULL DEFAULT '25.00',
  `persen_pengurus` decimal(5,2) NOT NULL DEFAULT '5.00',
  `persen_karyawan` decimal(5,2) NOT NULL DEFAULT '5.00',
  `persen_pendidikan` decimal(5,2) NOT NULL DEFAULT '5.00',
  `persen_sosial` decimal(5,2) NOT NULL DEFAULT '2.50',
  `persen_pembangunan` decimal(5,2) NOT NULL DEFAULT '2.50',
  `pool_cadangan` decimal(15,2) NOT NULL DEFAULT '0.00',
  `pool_jasa_modal` decimal(15,2) NOT NULL DEFAULT '0.00',
  `pool_jasa_usaha` decimal(15,2) NOT NULL DEFAULT '0.00',
  `pool_pengurus` decimal(15,2) NOT NULL DEFAULT '0.00',
  `pool_karyawan` decimal(15,2) NOT NULL DEFAULT '0.00',
  `pool_pendidikan` decimal(15,2) NOT NULL DEFAULT '0.00',
  `pool_sosial` decimal(15,2) NOT NULL DEFAULT '0.00',
  `pool_pembangunan` decimal(15,2) NOT NULL DEFAULT '0.00',
  `status` enum('draft','calculated','distributed') CHARACTER SET utf8mb4 COLLATE utf8mb4_unicode_ci NOT NULL DEFAULT 'draft',
  `created_by` bigint unsigned DEFAULT NULL,
  `created_at` timestamp NULL DEFAULT NULL,
  `updated_at` timestamp NULL DEFAULT NULL,
  PRIMARY KEY (`id`),
  UNIQUE KEY `shu_settings_period_year_unique` (`period_year`),
  KEY `shu_settings_created_by_foreign` (`created_by`),
  CONSTRAINT `shu_settings_created_by_foreign` FOREIGN KEY (`created_by`) REFERENCES `users` (`id`) ON DELETE SET NULL
) ENGINE=InnoDB AUTO_INCREMENT=3 DEFAULT CHARSET=utf8mb4 COLLATE=utf8mb4_unicode_ci;
/*!40101 SET character_set_client = @saved_cs_client */;

--
-- Dumping data for table `shu_settings`
--

LOCK TABLES `shu_settings` WRITE;
/*!40000 ALTER TABLE `shu_settings` DISABLE KEYS */;
INSERT INTO `shu_settings` VALUES (1,2025,120000000.00,25.00,30.00,25.00,5.00,5.00,5.00,2.50,2.50,30000000.00,36000000.00,30000000.00,6000000.00,6000000.00,6000000.00,3000000.00,3000000.00,'calculated',1,'2025-12-22 18:37:54','2025-12-29 04:31:33'),(2,2026,5000000.00,20.00,30.00,30.00,7.50,5.00,2.50,2.50,2.50,1000000.00,1500000.00,1500000.00,375000.00,250000.00,125000.00,125000.00,125000.00,'draft',1,'2026-01-06 23:34:53','2026-01-15 18:29:28');
/*!40000 ALTER TABLE `shu_settings` ENABLE KEYS */;
UNLOCK TABLES;

--
-- Table structure for table `stock_opname_items`
--

DROP TABLE IF EXISTS `stock_opname_items`;
/*!40101 SET @saved_cs_client     = @@character_set_client */;
/*!50503 SET character_set_client = utf8mb4 */;
CREATE TABLE `stock_opname_items` (
  `id` bigint unsigned NOT NULL AUTO_INCREMENT,
  `stock_opname_id` bigint unsigned NOT NULL,
  `product_id` bigint unsigned NOT NULL,
  `system_stock` int NOT NULL DEFAULT '0',
  `actual_stock` int NOT NULL DEFAULT '0',
  `difference` int NOT NULL DEFAULT '0',
  `notes` text COLLATE utf8mb4_unicode_ci,
  `created_at` timestamp NULL DEFAULT NULL,
  `updated_at` timestamp NULL DEFAULT NULL,
  PRIMARY KEY (`id`),
  UNIQUE KEY `stock_opname_items_stock_opname_id_product_id_unique` (`stock_opname_id`,`product_id`),
  KEY `stock_opname_items_product_id_foreign` (`product_id`),
  CONSTRAINT `stock_opname_items_product_id_foreign` FOREIGN KEY (`product_id`) REFERENCES `products` (`id`) ON DELETE CASCADE,
  CONSTRAINT `stock_opname_items_stock_opname_id_foreign` FOREIGN KEY (`stock_opname_id`) REFERENCES `stock_opnames` (`id`) ON DELETE CASCADE
) ENGINE=InnoDB AUTO_INCREMENT=23 DEFAULT CHARSET=utf8mb4 COLLATE=utf8mb4_unicode_ci;
/*!40101 SET character_set_client = @saved_cs_client */;

--
-- Dumping data for table `stock_opname_items`
--

LOCK TABLES `stock_opname_items` WRITE;
/*!40000 ALTER TABLE `stock_opname_items` DISABLE KEYS */;
/*!40000 ALTER TABLE `stock_opname_items` ENABLE KEYS */;
UNLOCK TABLES;

--
-- Table structure for table `stock_opnames`
--

DROP TABLE IF EXISTS `stock_opnames`;
/*!40101 SET @saved_cs_client     = @@character_set_client */;
/*!50503 SET character_set_client = utf8mb4 */;
CREATE TABLE `stock_opnames` (
  `id` bigint unsigned NOT NULL AUTO_INCREMENT,
  `opname_number` varchar(255) COLLATE utf8mb4_unicode_ci NOT NULL,
  `opname_date` date NOT NULL,
  `status` enum('draft','completed','cancelled') COLLATE utf8mb4_unicode_ci NOT NULL DEFAULT 'draft',
  `notes` text COLLATE utf8mb4_unicode_ci,
  `created_by` bigint unsigned NOT NULL,
  `completed_at` timestamp NULL DEFAULT NULL,
  `created_at` timestamp NULL DEFAULT NULL,
  `updated_at` timestamp NULL DEFAULT NULL,
  PRIMARY KEY (`id`),
  UNIQUE KEY `stock_opnames_opname_number_unique` (`opname_number`),
  KEY `stock_opnames_created_by_foreign` (`created_by`),
  CONSTRAINT `stock_opnames_created_by_foreign` FOREIGN KEY (`created_by`) REFERENCES `users` (`id`) ON DELETE CASCADE
) ENGINE=InnoDB AUTO_INCREMENT=2 DEFAULT CHARSET=utf8mb4 COLLATE=utf8mb4_unicode_ci;
/*!40101 SET character_set_client = @saved_cs_client */;

--
-- Dumping data for table `stock_opnames`
--

LOCK TABLES `stock_opnames` WRITE;
/*!40000 ALTER TABLE `stock_opnames` DISABLE KEYS */;
/*!40000 ALTER TABLE `stock_opnames` ENABLE KEYS */;
UNLOCK TABLES;

--
-- Table structure for table `suppliers`
--

DROP TABLE IF EXISTS `suppliers`;
/*!40101 SET @saved_cs_client     = @@character_set_client */;
/*!50503 SET character_set_client = utf8mb4 */;
CREATE TABLE `suppliers` (
  `id` bigint unsigned NOT NULL AUTO_INCREMENT,
  `name` varchar(255) CHARACTER SET utf8mb4 COLLATE utf8mb4_unicode_ci NOT NULL,
  `contact_person` varchar(255) CHARACTER SET utf8mb4 COLLATE utf8mb4_unicode_ci DEFAULT NULL,
  `phone` varchar(255) CHARACTER SET utf8mb4 COLLATE utf8mb4_unicode_ci DEFAULT NULL,
  `email` varchar(255) CHARACTER SET utf8mb4 COLLATE utf8mb4_unicode_ci DEFAULT NULL,
  `address` text CHARACTER SET utf8mb4 COLLATE utf8mb4_unicode_ci,
  `description` varchar(255) CHARACTER SET utf8mb4 COLLATE utf8mb4_unicode_ci DEFAULT NULL,
  `created_at` timestamp NULL DEFAULT NULL,
  `updated_at` timestamp NULL DEFAULT NULL,
  PRIMARY KEY (`id`)
) ENGINE=InnoDB AUTO_INCREMENT=6 DEFAULT CHARSET=utf8mb4 COLLATE=utf8mb4_unicode_ci;
/*!40101 SET character_set_client = @saved_cs_client */;

--
-- Dumping data for table `suppliers`
--

LOCK TABLES `suppliers` WRITE;
/*!40000 ALTER TABLE `suppliers` DISABLE KEYS */;
INSERT INTO `suppliers` VALUES (1,'PT. Indofood Sukses Makmur','Bpk. K4Sh5','0855244757',NULL,'Kawasan Industri, Karawang',NULL,'2025-12-22 10:40:06','2025-12-22 10:40:06'),(2,'PT. Mayora Indah','Bpk. QmN8n','0850860764',NULL,'Kawasan Industri, Karawang',NULL,'2025-12-22 10:40:06','2025-12-22 10:40:06'),(3,'PT. Wings Surya','Bpk. cKFUJ','0858115369',NULL,'Kawasan Industri, Karawang',NULL,'2025-12-22 10:40:06','2025-12-22 10:40:06'),(4,'PT. Unilever Indonesia','Bpk. lBJEr','0830889781',NULL,'Kawasan Industri, Karawang',NULL,'2025-12-22 10:40:06','2025-12-22 10:40:06'),(5,'Agen Indo Grosir','Bpk. VkdU3','0893984367',NULL,'Kawasan Industri, Karawang',NULL,'2025-12-22 10:40:06','2026-01-15 17:11:55');
/*!40000 ALTER TABLE `suppliers` ENABLE KEYS */;
UNLOCK TABLES;

--
-- Table structure for table `team_members`
--

DROP TABLE IF EXISTS `team_members`;
/*!40101 SET @saved_cs_client     = @@character_set_client */;
/*!50503 SET character_set_client = utf8mb4 */;
CREATE TABLE `team_members` (
  `id` bigint unsigned NOT NULL AUTO_INCREMENT,
  `name` varchar(255) CHARACTER SET utf8mb4 COLLATE utf8mb4_unicode_ci NOT NULL,
  `role` varchar(255) CHARACTER SET utf8mb4 COLLATE utf8mb4_unicode_ci DEFAULT NULL,
  `image` varchar(255) CHARACTER SET utf8mb4 COLLATE utf8mb4_unicode_ci DEFAULT NULL,
  `bio` text CHARACTER SET utf8mb4 COLLATE utf8mb4_unicode_ci,
  `twitter_link` varchar(255) CHARACTER SET utf8mb4 COLLATE utf8mb4_unicode_ci DEFAULT NULL,
  `facebook_link` varchar(255) CHARACTER SET utf8mb4 COLLATE utf8mb4_unicode_ci DEFAULT NULL,
  `instagram_link` varchar(255) CHARACTER SET utf8mb4 COLLATE utf8mb4_unicode_ci DEFAULT NULL,
  `linkedin_link` varchar(255) CHARACTER SET utf8mb4 COLLATE utf8mb4_unicode_ci DEFAULT NULL,
  `order` int NOT NULL DEFAULT '0',
  `created_at` timestamp NULL DEFAULT NULL,
  `updated_at` timestamp NULL DEFAULT NULL,
  PRIMARY KEY (`id`)
) ENGINE=InnoDB AUTO_INCREMENT=13 DEFAULT CHARSET=utf8mb4 COLLATE=utf8mb4_unicode_ci;
/*!40101 SET character_set_client = @saved_cs_client */;

--
-- Dumping data for table `team_members`
--

LOCK TABLES `team_members` WRITE;
/*!40000 ALTER TABLE `team_members` DISABLE KEYS */;
INSERT INTO `team_members` VALUES (4,'Alexander','Pembina','team/mgG3Hv9QYDLfzIDs5ePXRABkw49yv3ybXpls11p8.png',NULL,NULL,NULL,NULL,NULL,0,'2026-01-07 05:48:51','2026-01-07 05:48:51'),(6,'Agus Zatnika','Pengawas','team/2CGCvycfQF5thiU1d55rQjRXE8TIMaT3gisyY0nq.png',NULL,NULL,NULL,NULL,NULL,0,'2026-01-07 05:49:39','2026-01-07 05:49:39'),(7,'Ngafif Usman','Ketua','team/Wb252VY9MbPuttVKpfb9yefAzmcFJxLhbUjcnWSM.png',NULL,NULL,NULL,NULL,NULL,0,'2026-01-07 05:50:30','2026-01-07 05:50:30'),(8,'Nata Surya','Wakil Ketua','team/Dn89x4vUyntmwM3xJGV2SRMEgeuT2mbq30VhcYE6.png',NULL,NULL,NULL,NULL,NULL,0,'2026-01-07 05:50:53','2026-01-07 05:50:53'),(9,'Citrawati','Bendahara','team/tOUi4FSZXpVmo21jl2HzKPXEiaN6a6HWzwIzopfb.png',NULL,NULL,NULL,NULL,NULL,0,'2026-01-07 05:51:47','2026-01-07 05:51:47'),(10,'Annisa Yulianda','Sekertaris','team/UhQ3wH8JoTmrxCio9NOKDfNbutQ6YCj5qctSH5B0.png',NULL,NULL,NULL,NULL,NULL,0,'2026-01-07 05:52:20','2026-01-07 05:52:20'),(11,'Rosadi','Sekertaris 2','team/qjVCoFdesGhz9BtzWsN7OFPevWeSUAa27GWw1eYk.png',NULL,NULL,NULL,NULL,NULL,0,'2026-01-07 05:53:03','2026-01-07 05:53:03'),(12,'Manager/Staff','Operasional','team/O7RstjdgNEqM675yKQ5AJXUuYPJZzOjQam1FH4w2.png',NULL,NULL,NULL,NULL,NULL,0,'2026-01-07 05:54:30','2026-01-07 05:54:30');
/*!40000 ALTER TABLE `team_members` ENABLE KEYS */;
UNLOCK TABLES;

--
-- Table structure for table `transaction_items`
--

DROP TABLE IF EXISTS `transaction_items`;
/*!40101 SET @saved_cs_client     = @@character_set_client */;
/*!50503 SET character_set_client = utf8mb4 */;
CREATE TABLE `transaction_items` (
  `id` bigint unsigned NOT NULL AUTO_INCREMENT,
  `transaction_id` bigint unsigned NOT NULL,
  `product_id` bigint unsigned DEFAULT NULL,
  `quantity` int NOT NULL,
  `price` decimal(15,2) NOT NULL,
  `subtotal` decimal(15,2) NOT NULL,
  `created_at` timestamp NULL DEFAULT NULL,
  `updated_at` timestamp NULL DEFAULT NULL,
  `consignment_settlement_id` bigint unsigned DEFAULT NULL,
  PRIMARY KEY (`id`),
  KEY `transaction_items_transaction_id_foreign` (`transaction_id`),
  KEY `transaction_items_product_id_foreign` (`product_id`),
  KEY `transaction_items_consignment_settlement_id_foreign` (`consignment_settlement_id`),
  CONSTRAINT `transaction_items_consignment_settlement_id_foreign` FOREIGN KEY (`consignment_settlement_id`) REFERENCES `consignment_settlements` (`id`) ON DELETE SET NULL,
  CONSTRAINT `transaction_items_product_id_foreign` FOREIGN KEY (`product_id`) REFERENCES `products` (`id`) ON DELETE SET NULL,
  CONSTRAINT `transaction_items_transaction_id_foreign` FOREIGN KEY (`transaction_id`) REFERENCES `transactions` (`id`) ON DELETE CASCADE
) ENGINE=InnoDB AUTO_INCREMENT=64 DEFAULT CHARSET=utf8mb4 COLLATE=utf8mb4_unicode_ci;
/*!40101 SET character_set_client = @saved_cs_client */;

--
-- Dumping data for table `transaction_items`
--

LOCK TABLES `transaction_items` WRITE;
/*!40000 ALTER TABLE `transaction_items` DISABLE KEYS */;
INSERT INTO `transaction_items` VALUES (18,10,7,1,4000.00,4000.00,'2026-01-15 20:24:57','2026-01-15 20:24:57',NULL),(19,10,12,1,85000.00,85000.00,'2026-01-15 20:24:57','2026-01-15 20:24:57',NULL),(20,10,17,3,110000.00,330000.00,'2026-01-15 20:24:57','2026-01-15 20:24:57',NULL),(21,11,7,3,4000.00,12000.00,'2026-01-15 20:24:57','2026-01-15 20:24:57',NULL),(22,11,12,1,85000.00,85000.00,'2026-01-15 20:24:57','2026-01-15 20:24:57',NULL),(23,11,17,2,110000.00,220000.00,'2026-01-15 20:24:57','2026-01-15 20:24:57',NULL),(24,12,17,3,110000.00,330000.00,'2026-01-15 20:24:57','2026-01-15 20:24:57',NULL),(25,13,7,3,4000.00,12000.00,'2026-01-15 20:24:57','2026-01-15 20:24:57',NULL),(26,13,17,1,110000.00,110000.00,'2026-01-15 20:24:57','2026-01-15 20:24:57',NULL),(27,14,7,2,4000.00,8000.00,'2026-01-15 20:24:57','2026-01-15 20:24:57',NULL),(28,14,12,1,85000.00,85000.00,'2026-01-15 20:24:57','2026-01-15 20:24:57',NULL),(29,14,17,3,110000.00,330000.00,'2026-01-15 20:24:57','2026-01-15 20:24:57',NULL),(30,15,7,2,4000.00,8000.00,'2026-01-15 20:24:57','2026-01-15 20:24:57',NULL),(31,15,12,3,85000.00,255000.00,'2026-01-15 20:24:57','2026-01-15 20:24:57',NULL),(32,15,17,1,110000.00,110000.00,'2026-01-15 20:24:57','2026-01-15 20:24:57',NULL),(33,16,7,3,4000.00,12000.00,'2026-01-15 20:24:57','2026-01-15 20:24:57',NULL),(34,16,12,2,85000.00,170000.00,'2026-01-15 20:24:57','2026-01-15 20:24:57',NULL),(35,16,17,3,110000.00,330000.00,'2026-01-15 20:24:57','2026-01-15 20:24:57',NULL),(36,17,7,1,4000.00,4000.00,'2026-01-15 20:24:57','2026-01-15 20:24:57',NULL),(37,18,7,2,4000.00,8000.00,'2026-01-15 20:24:57','2026-01-15 20:24:57',NULL),(38,18,12,1,85000.00,85000.00,'2026-01-15 20:24:57','2026-01-15 20:24:57',NULL),(39,18,17,2,110000.00,220000.00,'2026-01-15 20:24:58','2026-01-15 20:24:58',NULL),(40,19,7,2,4000.00,8000.00,'2026-01-15 20:24:58','2026-01-15 20:24:58',NULL),(41,19,17,1,110000.00,110000.00,'2026-01-15 20:24:58','2026-01-15 20:24:58',NULL),(42,20,7,2,4000.00,8000.00,'2026-01-15 20:24:58','2026-01-15 20:24:58',NULL),(43,20,17,3,110000.00,330000.00,'2026-01-15 20:24:58','2026-01-15 20:24:58',NULL),(44,21,7,2,4000.00,8000.00,'2026-01-15 20:24:58','2026-01-15 20:24:58',NULL),(45,21,12,2,85000.00,170000.00,'2026-01-15 20:24:58','2026-01-15 20:24:58',NULL),(46,21,17,2,110000.00,220000.00,'2026-01-15 20:24:58','2026-01-15 20:24:58',NULL),(47,22,17,2,110000.00,220000.00,'2026-01-15 20:24:58','2026-01-15 20:24:58',NULL),(48,23,7,1,4000.00,4000.00,'2026-01-15 21:50:13','2026-01-15 21:50:13',NULL),(49,23,12,2,85000.00,170000.00,'2026-01-15 21:50:13','2026-01-15 21:50:13',NULL),(50,23,17,1,110000.00,110000.00,'2026-01-15 21:50:13','2026-01-15 21:50:13',NULL),(51,23,26,1,4500.00,4500.00,'2026-01-15 21:50:13','2026-01-15 21:50:13',NULL),(52,24,26,1,4500.00,4500.00,'2026-01-15 22:50:56','2026-01-15 22:50:56',NULL),(53,24,7,1,4000.00,4000.00,'2026-01-15 22:50:56','2026-01-15 22:50:56',NULL),(54,25,26,2,4500.00,9000.00,'2026-01-15 23:34:11','2026-01-15 23:34:11',NULL),(55,25,7,2,4000.00,8000.00,'2026-01-15 23:34:11','2026-01-15 23:34:11',NULL),(56,25,12,1,85000.00,85000.00,'2026-01-15 23:34:11','2026-01-15 23:34:11',NULL),(61,30,56,10,10000.00,100000.00,'2026-01-16 04:45:48','2026-01-16 04:45:48',4),(62,31,57,5,25000.00,125000.00,'2026-01-16 04:45:48','2026-01-16 04:52:57',5),(63,32,12,1,94000.00,94000.00,'2026-01-16 22:54:42','2026-01-16 22:54:42',NULL);
/*!40000 ALTER TABLE `transaction_items` ENABLE KEYS */;
UNLOCK TABLES;

--
-- Table structure for table `transactions`
--

DROP TABLE IF EXISTS `transactions`;
/*!40101 SET @saved_cs_client     = @@character_set_client */;
/*!50503 SET character_set_client = utf8mb4 */;
CREATE TABLE `transactions` (
  `id` bigint unsigned NOT NULL AUTO_INCREMENT,
  `invoice_number` varchar(255) CHARACTER SET utf8mb4 COLLATE utf8mb4_unicode_ci NOT NULL,
  `user_id` bigint unsigned DEFAULT NULL,
  `cashier_id` bigint unsigned DEFAULT NULL,
  `type` enum('offline','online') CHARACTER SET utf8mb4 COLLATE utf8mb4_unicode_ci NOT NULL DEFAULT 'offline',
  `status` enum('pending','paid','processing','ready','completed','cancelled','credit','delivered') COLLATE utf8mb4_unicode_ci DEFAULT 'pending',
  `payment_method` varchar(255) CHARACTER SET utf8mb4 COLLATE utf8mb4_unicode_ci DEFAULT NULL,
  `total_amount` decimal(15,2) NOT NULL,
  `paid_amount` decimal(15,2) NOT NULL DEFAULT '0.00',
  `change_amount` decimal(15,2) NOT NULL DEFAULT '0.00',
  `notes` text CHARACTER SET utf8mb4 COLLATE utf8mb4_unicode_ci,
  `created_at` timestamp NULL DEFAULT NULL,
  `updated_at` timestamp NULL DEFAULT NULL,
  PRIMARY KEY (`id`),
  UNIQUE KEY `transactions_invoice_number_unique` (`invoice_number`),
  KEY `transactions_user_id_foreign` (`user_id`),
  KEY `transactions_cashier_id_foreign` (`cashier_id`),
  CONSTRAINT `transactions_cashier_id_foreign` FOREIGN KEY (`cashier_id`) REFERENCES `users` (`id`) ON DELETE SET NULL,
  CONSTRAINT `transactions_user_id_foreign` FOREIGN KEY (`user_id`) REFERENCES `users` (`id`) ON DELETE SET NULL
) ENGINE=InnoDB AUTO_INCREMENT=33 DEFAULT CHARSET=utf8mb4 COLLATE=utf8mb4_unicode_ci;
/*!40101 SET character_set_client = @saved_cs_client */;

--
-- Dumping data for table `transactions`
--

LOCK TABLES `transactions` WRITE;
/*!40000 ALTER TABLE `transactions` DISABLE KEYS */;
INSERT INTO `transactions` VALUES (10,'POS20251225914',557,1,'offline','completed','kredit',419000.00,419000.00,0.00,'Pelunasan via payroll (import)Pelunasan via payroll pada 16/01/2026 03:28','2025-12-24 20:24:57','2026-01-15 20:28:28'),(11,'POS20260110061',559,1,'offline','completed','kredit',317000.00,317000.00,0.00,'Pelunasan via payroll (import)Pelunasan via payroll pada 16/01/2026 03:28','2026-01-09 20:24:57','2026-01-15 20:28:27'),(12,'POS20260106282',560,1,'offline','completed','kredit',330000.00,330000.00,0.00,'Pelunasan via payroll (import)Pelunasan via payroll pada 16/01/2026 03:28','2026-01-05 20:24:57','2026-01-15 20:28:27'),(13,'POS20251228251',563,1,'offline','completed','kredit',122000.00,122000.00,0.00,'Pelunasan via payroll (import)Pelunasan via payroll pada 16/01/2026 03:28','2025-12-27 20:24:57','2026-01-15 20:28:27'),(14,'POS20260108671',564,1,'offline','completed','kredit',423000.00,423000.00,0.00,'Pelunasan via payroll (import)Pelunasan via payroll pada 16/01/2026 03:28','2026-01-07 20:24:57','2026-01-15 20:28:27'),(15,'POS20260101231',567,1,'offline','completed','kredit',373000.00,373000.00,0.00,'Pelunasan via payroll (import)Pelunasan via payroll pada 16/01/2026 03:28','2025-12-31 20:24:57','2026-01-15 20:28:27'),(16,'POS20251225179',572,1,'offline','completed','kredit',512000.00,512000.00,0.00,'Pelunasan via payroll (import)Pelunasan via payroll pada 16/01/2026 03:28','2025-12-24 20:24:57','2026-01-15 20:28:28'),(17,'POS20260111111',573,1,'offline','completed','kredit',4000.00,4000.00,0.00,'Pelunasan via payroll (import)Pelunasan via payroll pada 16/01/2026 03:28','2026-01-10 20:24:57','2026-01-15 20:28:27'),(18,'POS20260108107',575,1,'offline','completed','kredit',313000.00,313000.00,0.00,'Pelunasan via payroll (import)Pelunasan via payroll pada 16/01/2026 03:28','2026-01-07 20:24:57','2026-01-15 20:28:27'),(19,'POS20260112577',576,1,'offline','completed','kredit',118000.00,118000.00,0.00,'Pelunasan via payroll (import)Pelunasan via payroll pada 16/01/2026 03:28','2026-01-11 20:24:58','2026-01-15 20:28:27'),(20,'POS20251224658',577,1,'offline','completed','kredit',338000.00,338000.00,0.00,'Pelunasan via payroll (import)Pelunasan via payroll pada 16/01/2026 03:28','2025-12-23 20:24:58','2026-01-15 20:28:28'),(21,'ONL20260115634',556,1,'online','completed','kredit',398000.00,398000.00,0.00,'Pelunasan via payroll (import)Pelunasan via payroll pada 16/01/2026 03:28','2026-01-14 20:24:58','2026-01-15 20:28:27'),(22,'ONL20251227953',559,1,'online','completed','kredit',220000.00,220000.00,0.00,'Pelunasan via payroll (import)Pelunasan via payroll pada 16/01/2026 03:28','2025-12-26 20:24:58','2026-01-15 20:28:28'),(23,'TRX-20260116-OMOX',557,1,'offline','completed','cash',288500.00,300000.00,11500.00,NULL,'2026-01-15 21:50:13','2026-01-15 21:50:13'),(24,'INV-20260116-9XJG',557,556,'online','delivered','kredit',8500.00,0.00,0.00,'[ANTAR: ]','2026-01-15 22:50:56','2026-01-15 23:16:00'),(25,'INV-20260116-XOXS',556,1,'online','delivered','kredit',102000.00,0.00,0.00,'[AMBIL SENDIRI]','2026-01-15 23:34:11','2026-01-16 02:33:42'),(28,'INV-AUTO-001',1,NULL,'offline','completed','cash',75000.00,0.00,0.00,NULL,'2026-01-16 04:28:32','2026-01-16 04:28:32'),(29,'INV-MANUAL-001',1,NULL,'offline','completed','cash',160000.00,0.00,0.00,NULL,'2026-01-16 04:28:32','2026-01-16 04:28:32'),(30,'INV-NGAFIF-001',1,NULL,'offline','completed','cash',100000.00,0.00,0.00,NULL,'2026-01-16 04:45:48','2026-01-16 04:45:48'),(31,'INV-NATA-001',1,NULL,'offline','completed','cash',125000.00,0.00,0.00,NULL,'2026-01-16 04:45:48','2026-01-16 04:45:48'),(32,'INV-20260117-H56H',557,NULL,'online','credit','kredit',94000.00,0.00,0.00,'[AMBIL SENDIRI]','2026-01-16 22:54:42','2026-01-16 22:54:42');
/*!40000 ALTER TABLE `transactions` ENABLE KEYS */;
UNLOCK TABLES;

--
-- Table structure for table `users`
--

DROP TABLE IF EXISTS `users`;
/*!40101 SET @saved_cs_client     = @@character_set_client */;
/*!50503 SET character_set_client = utf8mb4 */;
CREATE TABLE `users` (
  `id` bigint unsigned NOT NULL AUTO_INCREMENT,
  `name` varchar(255) CHARACTER SET utf8mb4 COLLATE utf8mb4_unicode_ci NOT NULL,
  `email` varchar(255) CHARACTER SET utf8mb4 COLLATE utf8mb4_unicode_ci NOT NULL,
  `email_verified_at` timestamp NULL DEFAULT NULL,
  `password` varchar(255) CHARACTER SET utf8mb4 COLLATE utf8mb4_unicode_ci NOT NULL,
  `role` enum('member','admin','pengurus') CHARACTER SET utf8mb4 COLLATE utf8mb4_unicode_ci NOT NULL DEFAULT 'member',
  `phone` varchar(255) CHARACTER SET utf8mb4 COLLATE utf8mb4_unicode_ci DEFAULT NULL,
  `avatar` varchar(255) CHARACTER SET utf8mb4 COLLATE utf8mb4_unicode_ci DEFAULT NULL,
  `is_active` tinyint(1) NOT NULL DEFAULT '1',
  `remember_token` varchar(100) CHARACTER SET utf8mb4 COLLATE utf8mb4_unicode_ci DEFAULT NULL,
  `created_at` timestamp NULL DEFAULT NULL,
  `updated_at` timestamp NULL DEFAULT NULL,
  PRIMARY KEY (`id`),
  UNIQUE KEY `users_email_unique` (`email`)
) ENGINE=InnoDB AUTO_INCREMENT=672 DEFAULT CHARSET=utf8mb4 COLLATE=utf8mb4_unicode_ci;
/*!40101 SET character_set_client = @saved_cs_client */;

--
-- Dumping data for table `users`
--

LOCK TABLES `users` WRITE;
/*!40000 ALTER TABLE `users` DISABLE KEYS */;
INSERT INTO `users` VALUES (1,'Admin Koperasi','admin@kopkarskf.com',NULL,'$2y$12$n6MYv1HjaFg7dqLZZIIqFOfUSgRq5fR7eG1sONlreRYqJw.YgIqvC','admin','081119144287',NULL,1,'vu14ZVIv6jP5Wy63MGWqPtydEVLCEkjmEv6X7Whs9OFv5oDac9sUZcPYsOz4','2025-12-22 09:38:00','2026-01-09 20:28:53'),(2,'Pengurus Koperasi','pengurus@koperasi.com',NULL,'$2y$12$9Yg72MWb1Rryd/Erx6rSeutYvlGQqF97VFlr2CIEEVemts4DaMG6e','pengurus','081234567891',NULL,1,NULL,'2025-12-22 09:38:00','2025-12-22 09:38:00'),(556,'Ngafif Usman','ngafifusman@kopkarskf.com',NULL,'$2y$12$WOZgUSGRHBui27Mc5S9dousIoeYVphT1UH7BUGwp9wNHxZ5p9FLAq','pengurus','081310505036',NULL,1,'zPEqhePhFJ4IbYqvaNRGTx8aRD9gmXGedF2SOhg5ORLMhazaykBSWU3gOxLZ','2025-12-24 00:05:57','2026-01-07 07:00:37'),(557,'Nata Surya Permana','natasuryapermana@kopkarskf.com',NULL,'$2y$12$CReP84PS3nzUa94nnX1EMOjCC0cxgabO0.M53C0QKtaJBfZRNwJYq','member','085888883258',NULL,1,'kzyqHszDVSiKsjV1UqvzvX8L8ob90ZYezisZQzVFxmcoHq7FD6AN5XQuHoE6','2025-12-24 00:05:57','2026-01-15 01:57:18'),(558,'Annisa Yulianda','annisayulianda@kopkarskf.com',NULL,'$2y$12$j7hVI/83ukhqk/fRTYhetueAb60umblMSJ0wTeVc5ckXQ9l140EmC','pengurus','087788788030',NULL,1,'vnQSWPu48TVB1xsJDOnqclLSFIHBMTcr3bqPPlOE2NQpNn7297P6EEsBRRsm','2025-12-24 00:05:58','2026-01-07 07:00:52'),(559,'Citrawati','citrawati@kopkarskf.com',NULL,'$2y$12$31SQ09CFymukZfGAfo4ZjebkkOAYNRwhCfzEPfJKMKXdNowE043J6','pengurus','082111924427',NULL,1,'vEVZHQR3Hxo7fHp3Yf9vynabNuppdJwUh4DDlbBwNGmiI6LJIBmn6EyyErjD','2025-12-24 00:05:58','2026-01-07 07:01:02'),(560,'Isna Ningsih','isnaningsih@kopkarskf.com',NULL,'$2y$12$ALGNNiy0SH4BfHo4oL4UDeyBsmdTXj7HH2RK0M4.WCN0Z5lsSMnke','member','082297694066',NULL,1,NULL,'2025-12-24 00:05:59','2025-12-24 00:05:59'),(561,'Rosadi','rosadi@kopkarskf.com',NULL,'$2y$12$Vx2q.QXs3rpAFaEhZnByCu.151O9WOan5OoFy5vH15wTlbA0Rm20y','pengurus','081292623472',NULL,1,'wwAx4s9g8Hd1moiQD8ZhQetl80AFrvL99DjL5vW0Diz0sPqRYBzdZ5tzQbnC','2025-12-24 00:05:59','2026-01-07 07:01:17'),(562,'Eddwin Rinaldy','eddwinrinaldy@kopkarskf.com',NULL,'$2y$12$Ebi9j4njnSv.dpx6/9/FceqknHWSx3t4cVoFNztoTJswcpBWMUniq','member','082233316789',NULL,1,NULL,'2025-12-24 00:05:59','2025-12-24 00:05:59'),(563,'Deni Novianto','deninovianto@kopkarskf.com',NULL,'$2y$12$CJlyp/cMtuLHmyKDns9Mfu43xTJG03KHtMfIjbqVFgxegAYl1GXem','member','082210547254',NULL,1,NULL,'2025-12-24 00:06:00','2025-12-24 00:06:00'),(564,'Ollyvianti Permata Maryanto','ollyviantipermatamaryanto@kopkarskf.com',NULL,'$2y$12$Ng/0hccb7QQdLR3hSOo5ju8/34wS9S.nOIBptKtVTqxzEsb6W9eFu','member','085645363789',NULL,1,NULL,'2025-12-24 00:06:00','2025-12-24 00:06:00'),(565,'Didik Yanuari','didikyanuari@kopkarskf.com',NULL,'$2y$12$l7wI6G5u1Tpn9g594fJBqeBKCaFRVlDUGCmSMj/H3SZMuSjfv2s0C','member','081916562585',NULL,1,NULL,'2025-12-24 00:06:01','2025-12-24 00:06:01'),(567,'Daniel Tarigan','danieltarigan@kopkarskf.com',NULL,'$2y$12$isEFCJh4wZPYAWX4W5jltehB1Z5R9QD2YwUdL/ZbGjKbNT4IGAzra','member','081297716339',NULL,1,NULL,'2025-12-24 00:06:01','2025-12-24 00:06:01'),(569,'Harto Budi','hartobudi@kopkarskf.com',NULL,'$2y$12$0oWfW.OlW9oEFdXSWo9Jt.L8vwJKijNiDIKyPQTTHi7qutOPagZfG','member','081284208232',NULL,1,NULL,'2025-12-24 00:06:02','2025-12-24 00:06:02'),(570,'Edy Suharno','edysuharno@kopkarskf.com',NULL,'$2y$12$ZFV0pvejAlBu3AoxL836JuV2seBRSw.zXqN/22etxXXoBBV7pP29y','member','085718621708',NULL,1,NULL,'2025-12-24 00:06:02','2025-12-24 00:06:02'),(571,'Dadang Iskandar','dadangiskandar@kopkarskf.com',NULL,'$2y$12$jXoc3HZsu3XJ3WdSJiRCA.L3Z90B/twL2m23MVESHyP/.CJMaTeC6','member','085287373188',NULL,1,NULL,'2025-12-24 00:06:03','2025-12-24 00:06:03'),(572,'Endang Suhendar','endangsuhendar@kopkarskf.com',NULL,'$2y$12$6119Bdatc1fauFgg3HEghuwtdVyQEtr8DvltV1Tdh8GG2yvc7lIcC','member','087812039908',NULL,1,NULL,'2025-12-24 00:06:03','2025-12-24 00:06:03'),(573,'Tarko','tarko@kopkarskf.com',NULL,'$2y$12$LF5/g5mTwpw.UxJGa.JuK.1oBRUW2hgTqye6CLElxzbt54D/jN6YO','member','081219659288',NULL,1,NULL,'2025-12-24 00:06:03','2025-12-24 00:06:03'),(574,'Masroni','masroni@kopkarskf.com',NULL,'$2y$12$pHfh25t0jsbMOS/MkMtDN.KJYJTF.eV7IIAkDhRCQRMAnf9oQ2bEu','member','081515650630',NULL,1,NULL,'2025-12-24 00:06:04','2025-12-24 00:06:04'),(575,'Situsin','situsin@kopkarskf.com',NULL,'$2y$12$LJsOjZlveJCoX3jQrUqOderB3k71WD5eFOo5s22zwfthfrFWgWAR6','member','085280283931',NULL,1,NULL,'2025-12-24 00:06:04','2025-12-24 00:06:04'),(576,'Sugeng Ismail','sugengismail@kopkarskf.com',NULL,'$2y$12$AZOZwazaMGEb9OJXzb8CF.LDnrkfPw6RT2PE3lmFPZWHtDX4WJQue','member','082213335798',NULL,1,NULL,'2025-12-24 00:06:04','2025-12-24 00:06:04'),(577,'Syarif Hidayatulloh','syarifhidayatulloh@kopkarskf.com',NULL,'$2y$12$nw34rdOv3DUj0Uy8z8dJ9.6bl4U0OvMJTfJCGTkfb5lo3VLN0bBSi','member','081313134665',NULL,1,NULL,'2025-12-24 00:06:05','2025-12-24 00:06:05'),(578,'Purwadi','purwadi@kopkarskf.com',NULL,'$2y$12$oEzhD3HgMIAV9pl3z0Xx1Onj5GqCmpSAi9rrwD655AqRkkVWdBo9q','member','083899450160',NULL,1,NULL,'2025-12-24 00:06:05','2025-12-24 00:06:05'),(579,'Wakhyu Hendrik Subekti','wakhyuhendriksubekti@kopkarskf.com',NULL,'$2y$12$wv5vMwQvMV4r88CIy273MeYRKmyDzmKGM3Ie241OexloD2UnhEgd.','member','081389240275',NULL,1,NULL,'2025-12-24 00:06:06','2025-12-24 00:06:06'),(580,'Triyono','triyono@kopkarskf.com',NULL,'$2y$12$ENR9ww59e.qB9DegulyMMe5SE7hp9ko9ZErTx4Gk7jwbsH8UZJxwa','member','081398178015',NULL,1,NULL,'2025-12-24 00:06:06','2025-12-24 00:06:06'),(581,'Kurniawan','kurniawan@kopkarskf.com',NULL,'$2y$12$VGiPpmMg7r24JQnl7BG7kuXMrTy007K6YXg2.tJIvWpYVH5JICshG','member','081234567890',NULL,1,NULL,'2025-12-24 00:06:06','2026-01-10 03:09:18'),(582,'Firyono','firyono@kopkarskf.com',NULL,'$2y$12$T2hE.jEr.xPQ/BNSqydD/.JZBxrtIgVun7iclfUTprzfioQJ7n91W','member','081380182117',NULL,1,NULL,'2025-12-24 00:06:07','2025-12-24 00:06:07'),(583,'Krisnanto','krisnanto@kopkarskf.com',NULL,'$2y$12$C12xT8oqwOwrpESKEkRu1egwwgPl4kMNH7/P7WukLvfIq90TGX736','member','08128131780',NULL,1,NULL,'2025-12-24 00:06:07','2025-12-24 00:06:07'),(584,'Edi Supriadi','edisupriadi@kopkarskf.com',NULL,'$2y$12$6xqoqTmJJrNvac9ly3564.UYt9mHreH6tEBwtR/ewjBb5bs9unpRm','member','087784748959',NULL,1,NULL,'2025-12-24 00:06:07','2025-12-24 00:06:07'),(585,'Mulyono ','mulyono@kopkarskf.com',NULL,'$2y$12$BBIlTQgpoF0Dxsi5Tavc2.2pb7f5GBfHKhtDA4O.Sg7WrlhORInmK','member','081383934601',NULL,1,NULL,'2025-12-24 00:06:08','2025-12-24 00:06:08'),(586,'Nasoka','nasoka@kopkarskf.com',NULL,'$2y$12$6U59/GZo6Duy3HXJEKR70.ZeYkDo1Ar2rnxvm8iMPVpVUGbogYjfG','member','082258521615',NULL,1,NULL,'2025-12-24 00:06:08','2025-12-24 00:06:08'),(587,'Marsudi','marsudi@kopkarskf.com',NULL,'$2y$12$uiTCCvrwsGw2XNFL4AM5t.KzEC6sFroJJMZy35MOx95FYD9PWtIYq','member','081219784135',NULL,1,NULL,'2025-12-24 00:06:09','2025-12-24 00:06:09'),(588,'Enjah Ahmad Jaelani','enjahahmadjaelani@kopkarskf.com',NULL,'$2y$12$6CxrVSPVNB64B98QjiD4KudLRZXu7MVmonx7FD8vULo95o.U9C9mq','member','081234567890',NULL,1,NULL,'2025-12-24 00:06:09','2026-01-10 03:09:18'),(589,'Suharman','suharman@kopkarskf.com',NULL,'$2y$12$B92Jqy53vTn4GmazJJQyqOOKcmUd3v56xA.rZRP4vtevoiSxQJpOW','member','081211672897',NULL,1,NULL,'2025-12-24 00:06:09','2025-12-24 00:06:09'),(590,'Purnomo Setya Irawan','purnomosetyairawan@kopkarskf.com',NULL,'$2y$12$GaoqzcHJw/N3rlh15.uAyewa6qi0V08.jFGXACWyYJiYEYCAywhaK','member','081388442133',NULL,1,NULL,'2025-12-24 00:06:10','2025-12-24 00:06:10'),(591,'Andika Mandala Putra','andikamandalaputra@kopkarskf.com',NULL,'$2y$12$KPQdHNErcyQ2rg3KTSZqh.frnVTg3nZQlnP1uBI4ZR.wF7M6IeNCO','member','083807735670',NULL,1,NULL,'2025-12-24 00:06:10','2025-12-24 00:06:10'),(592,'Sukendar','sukendar@kopkarskf.com',NULL,'$2y$12$AwOzrPfx80eYRsnmOPlB9uPhSpbomchK/WLmuMPT2YwZNcbeoMrpu','member','081234567890',NULL,1,NULL,'2025-12-24 00:06:11','2026-01-10 03:09:18'),(593,'Iwan Setiawan','iwansetiawan@kopkarskf.com',NULL,'$2y$12$jHfTmelDADy6qjF1jTagPeMchCQrBeJfvU7DiguR32/X.Cl2kbVcW','member','081234567890',NULL,1,NULL,'2025-12-24 00:06:11','2026-01-10 03:09:18'),(594,'Iwan Setyawan','iwansetyawan@kopkarskf.com',NULL,'$2y$12$zNzfcHFdbcp4AzTT2XcIwe6.OeFl7ugVmgZJwonUTBY3rzZ08.hEi','member','085310865411',NULL,1,NULL,'2025-12-24 00:06:11','2025-12-24 00:06:11'),(595,'Heti','heti@kopkarskf.com',NULL,'$2y$12$jO2EI8bQd23fTPcX.syso.Pf8WPoU0XAU3MnU3LcFHc3GTiqDWdm.','member','081288131845',NULL,1,NULL,'2025-12-24 00:06:12','2025-12-24 00:06:12'),(596,'Elis Siti Aisah','elissitiaisah@kopkarskf.com',NULL,'$2y$12$PQ77mAzxeTEG3kH2dE7WOuUaDtSy.WyzdSDnNX4peyVMnKxE8lyBe','member','082297131908',NULL,1,NULL,'2025-12-24 00:06:12','2025-12-24 00:06:12'),(597,'R Wiguno Indra Idris Putra','rwigunoindraidrisputra@kopkarskf.com',NULL,'$2y$12$khhHj//Lha4oxOEERiemouo/hG74dshsegBfuy8x4qdrpd07YN6ES','member','085717362774',NULL,1,NULL,'2025-12-24 00:06:12','2025-12-24 00:06:12'),(598,'Tria Hardian','triahardian@kopkarskf.com',NULL,'$2y$12$EHijtGgKGi23X/DRLGgkculuoCUl3FZc9XzufT2v.iG4TAul1FFOK','member','08111114315',NULL,1,NULL,'2025-12-24 00:06:13','2025-12-24 00:06:13'),(599,'Achmad Roni','achmadroni@kopkarskf.com',NULL,'$2y$12$NkX.nA1PFa2HgAosyC.oEOgMQ4lKfaXdGuW/DP2GvNIk2OO/PbYwO','member','087804469086',NULL,1,NULL,'2025-12-24 00:06:13','2025-12-24 00:06:13'),(600,'Erik','erik@kopkarskf.com',NULL,'$2y$12$AuFKr83S82sdtMCG7VkX/O5yo0RS2p9NMGrrtvR85iBe0.kqbZlUS','member','08119549108',NULL,1,NULL,'2025-12-24 00:06:14','2025-12-24 00:06:14'),(601,'Irwan Rafiansyah','irwanrafiansyah@kopkarskf.com',NULL,'$2y$12$UuVhI18D/ouESqjkq6OVYeIttT1gV3gfM2GevhvNh6mNeGgT/6sKa','member','081229087104',NULL,1,NULL,'2025-12-24 00:06:14','2025-12-24 00:06:14'),(602,'Rizep Maulida','rizepmaulida@kopkarskf.com',NULL,'$2y$12$T7p4aTHnrKl/5DCTMwv8Se0yYtjz/ehiETMXpkYktLxTHY52XCQy.','member','081280440838',NULL,1,NULL,'2025-12-24 00:06:14','2025-12-24 00:06:14'),(604,'Yukriyanto','yukriyanto@kopkarskf.com',NULL,'$2y$12$ITR591XWtY6b5yax34RXfeWlXAo8bwJf.dIgTBCwb8eynBwrE2SJa','member','087839975524',NULL,1,NULL,'2025-12-24 00:06:15','2025-12-24 00:06:15'),(605,'Rio Esa Putera','rioesaputera@kopkarskf.com',NULL,'$2y$12$TBTV3tZP36O.o0M38AgrMe3btUutDvGUwA6/BTkA2LWaRVjcqfaJm','member','082116508997',NULL,1,NULL,'2025-12-24 00:06:16','2025-12-24 00:06:16'),(606,'Redha Andhita Dharma','redhaandhitadharma@kopkarskf.com',NULL,'$2y$12$UUSOtvS3CSFm0J44HdfzluMF5D8YT5udcBEAM8MCvQohWy4bHnDOi','member','085891269121',NULL,1,NULL,'2025-12-24 00:06:16','2025-12-24 00:06:16'),(607,'Endri Agung Susilo','endriagungsusilo@kopkarskf.com',NULL,'$2y$12$NreoRsIpUgk3h508WvdYbOkoxnPWJGzuW67hqZZTNPaQzBJNxNVjm','member','081386803414',NULL,1,NULL,'2025-12-24 00:06:16','2025-12-24 00:06:16'),(608,'Aris Hadi Rismanto','arishadirismanto@kopkarskf.com',NULL,'$2y$12$mZeQoTExPDaMoF4.R/67MOrxEzPFsXRly8MJcwmFzH5rxI1tIjvw.','member','082114376648',NULL,1,NULL,'2025-12-24 00:06:17','2025-12-24 00:06:17'),(609,'Muhammad Nabawi','muhammadnabawi@kopkarskf.com',NULL,'$2y$12$oxXGRUNKsPbs695/HgeCWurrKwDhs7TJKydUxZsLGXxyeLPjztxmm','member','081316241512',NULL,1,NULL,'2025-12-24 00:06:17','2025-12-24 00:06:17'),(610,'Hamdani Salim Rahayu','hamdanisalimrahayu@kopkarskf.com',NULL,'$2y$12$W3H6lKJOuncaFEfpTN5SwePN6c0kF50oHTIONqndO8MBLF2o1txTW','member','081280909418',NULL,1,NULL,'2025-12-24 00:06:18','2025-12-24 00:06:18'),(611,'Haep Nurefendi','haepnurefendi@kopkarskf.com',NULL,'$2y$12$JWX222PdJAVc97CcS7T3YenWOvuDAuyujXpOIclW2k/ql0p9KXG0O','member','081323423962',NULL,1,NULL,'2025-12-24 00:06:18','2025-12-24 00:06:18'),(612,'Ajie Bramantyo Aldan','ajiebramantyoaldan@kopkarskf.com',NULL,'$2y$12$plW5zF3MfKxYVdKJmDaNiuTFJ2ZmtLcRCO04qwLFd.VI9O8QM0/DK','member','081282228271',NULL,1,NULL,'2025-12-24 00:06:19','2025-12-24 00:06:19'),(613,'Carsim','carsim@kopkarskf.com',NULL,'$2y$12$BcM4ThXjiz/VwBj2phbJNeY32jB7VM/J.jQnx.F0i4cr68hH5m8HC','member','081281149154',NULL,1,NULL,'2025-12-24 00:06:19','2025-12-24 00:06:19'),(614,'Ajat Sudrajat','ajatsudrajat@kopkarskf.com',NULL,'$2y$12$EOfMxcaK48TGslIpAjogheBreTEx.e8EXcRjwTUyMSjq1bpVpnDhi','member','082311730837',NULL,1,NULL,'2025-12-24 00:06:20','2025-12-24 00:06:20'),(615,'Ahmad Budaeri','ahmadbudaeri@kopkarskf.com',NULL,'$2y$12$W0VT4kJ/DDAXu2MSwGMyS.VsXdwT6.vF2Yu3iu6CBWiNGdPS4CyCa','member','089604924948',NULL,1,NULL,'2025-12-24 00:06:20','2025-12-24 00:06:20'),(616,'Edi Sunaryanto','edisunaryanto@kopkarskf.com',NULL,'$2y$12$X9NrB/YeazwPcYlk6nEm1uA/ibOhgw7aDcl7B0BpA0A73S3nXZY9e','member','087879126082',NULL,1,NULL,'2025-12-24 00:06:20','2025-12-24 00:06:20'),(617,'Sarno','sarno@kopkarskf.com',NULL,'$2y$12$btKLs2/rfzuNvfrqQaQuJ.t6Snqm.CR0gRDpffrPMw59ABDuVv5fK','member','081234567890',NULL,1,NULL,'2025-12-24 00:06:21','2026-01-10 03:09:18'),(618,'Saudi','saudi@kopkarskf.com',NULL,'$2y$12$LODrWwZVeXwDogrXorGMZ.Vn3z4YVzyOLwdkDzW5wEQy/TGONHcxS','member','081311756278',NULL,1,NULL,'2025-12-24 00:06:21','2025-12-24 00:06:21'),(619,'Dang Joko Prayitno','dangjokoprayitno@kopkarskf.com',NULL,'$2y$12$H/8XR9DhhoNO6iRFyAIWNesddoqa3NUOzs6cGkID5M.oVzpG6M3pO','member','081388437611',NULL,1,NULL,'2025-12-24 00:06:22','2025-12-24 00:06:22'),(620,'Sudirman','sudirman@kopkarskf.com',NULL,'$2y$12$ngMfZ99v04aOJVseDhqSj.cV.46IzcPXfGpUk.UOnNoPBMREwyLtS','member','082122451909',NULL,1,NULL,'2025-12-24 00:06:22','2025-12-24 00:06:22'),(621,'Sulendra','sulendra@kopkarskf.com',NULL,'$2y$12$ygA34AL4qY1YoKw.0FjnV.0Jz0N0VpezWATssovVkoQeBUh/T/p1S','member','088223864703',NULL,1,NULL,'2025-12-24 00:06:22','2025-12-24 00:06:22'),(622,'Anton Wahyudi','antonwahyudi@kopkarskf.com',NULL,'$2y$12$vcvS2HRtvFVZc6HhK3R5wOzE/re1bebXgkrwUTJZO6NeE4VZ5/61i','member','082246826907',NULL,1,NULL,'2025-12-24 00:06:23','2025-12-24 00:06:23'),(623,'Widodo hasto','widodohasto@kopkarskf.com',NULL,'$2y$12$mT0UuSiVdztm9TlTTggpBeJ7cNoF60RCCvEGqdZtNZlJ0iAziUDDG','member','081234567890',NULL,1,NULL,'2025-12-24 00:06:23','2026-01-10 03:09:18'),(624,'Sahlani','sahlani@kopkarskf.com',NULL,'$2y$12$UnzI8EF6w7ziily1S1OvAueFPani9Nx2EXNH2.bGQ9TSVFvWgHGOW','member','082295337795',NULL,1,NULL,'2025-12-24 00:06:24','2025-12-24 00:06:24'),(625,'Dwi Susilo','dwisusilo@kopkarskf.com',NULL,'$2y$12$gX1G7SGxnVAhSvb2Ncj8E.G.Lra73z753m3MGPWPDJQ1VnNH6LjF6','member','082110922921',NULL,1,NULL,'2025-12-24 00:06:24','2025-12-24 00:06:24'),(626,'Adji Suprapto','adjisuprapto@kopkarskf.com',NULL,'$2y$12$RKwFvEOU/LgZvFiR7Q8Vqu44c/iJgdXqLnsGRFpRu/G/A2ddhVRYq','member','082258572136',NULL,1,NULL,'2025-12-24 00:06:24','2025-12-24 00:06:24'),(627,'Panca Perdana','pancaperdana@kopkarskf.com',NULL,'$2y$12$n/nfW0BQoGoHYQBolxhJtOji8Dgmnb2L8tY6YndzCKKP29PXqOIA6','member','082297966024',NULL,1,NULL,'2025-12-24 00:06:25','2025-12-24 00:06:25'),(628,'Syamsul Falah Bin Uding','syamsulfalahbinuding@kopkarskf.com',NULL,'$2y$12$rMLMIpMrk8tBVwVv0/kTruUmkwQC86gzxZ0mvPlNGSa4ROEVXCw.C','member','081389722671',NULL,1,NULL,'2025-12-24 00:06:25','2025-12-24 00:06:25'),(629,'Agus Zatnika','aguszatnika@kopkarskf.com',NULL,'$2y$12$jr/Rnfw5Atw8e9tEGT5A7e/HUaNUjZCnm7MzxHQSpF.jNPM05vPzq','pengurus','082258648677',NULL,1,NULL,'2025-12-24 00:06:26','2026-01-07 07:01:51'),(630,'Husni Mabrur','husnimabrur@kopkarskf.com',NULL,'$2y$12$PsUowxZbW8ZeJ2z06WFkNuA2ymrnz78SlmHfm0.ORAoIwHrYAIF.y','member','081280770930',NULL,1,NULL,'2025-12-24 00:06:26','2025-12-24 00:06:26'),(631,'Yudi Sudiana','yudisudiana@kopkarskf.com',NULL,'$2y$12$ntKx.qg7qt2G65wT8zxnDOe0yPFBgAKWJoXy3sHtQg/COwqIEgZTi','member','083814118760',NULL,1,NULL,'2025-12-24 00:06:26','2025-12-24 00:06:26'),(632,'Saripudin','saripudin@kopkarskf.com',NULL,'$2y$12$k/sQRZV5uwU7spOd9na3u.kBUW.sxhgAsNwLs82jK9M1Mlc/q.jLu','member','081234567890',NULL,1,NULL,'2025-12-24 00:06:27','2026-01-10 03:09:18'),(633,'Aming Muhidin','amingmuhidin@kopkarskf.com',NULL,'$2y$12$YWWRz5C5kIEz8VyxAdqLx.rNopkH2QuAU8Fn.pd1q6Iw.SL8AmWoq','member','081289552933',NULL,1,NULL,'2025-12-24 00:06:27','2025-12-24 00:06:27'),(634,'Ade Hermansyah','adehermansyah@kopkarskf.com',NULL,'$2y$12$QmgHqkiN77U29KTCTXquhuLHqw22zyPt/dmF/YG3nOAA5pE7T0X2C','member','081234567890',NULL,1,NULL,'2025-12-24 00:06:28','2026-01-10 03:09:18'),(635,'Ahmad Mulyana','ahmadmulyana@kopkarskf.com',NULL,'$2y$12$IbLkIajlqAX535k1nWZLt.t3Sq2OASb.IsAztpuSMqxUC4HbqthZa','member','081382005098',NULL,1,NULL,'2025-12-24 00:06:28','2025-12-24 00:06:28'),(636,'Rudi Kurniawan','rudikurniawan@kopkarskf.com',NULL,'$2y$12$buSlY44IuLxFmYPcg4pZYeiIm/QEwUSgWrfbzOE0u7o1kALf/cxpi','member','081210719021',NULL,1,NULL,'2025-12-24 00:06:28','2025-12-24 00:06:28'),(637,'Eko Purnomo','ekopurnomo@kopkarskf.com',NULL,'$2y$12$U1yLO6jng5l44ypm7n8oYuUdpXvNv2xAq5ihtgn6WkzcGAmfwLaHi','member','083815312400',NULL,1,NULL,'2025-12-24 00:06:29','2025-12-24 00:06:29'),(638,'Muhammad Vandes','muhammadvandes@kopkarskf.com',NULL,'$2y$12$9goyaO1gYH8r/v/NMehMN.L12fCsdhgUfdPMaWPwJWBWu/OcDtb22','member','082261207788',NULL,1,NULL,'2025-12-24 00:06:29','2025-12-24 00:06:29'),(639,'Rudi Untoro','rudiuntoro@kopkarskf.com',NULL,'$2y$12$RkXT8Tg6akarM0aLrbAl2.f2F3DI0V/H1i3Lt8baKJzYKp38yqIzK','member','081383370857',NULL,1,NULL,'2025-12-24 00:06:30','2025-12-24 00:06:30'),(640,'Wira Satriaji','wirasatriaji@kopkarskf.com',NULL,'$2y$12$VsiRJOQnOuWgS5LwHZ75Q.81UFx9QtpwRc3OgLHseaTRS/.NTXtHq','member','081219736870',NULL,1,NULL,'2025-12-24 00:06:30','2025-12-24 00:06:30'),(641,'Tri Sutikno','trisutikno@kopkarskf.com',NULL,'$2y$12$POuqTcgR/1CvtpDZz3Owl.kBf9bzLyV9YJtUsKboWhxZPmF1A8kpa','member','081234567890',NULL,1,NULL,'2025-12-24 00:06:31','2026-01-10 03:09:18'),(642,'Ahmad Caryana','ahmadcaryana@kopkarskf.com',NULL,'$2y$12$2iycY8zDFKLvlyw3gVtWHeCfvfbTDkp2yah4j8SQUGP8k6L5bANfW','member','081381283747',NULL,1,NULL,'2025-12-24 00:06:31','2025-12-24 00:06:31'),(643,'Eko Yulianto','ekoyulianto@kopkarskf.com',NULL,'$2y$12$XqFEeF.oZZ/JDaz.SkqkneTUQNgrCNWYgKjqxrLNziyJEMUxqtRoe','member','085842197930',NULL,1,NULL,'2025-12-24 00:06:31','2025-12-24 00:06:31'),(644,'Turkhamun','turkhamun@kopkarskf.com',NULL,'$2y$12$h9NTdT7niIwAF7gwMyAavOY4PCkQmGC48xpRalXFtqkXgf26Og77G','member','081234567890',NULL,1,NULL,'2025-12-24 00:06:32','2026-01-10 03:09:18'),(645,'Ambar Wahyudi','ambarwahyudi@kopkarskf.com',NULL,'$2y$12$/cmyq5jl4RMac3oH2lJ6LOLEb1Xgr/eXTQgHClOk5XYCrnkdAIkXW','member','085747904983',NULL,1,NULL,'2025-12-24 00:06:32','2025-12-24 00:06:32'),(646,'Sri Widiyanto','sriwidiyanto@kopkarskf.com',NULL,'$2y$12$zrDrtFA6s5InoK45Dl14De5MJv9PGZFzCjSMvd8plUwtZV76wqrfa','member','081316516976',NULL,1,NULL,'2025-12-24 00:06:33','2025-12-24 00:06:33'),(647,'Fatkhul Muin','fatkhulmuin@kopkarskf.com',NULL,'$2y$12$hY4.ADOLMGdIRQP0v1TFWuj7yfs0gEdGLJHcVOSHYnFpPGYhcs9nm','member','087741540053',NULL,1,NULL,'2025-12-24 00:06:33','2025-12-24 00:06:33'),(648,'Kholid Ma\'rup','kholidma\'rup@kopkarskf.com',NULL,'$2y$12$N.yuL.2eIg7Cndd/Ao2T5u8eRvOfMigtCxkyctxBRdxtFzB3KAFZC','member','083893648276',NULL,1,NULL,'2025-12-24 00:06:33','2025-12-24 00:06:33'),(649,'Harry Prabu Setyo','harryprabusetyo@kopkarskf.com',NULL,'$2y$12$.RmAvYArxv7TLiGuuxj35ueB.u5S91KPjV0uH.9sBaLwgyF32vyr.','member','085214517742',NULL,1,NULL,'2025-12-24 00:06:34','2025-12-24 00:06:34'),(650,'Parlan','parlan@kopkarskf.com',NULL,'$2y$12$znBS6jxKtsOxM7mwgn2vSunJcY2WUdA14i4AcllWg61agiS.LQ3GW','member','081317597203',NULL,1,NULL,'2025-12-24 00:06:34','2025-12-24 00:06:34'),(651,'Rian Diyanto','riandiyanto@kopkarskf.com',NULL,'$2y$12$VFSPFnlkKnuS8WdjIfG3d.6qK/x.ULbBpRbRFQgGfa8FLLEKGuOY.','member','087728883775',NULL,1,NULL,'2025-12-24 00:06:35','2025-12-24 00:06:35'),(652,'Rusdia Hamid','rusdiahamid@kopkarskf.com',NULL,'$2y$12$A/Xt2pPlQ8l0Mz.LaMJ4jee1kWvZvyPZfZcy1vw1tO1VeEzauamRK','member','085695215351',NULL,1,NULL,'2025-12-24 00:06:35','2025-12-24 00:06:35'),(653,'Miftah','miftah@kopkarskf.com',NULL,'$2y$12$38Zf6uWhh1Sn4ls/vS.PMu31W5CUGaJ40cHemjiW0wJE2KTcIalcu','member','082120233022',NULL,1,NULL,'2025-12-24 00:06:35','2025-12-24 00:06:35'),(654,'Eko Nugroho','ekonugroho@kopkarskf.com',NULL,'$2y$12$LHCPPBR9umI6KqGXdECA1OmUpkO99/F7eNWI.gHvPe/HLF4zsHvvy','member','082123914831',NULL,1,NULL,'2025-12-24 00:06:36','2025-12-24 00:06:36'),(655,'Sulistiani','sulistiani@kopkarskf.com',NULL,'$2y$12$AB6HbCmjfwSNqhY5QXkWlu4JZth3zXon30eF1xA364P.7CLgeqYOi','member','admin@koperasi.com',NULL,1,NULL,'2025-12-24 00:06:36','2025-12-24 03:34:21'),(656,'Alexander Arianto Rimba','alexanderariantorimba@kopkarskf.com',NULL,'$2y$12$SgEMd6fZx0RquDcnvEh.aOy3A2IgDjPHTNkG1xZPlYR3Uko/WUnui','member','081234567890',NULL,1,NULL,'2025-12-24 00:06:37','2026-01-10 03:09:18'),(657,'Ahmad Jalaludin','ahmadjalaludin@kopkarskf.com',NULL,'$2y$12$KTy07OKzP7iw6lUTfd0i5.mIxUizGHXRKDXqDtJF4MM/HlJ3lEo8e','member','081234567890',NULL,1,NULL,'2025-12-24 00:06:37','2026-01-10 03:09:18'),(658,'Santi Tri Handayani','santitrihandayani@kopkarskf.com',NULL,'$2y$12$RORwUdtHRCGd4ECRzXUTUem7gfcosRCUiimEc4w8prluSuC8R5eF.','member','081234567890',NULL,1,NULL,'2025-12-24 00:06:37','2026-01-10 03:09:18'),(659,'Asep Mulyana','asepmulyana@kopkarskf.com',NULL,'$2y$12$CNxj3rwyZaAwG91tZ7t2IuguKjVkR7xnKH/C8hoRBxLpo0TL5UluO','member','081234567890',NULL,1,NULL,'2025-12-24 00:06:38','2026-01-10 03:09:18'),(660,'Suparyono','suparyono@kopkarskf.com',NULL,'$2y$12$stqT6pNs9ZWe16PSyozYNe5fu2BmxhmZudLIp0HnAiY8PwkBn2d42','member','081234567890',NULL,1,NULL,'2025-12-24 00:06:38','2026-01-10 03:09:18');
/*!40000 ALTER TABLE `users` ENABLE KEYS */;
UNLOCK TABLES;

--
-- Table structure for table `vouchers`
--

DROP TABLE IF EXISTS `vouchers`;
/*!40101 SET @saved_cs_client     = @@character_set_client */;
/*!50503 SET character_set_client = utf8mb4 */;
CREATE TABLE `vouchers` (
  `id` bigint unsigned NOT NULL AUTO_INCREMENT,
  `code` varchar(255) CHARACTER SET utf8mb4 COLLATE utf8mb4_unicode_ci NOT NULL,
  `type` enum('fixed','percentage') CHARACTER SET utf8mb4 COLLATE utf8mb4_unicode_ci NOT NULL DEFAULT 'fixed',
  `value` decimal(15,2) NOT NULL,
  `min_purchase` decimal(15,2) NOT NULL DEFAULT '0.00',
  `usage_limit` int DEFAULT NULL,
  `used_count` int NOT NULL DEFAULT '0',
  `start_date` datetime DEFAULT NULL,
  `end_date` datetime DEFAULT NULL,
  `is_active` tinyint(1) NOT NULL DEFAULT '1',
  `created_at` timestamp NULL DEFAULT NULL,
  `updated_at` timestamp NULL DEFAULT NULL,
  PRIMARY KEY (`id`),
  UNIQUE KEY `vouchers_code_unique` (`code`)
) ENGINE=InnoDB AUTO_INCREMENT=11 DEFAULT CHARSET=utf8mb4 COLLATE=utf8mb4_unicode_ci;
/*!40101 SET character_set_client = @saved_cs_client */;

--
-- Dumping data for table `vouchers`
--

LOCK TABLES `vouchers` WRITE;
/*!40000 ALTER TABLE `vouchers` DISABLE KEYS */;
INSERT INTO `vouchers` VALUES (1,'WELCOME10','percentage',10.00,50000.00,100,2,'2025-12-02 01:33:34','2026-03-23 01:33:34',1,'2025-12-22 18:33:34','2025-12-22 18:33:34'),(2,'DISKON20K','fixed',20000.00,100000.00,50,2,'2025-12-15 01:33:34','2026-02-21 01:33:34',1,'2025-12-22 18:33:34','2025-12-22 18:33:34'),(3,'MEMBER15','percentage',15.00,75000.00,NULL,8,'2025-12-23 01:33:34','2026-04-22 01:33:34',1,'2025-12-22 18:33:34','2025-12-22 18:33:34'),(4,'HEMAT25K','fixed',25000.00,150000.00,30,6,'2025-12-11 01:33:34','2026-02-06 01:33:34',1,'2025-12-22 18:33:34','2025-12-22 18:33:34'),(5,'PROMO5','percentage',5.00,25000.00,200,5,'2025-12-02 01:33:34','2026-01-22 01:33:34',1,'2025-12-22 18:33:34','2025-12-22 18:33:34'),(6,'SPESIAL50K','fixed',50000.00,300000.00,20,7,'2025-12-21 01:33:34','2026-02-21 01:33:34',1,'2025-12-22 18:33:34','2025-12-22 18:33:34'),(7,'FLASH30','percentage',30.00,200000.00,10,2,'2025-12-05 01:33:34','2025-12-30 01:33:34',1,'2025-12-22 18:33:34','2025-12-22 18:33:34'),(8,'BELANJA10K','fixed',10000.00,50000.00,100,4,'2025-11-25 01:33:34','2026-03-23 01:33:34',1,'2025-12-22 18:33:34','2025-12-22 18:33:34'),(9,'AKHIRTAHUN','percentage',25.00,100000.00,50,10,'2025-12-13 01:33:34','2026-01-06 01:33:34',1,'2025-12-22 18:33:34','2025-12-22 18:33:34'),(10,'GRATISONGKIR','fixed',15000.00,75000.00,NULL,10,'2025-12-11 01:33:34','2026-02-21 01:33:34',1,'2025-12-22 18:33:34','2025-12-22 18:33:34');
/*!40000 ALTER TABLE `vouchers` ENABLE KEYS */;
UNLOCK TABLES;

--
-- Table structure for table `withdrawal_requests`
--

DROP TABLE IF EXISTS `withdrawal_requests`;
/*!40101 SET @saved_cs_client     = @@character_set_client */;
/*!50503 SET character_set_client = utf8mb4 */;
CREATE TABLE `withdrawal_requests` (
  `id` bigint unsigned NOT NULL AUTO_INCREMENT,
  `member_id` bigint unsigned NOT NULL,
  `amount` decimal(15,2) NOT NULL,
  `saving_type` varchar(255) CHARACTER SET utf8mb4 COLLATE utf8mb4_unicode_ci NOT NULL DEFAULT 'sukarela',
  `bank_name` varchar(255) CHARACTER SET utf8mb4 COLLATE utf8mb4_unicode_ci DEFAULT NULL,
  `bank_account_number` varchar(255) CHARACTER SET utf8mb4 COLLATE utf8mb4_unicode_ci DEFAULT NULL,
  `bank_account_name` varchar(255) CHARACTER SET utf8mb4 COLLATE utf8mb4_unicode_ci DEFAULT NULL,
  `status` enum('pending','approved','rejected','completed') CHARACTER SET utf8mb4 COLLATE utf8mb4_unicode_ci NOT NULL DEFAULT 'pending',
  `reason` text CHARACTER SET utf8mb4 COLLATE utf8mb4_unicode_ci,
  `admin_notes` text CHARACTER SET utf8mb4 COLLATE utf8mb4_unicode_ci,
  `approved_by` bigint unsigned DEFAULT NULL,
  `approved_at` timestamp NULL DEFAULT NULL,
  `completed_at` timestamp NULL DEFAULT NULL,
  `created_at` timestamp NULL DEFAULT NULL,
  `updated_at` timestamp NULL DEFAULT NULL,
  PRIMARY KEY (`id`),
  KEY `withdrawal_requests_member_id_foreign` (`member_id`),
  KEY `withdrawal_requests_approved_by_foreign` (`approved_by`),
  CONSTRAINT `withdrawal_requests_approved_by_foreign` FOREIGN KEY (`approved_by`) REFERENCES `users` (`id`) ON DELETE SET NULL,
  CONSTRAINT `withdrawal_requests_member_id_foreign` FOREIGN KEY (`member_id`) REFERENCES `members` (`id`) ON DELETE CASCADE
) ENGINE=InnoDB DEFAULT CHARSET=utf8mb4 COLLATE=utf8mb4_unicode_ci;
/*!40101 SET character_set_client = @saved_cs_client */;

--
-- Dumping data for table `withdrawal_requests`
--

LOCK TABLES `withdrawal_requests` WRITE;
/*!40000 ALTER TABLE `withdrawal_requests` DISABLE KEYS */;
/*!40000 ALTER TABLE `withdrawal_requests` ENABLE KEYS */;
UNLOCK TABLES;

--
-- Table structure for table `work_programs`
--

DROP TABLE IF EXISTS `work_programs`;
/*!40101 SET @saved_cs_client     = @@character_set_client */;
/*!50503 SET character_set_client = utf8mb4 */;
CREATE TABLE `work_programs` (
  `id` bigint unsigned NOT NULL AUTO_INCREMENT,
  `title` varchar(255) CHARACTER SET utf8mb4 COLLATE utf8mb4_unicode_ci NOT NULL,
  `description` text CHARACTER SET utf8mb4 COLLATE utf8mb4_unicode_ci,
  `icon` varchar(255) CHARACTER SET utf8mb4 COLLATE utf8mb4_unicode_ci DEFAULT NULL,
  `color` varchar(255) CHARACTER SET utf8mb4 COLLATE utf8mb4_unicode_ci NOT NULL DEFAULT 'blue',
  `order` int NOT NULL DEFAULT '0',
  `created_at` timestamp NULL DEFAULT NULL,
  `updated_at` timestamp NULL DEFAULT NULL,
  PRIMARY KEY (`id`)
) ENGINE=InnoDB DEFAULT CHARSET=utf8mb4 COLLATE=utf8mb4_unicode_ci;
/*!40101 SET character_set_client = @saved_cs_client */;

--
-- Dumping data for table `work_programs`
--

LOCK TABLES `work_programs` WRITE;
/*!40000 ALTER TABLE `work_programs` DISABLE KEYS */;
/*!40000 ALTER TABLE `work_programs` ENABLE KEYS */;
UNLOCK TABLES;
/*!40103 SET TIME_ZONE=@OLD_TIME_ZONE */;

/*!40101 SET SQL_MODE=@OLD_SQL_MODE */;
/*!40014 SET FOREIGN_KEY_CHECKS=@OLD_FOREIGN_KEY_CHECKS */;
/*!40014 SET UNIQUE_CHECKS=@OLD_UNIQUE_CHECKS */;
/*!40101 SET CHARACTER_SET_CLIENT=@OLD_CHARACTER_SET_CLIENT */;
/*!40101 SET CHARACTER_SET_RESULTS=@OLD_CHARACTER_SET_RESULTS */;
/*!40101 SET COLLATION_CONNECTION=@OLD_COLLATION_CONNECTION */;
/*!40111 SET SQL_NOTES=@OLD_SQL_NOTES */;

-- Dump completed on 2026-01-18 11:47:36
